catalyst_id,grade_kind,signal_kind
25816,event,
23076,structural,
25801,noise,
24489,event,event
25783,event,
25781,noise,
24500,event,
24499,event,
25776,noise,
25769,event,
25762,event,
25759,sentiment,
24497,noise,
25755,noise,
25749,noise,
25747,event,
25740,event,
25735,noise,
27592,noise,
24522,noise,
25728,noise,
25726,event,
25725,event,
25038,noise,
24521,noise,
25721,noise,
24526,noise,
24525,noise,
25719,event,
25703,event,
25359,event,
25700,event,
25697,event,
24535,event,
24534,event,
24533,noise,
25685,event,
25682,noise,
25678,event,
25672,noise,
25664,noise,
25662,event,
25242,event,
24541,noise,
23754,event,
25655,event,
24549,event,
25648,event,
25647,event,
25239,event,
25039,sentiment,sentiment
25643,event,
25357,noise,
25635,event,
25633,noise,
25627,event,
25615,event,
25613,event,
23210,sentiment,
25604,event,
23171,noise,
23161,noise,
23150,event,
23147,noise,
23133,event,
23116,event,
23114,event,
23106,event,
23099,noise,
23095,event,
23094,noise,
23079,event,
25601,noise,
23240,event,
23239,sentiment,
28425,event,
28424,event,
23288,noise,
25591,noise,
24562,event,
25590,event,
25589,event,
23295,event,
25588,noise,
23303,noise,
25290,event,
24577,event,
26823,event,
23330,event,
25052,noise,
25061,event,
26835,event,event|event|event|event|event|event|event|event|event|event|event
23346,noise,
24592,event,
24599,event,
26833,event,
26841,noise,
26840,event,
25372,event,
25244,noise,
24608,noise,
24614,noise,
28423,event,
28438,event,
28437,event,
28445,event,
25063,event,
24647,noise,
25080,noise,
25497,noise,
25267,event,
25904,event,
26928,noise,
25499,event,
23524,noise,
23522,noise,
23521,noise,
27334,event,
28450,event,
23506,noise,
23490,structural,structural|structural|structural|structural|structural|structural|structural|structural|structural|structural|structural|structural|structural|structural|structural|structural|structural|structural|structural|structural|structural
23489,event,
23488,event,
23471,noise,
23377,noise,
23378,noise,
23339,noise,
23328,event,
23327,event,
23298,noise,
23292,event,
23291,noise,
23575,event,
25240,event,
23571,event,
26935,event,
26933,sentiment,sentiment
27774,noise,
27773,noise,
27333,event,
23585,noise,
26936,event,
27069,event,
26943,noise,
26949,event,
27320,event,
25108,noise,
23628,event,event
23612,event,
23611,noise,
23605,event,
23578,noise,
23584,event,
23573,event,
23572,event,
23570,noise,
25110,event,
24707,noise,
23688,event,
24709,event,
23723,noise,
26964,event,event|event|event|event|event|event|event|event|event|event|event
23714,sentiment,
23713,event,
23725,event,
26961,event,
24729,event,
23738,noise,
26982,event,
25281,event,
27297,event,
26989,event,
27284,event,
27282,noise,
23781,noise,
23780,event,
25127,event,
23779,noise,
25129,event,
27254,event,
23813,event,
27252,event,
27008,noise,
27006,noise,
27013,noise,
23789,noise,
23788,noise,
27250,event,event|event|event|event|event|event|event|event|event|event|event|event|event|event|event|event|event|event|event|event|event|event|event|event|event|event|event
27023,noise,
27018,event,
27017,event,
27249,event,
27030,noise,
23842,event,
25297,noise,
27038,event,
27247,noise,
28511,noise,
23861,noise,
24769,event,
23888,noise,
25460,sentiment,
27211,event,
25961,event,
25504,event,
25498,noise,
25495,event,event|event|event|event|event|event|event|event|event|event|event|event|event|event|event|event|event|event|event|event|event
25490,event,
25477,event,
25475,event,
25436,sentiment,
25434,noise,
25402,event,
25401,event,
25399,event,
25397,event,
25396,event,
25394,event,
25393,event,event
25392,event,
25384,noise,
25379,noise,
25378,event,
25377,event,
25376,noise,
25375,event,
25374,noise,
25371,event,
25351,event,
25350,event,
25330,event,
25325,event,
25312,noise,
25309,event,
25308,event,
25307,sentiment,
25299,event,
25298,sentiment,
25294,noise,
25292,event,
25291,event,
25286,event,
25283,event,
25282,event,
25264,event,
25237,event,
25238,event,
25230,event,
25228,event,
25226,event,
25197,event,
25186,noise,
25184,event,
25183,event,
25170,event,
25169,event,
25166,event,
25163,event,
25149,event,
25144,noise,
25143,sentiment,
25141,noise,
25138,sentiment,
25130,event,
25113,noise,
25112,noise,
25109,event,
25099,event,
25083,noise,
25095,noise,
25094,noise,
25078,structural,
25066,event,
25064,event,
25051,event,
25040,sentiment,sentiment
25037,noise,
25010,noise,
24996,event,
24995,event,event
24969,noise,
24968,event,
24964,event,event|event|event|event|event|event|event|event|event|event|event|event|event|event|event|event|event|event|event|event|event|event|event|event|event|event|event|event|event|event|event|event
24963,event,
24962,event,
24960,event,
24958,noise,
24918,event,
24943,event,
24920,event,
24919,event,
24905,event,
24903,noise,
24878,event,
24876,event,
24875,event,
24837,noise,
24828,noise,
24827,noise,
24825,event,
24824,noise,
24803,event,
24801,event,
24799,event,event
24787,event,
24775,event,
24547,noise,
24774,event,
24773,noise,
24763,event,
24762,event,
24760,sentiment,
24758,event,
24757,event,
24756,event,
24755,event,
24708,event,
24696,event,
24695,event,
24694,event,
24676,noise,
24661,event,
24659,noise,
24646,noise,
24644,noise,
24637,event,
24636,event,
24624,noise,
24623,event,
24613,event,
24612,event,
24610,noise,
24609,noise,
24607,event,
24598,event,
24596,event,
24595,noise,
24591,event,
28503,noise,
24589,event,
24588,event,
24583,event,
24572,event,
24571,event,
24567,event,
24565,event,
24556,event,
24555,event,
24546,event,event|event|event|event|event|event|event|event|event|event|event|event
24529,event,
24518,event,
24517,noise,
24510,event,
24508,noise,
24504,event,
24501,event,
24498,event,
24495,noise,
24493,sentiment,
24492,noise,
24486,event,
24476,event,
24475,event,
24468,event,
24474,event,
24472,event,
24471,event,
24467,event,
24466,event,
24465,event,
24464,event,
24463,event,
25587,event,
25586,noise,
25599,event,
25605,event,
25623,noise,
25610,noise,
25638,event,
27786,event,
25625,event,
25622,noise,
25658,event,
25656,event,
25673,noise,
25679,noise,
28519,noise,
25693,noise,
25707,noise,
25712,noise,
27169,noise,
27168,noise,
25732,event,
25731,event,
27137,event,
27136,noise,
25773,event,
25771,noise,
27578,event,event|event|event|event|event|event|event|event|event|event|event
25787,sentiment,
27170,event,
27166,noise,
28502,event,
25791,sentiment,
25790,event,
25800,sentiment,
27139,noise,
27173,noise,
27135,event,
25799,event,
27124,noise,
27576,noise,
27194,event,
27196,event,event|event|event|event|event|event|event|event|event|event|event
27575,event,
25932,event,
27213,event,
2308,event,event|event
2851,event,event|event
321,noise,
663,sentiment,sentiment|sentiment
664,sentiment,sentiment|sentiment
770,sentiment,
873,sentiment,sentiment|sentiment
876,sentiment,sentiment|sentiment
885,sentiment,sentiment|sentiment
3299,event,
1842,sentiment,
4182,event,event|event|event|event|event|event|event|event|event|event|event|event|event|event|event|event|event|event|event|event|event|event
7374,sentiment,sentiment|sentiment
6844,event,
6843,event,
6460,event,
7922,noise,
9192,event,event|event|event|event|event|event|event|event|event|event|event|event|event|event|event|event|event|event|event|event|event|event
9577,noise,
9279,event,event|event|event|event|event|event|event|event|event|event|event
10670,noise,
14579,event,event|event|event|event|event|event|event|event|event|event|event|event|event|event|event|event|event|event|event|event|event|event
12299,noise,
12067,noise,
12467,sentiment,sentiment
18038,event,event
14578,event,event|event|event|event|event|event|event|event|event|event|event|event|event|event|event|event|event|event|event|event|event|event
28457,noise,
17878,event,event
17403,event,
17015,structural,structural|structural|structural|structural|structural|structural|structural|structural|structural|structural|structural|structural|structural|structural|structural|structural|structural|structural|structural|structural|structural
21177,noise,
22429,event,
22947,noise,
25353,sentiment,
25978,noise,
25976,event,
25995,noise,
25993,event,
25975,event,event|event|event|event|event|event|event|event|event|event
25994,event,
27802,event,
26005,noise,
27027,noise,
26012,event,
26011,sentiment,
26003,event,
27026,event,event|event|event|event|event|event|event|event|event|event|event|event|event|event|event|event|event|event|event|event|event|event|event|event|event
27024,event,
27014,event,
27011,noise,
27010,event,
27009,noise,
26299,event,
27004,noise,
27001,event,
26999,noise,
26998,noise,
26993,event,
26990,sentiment,
26988,event,
26986,noise,
26981,noise,
26980,event,
26977,noise,
26976,noise,
26975,event,event|event|event|event|event|event|event|event|event|event|event|event
26068,event,
26968,event,
26963,event,event|event|event|event|event|event|event|event|event|event
28166,event,
26962,noise,
27801,noise,
26957,event,
26954,event,
26953,event,
27695,noise,
26951,event,
26948,event,
27694,noise,
26092,event,
26111,event,
26932,noise,
26112,event,
27711,event,
26102,structural,
26930,event,
26929,event,
26927,event,
26926,event,
26924,event,
26923,noise,
26919,noise,
26914,event,
26906,event,
26905,event,
26904,event,event|event|event|event|event|event|event|event|event|event|event|event|event|event|event|event|event|event|event
26903,event,
26900,event,
26142,sentiment,sentiment|sentiment
26897,event,
26883,event,
26148,noise,
26869,noise,
26868,event,event
26850,event,
28202,noise,
28201,noise,
26849,event,
26847,event,
26846,noise,
28382,structural,
28584,noise,
26834,event,event
26828,event,
26822,event,
26246,noise,
26355,noise,
26354,event,
26258,event,
27394,noise,
27849,event,
27482,event,
27393,event,
26273,event,
27409,event,
26287,event,
26286,event,
26285,event,
27500,noise,
27503,event,
27502,event,
26390,event,
26352,noise,
27427,noise,
26364,noise,
28748,noise,
26375,event,
27425,event,
27450,noise,
27449,noise,
27448,noise,
28375,event,
28452,event,
26421,noise,
26420,event,
27445,event,
26418,noise,
26417,event,
26437,event,
26436,event,
26435,noise,
26494,event,
27601,event,
26464,event,event|event|event|event|event|event|event|event|event|event|event
26461,event,
26510,event,
27535,event,
26507,sentiment,
27537,event,
26540,event,event
26532,noise,
27483,noise,
26531,event,event|event|event|event|event|event|event|event|event|event|event
27538,event,
26539,event,event|event|event|event|event|event|event|event|event|event
26527,event,event|event|event|event|event|event|event|event|event|event|event|event|event|event|event|event|event|event|event|event|event|event
27675,event,
27622,structural,
27638,sentiment,
27637,event,
27660,noise,
27674,noise,
27679,event,event|event|event|event|event|event|event|event|event|event|event|event
27732,event,
27729,event,
27777,event,
27775,event,
27772,sentiment,
27870,event,
27927,event,
27996,event,
27995,event,
27991,event,
28119,event,
28118,event,
28113,event,
28164,event,
28230,event,
28266,event,
28265,sentiment,
28279,event,
28276,noise,
28262,noise,
28261,event,
28260,event,
28241,noise,
28239,sentiment,
28237,event,
28231,event,
28228,event,
28227,sentiment,sentiment
28218,noise,
28213,noise,
28200,event,
28195,event,
28181,event,
28144,event,
28143,event,
28085,noise,
28084,structural,
28082,event,
28081,event,
28079,event,
28069,event,
28067,noise,
28064,event,
28063,noise,
28062,event,
27891,noise,
28050,event,
28049,event,
28031,event,
28042,noise,
28041,event,
28032,noise,
28004,event,
27990,event,
27988,event,
27987,noise,
27973,event,
27972,event,
27967,event,
27950,event,
27948,event,
27947,event,
27946,event,
27945,event,
27943,noise,
27941,event,
27940,event,
27938,noise,
27911,noise,
27910,event,
27909,noise,
27905,noise,
27904,event,
27903,event,
27893,event,
27887,noise,
27876,event,event|event|event|event|event|event|event|event|event|event|event
27873,noise,
27872,noise,
27856,event,
27850,noise,
27828,noise,
27826,event,
27812,event,
27811,event,
27806,noise,
27805,event,
27804,noise,
27803,event,
27800,event,
27709,noise,
27790,event,
27789,event,
27771,event,
27749,noise,
27748,event,
27747,event,
27745,structural,
27744,noise,
27743,event,
27741,noise,
27731,event,
27697,event,
27677,event,
27662,event,
27657,event,
27643,noise,
27641,noise,
27621,event,
27597,event,
27596,event,
27595,event,event|event|event|event|event|event|event|event|event|event|event
27590,event,
27589,event,
27577,event,
27574,event,
27573,event,
27572,event,
27536,event,
27524,event,
27521,noise,
27473,event,
27471,event,
27470,event,
27431,event,
27428,event,
27426,event,event|event|event|event|event|event|event|event|event|event
27424,event,
27410,event,
27408,event,
27407,noise,
27395,event,
27392,noise,
28353,noise,
28372,event,
28373,event,event|event|event|event|event|event|event|event|event|event|event
28371,noise,
28370,event,
28367,noise,
28366,noise,
28379,event,
28377,noise,
28376,event,
28394,noise,
28393,noise,
28392,event,
28415,sentiment,
28411,event,
28430,noise,
28429,noise,
28439,noise,
28433,noise,
28432,event,
28435,event,
28444,event,
28442,noise,
28455,event,
28472,noise,
28461,event,event|event|event|event|event|event|event|event|event|event|event|event|event|event|event|event
28462,event,
28458,event,
28456,event,event
28471,event,
28470,event,event|event|event|event|event|event|event|event|event|event|event|event|event|event|event|event
28469,event,
28481,event,
28480,event,
28479,event,
28478,event,
28477,event,
28505,event,event|event|event|event|event|event|event|event|event|event|event
28501,event,
28500,event,
28510,noise,
28509,noise,
28508,noise,
28507,noise,
28515,event,
28525,event,
28524,noise,
28527,event,
28531,event,
28536,event,
28535,event,
28555,noise,
28754,noise,
28566,event,
28564,noise,
28582,event,
28596,noise,
28594,noise,
28605,event,
28667,noise,
28706,event,
28638,noise,
28633,event,
28631,event,
28666,event,
28665,event,
28663,noise,
28705,noise,
28704,event,event|event
28682,noise,
28681,event,
28720,noise,
28719,event,
28753,event,
28752,event,
28770,event,
4692,structural,
4691,structural,structural|structural|structural
2969,noise,
2146,structural,
2145,structural,
2654,structural,
2144,noise,
2143,noise,
1877,noise,
2565,noise,
2659,noise,
5228,event,
3534,noise,
4720,noise,
2556,noise,
2555,structural,
4684,sentiment,
2664,event,event
2569,noise,
2173,event,
2977,noise,
2567,structural,
2177,noise,
4719,structural,
5420,event,
2182,structural,
2973,noise,
2581,structural,
2580,noise,
2579,structural,
2980,event,
4530,noise,
3689,noise,
3474,structural,
2570,structural,
3420,noise,
3476,structural,structural
2584,event,event
2986,structural,
2589,noise,
2214,event,event
2685,event,event
4195,sentiment,
2588,noise,
2587,event,
2989,structural,
3706,structural,
2988,noise,
3477,noise,
4194,event,
4193,structural,
2985,structural,
2692,event,event
2595,noise,
2594,event,event
2593,noise,
4192,noise,
2689,event,event|event|event|event|event|event|event|event|event|event|event
2597,event,event
2596,event,
2694,event,event|event|event|event|event|event|event|event|event|event|event
2693,structural,structural|structural|structural|structural|structural|structural|structural|structural|structural|structural|structural
4787,structural,
2604,event,event
2603,noise,
4393,noise,
3531,event,
3490,event,
2263,noise,
2706,structural,structural|structural|structural
2705,event,event
2708,event,event
5419,structural,
5417,sentiment,
3481,noise,
2608,noise,
2607,noise,
2606,event,event|event
3711,event,event|event
2714,event,event
5000,noise,
2713,noise,
3001,event,
2615,noise,
3417,noise,
8052,sentiment,
2628,event,
3713,event,event|event
2627,structural,
2633,event,event|event|event|event|event|event|event|event|event|event|event
2632,structural,
2631,structural,structural|structural|structural|structural|structural|structural|structural|structural|structural|structural|structural|structural|structural|structural|structural|structural|structural|structural|structural|structural|structural|structural
8050,noise,
2720,structural,
4432,noise,
4563,event,
2718,structural,
2704,event,
2702,noise,
134,sentiment,
135,sentiment,
137,sentiment,
2699,structural,
2698,event,
2696,structural,
140,sentiment,
3524,noise,
2643,sentiment,
2642,noise,
142,noise,
145,noise,
146,sentiment,
2691,structural,
2123,noise,
150,sentiment,sentiment
151,noise,
2690,noise,
153,sentiment,sentiment|sentiment
2688,event,event|event|event|event|event|event|event|event|event|event
156,noise,
157,noise,
158,noise,
160,sentiment,
2681,noise,
2648,noise,
2647,noise,
2676,event,event|event|event|event
170,noise,
172,structural,
174,sentiment,
2652,event,
178,noise,
2651,event,event
2645,structural,structural|structural
2644,noise,
2641,event,event|event|event|event|event|event|event|event|event|event|event|event|event|event|event|event|event|event|event|event
2640,noise,
2637,noise,
2636,structural,
180,sentiment,sentiment|sentiment
183,noise,
184,sentiment,sentiment
185,noise,
186,noise,
187,structural,
188,sentiment,
189,sentiment,
190,noise,
2635,noise,
2630,structural,structural|structural|structural|structural|structural|structural|structural|structural|structural|structural|structural
2629,noise,
191,sentiment,
194,structural,
197,sentiment,
199,sentiment,
200,sentiment,
201,event,
202,sentiment,
2668,noise,
2666,structural,
2660,structural,
147,noise,
1006,noise,
5274,sentiment,
204,sentiment,
4226,event,
208,sentiment,sentiment|sentiment|sentiment
209,sentiment,sentiment|sentiment|sentiment
212,noise,
213,structural,
3509,structural,
214,event,event|event|event|event|event|event|event|event|event|event|event|event
4220,noise,
4219,noise,
216,noise,
217,event,event|event|event|event|event|event|event|event|event|event|event
2731,noise,
220,sentiment,
221,noise,
2730,structural,
2728,structural,structural|structural|structural|structural|structural|structural|structural|structural|structural|structural|structural
2226,noise,
222,noise,
224,sentiment,
226,event,
227,event,
231,sentiment,
232,sentiment,sentiment|sentiment
234,sentiment,
235,sentiment,
237,sentiment,sentiment
238,sentiment,
239,event,
240,structural,
241,structural,
1534,noise,
243,sentiment,
246,noise,
247,noise,
3513,noise,
3021,event,event
254,noise,
257,sentiment,sentiment|sentiment
268,sentiment,sentiment|sentiment
269,sentiment,
270,noise,
271,noise,
273,structural,
276,sentiment,sentiment|sentiment
277,sentiment,sentiment|sentiment
278,event,
2736,structural,
6856,sentiment,
282,sentiment,
283,event,event|event|event|event|event|event|event|event|event|event|event
284,sentiment,sentiment|sentiment|sentiment
3022,structural,
6194,noise,
2739,structural,
3520,structural,
5273,sentiment,
5272,sentiment,
2738,noise,
3519,noise,
6428,sentiment,
287,sentiment,
290,sentiment,sentiment|sentiment
4736,noise,
3432,structural,
4445,noise,
3034,noise,
3735,event,
3734,event,
3525,event,event|event|event|event|event|event|event|event|event|event|event
2750,noise,
2749,structural,
2747,noise,
4434,event,
2624,structural,structural|structural|structural|structural|structural|structural|structural|structural|structural|structural
2621,structural,structural
2620,event,event
2618,noise,
2617,structural,
2616,event,event|event
2613,structural,
2611,event,
4227,structural,
3036,structural,structural|structural|structural|structural|structural|structural|structural|structural|structural|structural|structural
3035,noise,
4496,event,
3521,event,
2610,event,
2609,event,
2583,noise,
2578,event,
291,sentiment,
2576,structural,
2575,event,event|event
2573,event,
4778,structural,
2572,event,
1857,sentiment,sentiment
292,noise,
293,sentiment,sentiment
295,noise,
297,sentiment,
5522,sentiment,
5264,event,
3517,structural,
2753,noise,
2752,structural,
2751,structural,
3040,event,event|event|event|event|event|event|event|event|event|event|event|event
2548,noise,
3533,structural,structural|structural|structural|structural|structural|structural|structural|structural|structural|structural|structural
2763,noise,
4774,noise,
2547,noise,
2546,structural,
2545,structural,
4082,noise,
20795,noise,
2771,structural,
2770,structural,
2544,event,event|event|event|event|event|event|event|event|event|event|event|event|event|event|event|event|event|event|event|event|event|event|event
2534,structural,
2528,noise,
1817,sentiment,sentiment
2527,noise,
4493,event,
3046,noise,
1811,sentiment,sentiment
1715,structural,
2523,noise,
2522,structural,
2520,structural,structural
2519,structural,
2518,event,event
2516,noise,
2508,structural,
4492,event,event
2779,structural,
6869,noise,
3536,event,event|event|event|event|event|event|event|event|event|event|event|event|event|event|event|event|event|event|event|event|event|event
6868,sentiment,sentiment
2502,event,
636,sentiment,sentiment
2501,event,event|event
2498,noise,
2495,structural,structural
3054,noise,
4755,event,event
3544,noise,
2328,noise,
5131,structural,
2494,noise,
2487,structural,
2484,event,event|event|event
2483,event,
2481,noise,
2471,event,event|event|event
4491,event,event
2469,noise,
4567,noise,
2468,event,event
2467,noise,
2465,noise,
2464,noise,
2463,structural,structural|structural
3549,noise,
2462,structural,
2458,noise,
2791,noise,
2454,event,
2453,event,
3994,noise,
5263,sentiment,
3058,noise,
2795,noise,
2793,noise,
2452,noise,
2451,event,
2449,noise,
2448,noise,
2447,event,event|event
3064,noise,
2445,noise,
2444,event,
2443,event,event
2438,noise,
2365,noise,
2436,structural,
4490,noise,
3065,noise,
3063,structural,
2433,noise,
2432,structural,
2423,noise,
2422,noise,
2419,noise,
2417,event,
2415,noise,
2414,noise,
2411,structural,
5519,structural,
2806,noise,
2805,structural,
3067,event,event|event
2804,noise,
2405,event,
2400,noise,
2398,noise,
2394,noise,
2392,noise,
2391,noise,
2388,event,
5517,noise,
7914,sentiment,
3075,noise,
4660,noise,
2809,noise,
2385,structural,structural
2384,noise,
2383,structural,structural|structural|structural|structural|structural|structural|structural|structural|structural
2381,event,
2380,structural,
2403,structural,
2402,structural,
4157,noise,
2812,noise,
20792,event,
3077,noise,
4658,event,
2401,event,event
2409,noise,
5516,sentiment,
2377,structural,
2375,noise,
2374,event,event
2814,event,event
2416,noise,
2373,structural,structural
2372,structural,
2370,noise,
2369,noise,
2427,noise,
2426,event,
2366,structural,
2363,structural,
1539,sentiment,
3515,noise,
2816,noise,
3080,noise,
5513,structural,
5512,structural,
2820,noise,
2413,noise,
2412,noise,
2817,noise,
2435,noise,
2362,structural,structural|structural|structural|structural|structural|structural|structural|structural|structural|structural|structural
2361,noise,
2360,event,event|event|event|event|event|event|event|event|event|event|event
3078,noise,
2358,event,
2357,noise,
2355,structural,structural
1502,sentiment,
3071,noise,
3070,noise,
3069,structural,
3062,event,
3061,noise,
3059,noise,
3057,structural,
2428,noise,
2354,structural,structural|structural|structural|structural|structural|structural|structural|structural|structural|structural|structural|structural|structural
2351,structural,
2350,structural,
2349,structural,
2346,event,event|event|event|event|event|event|event|event|event|event|event|event
2343,noise,
2460,structural,
3056,noise,
2341,structural,
2339,event,event|event
2338,noise,
2337,structural,
3050,noise,
3044,noise,
2828,event,event|event
2826,noise,
3042,noise,
3039,structural,
2834,structural,structural
2832,noise,
3037,event,event|event|event|event|event|event|event|event|event|event|event|event
2333,structural,structural
2330,event,event|event|event
2476,event,event
2475,noise,
2474,event,event
2472,event,
397,sentiment,
2830,noise,
3031,noise,
2327,structural,structural
2325,structural,
2836,event,event
2478,noise,
2835,noise,
2323,structural,
2489,noise,
3029,structural,
2840,structural,structural|structural|structural
3026,noise,
3025,noise,
2838,noise,
3024,noise,
3020,noise,
21351,event,
2480,noise,
2317,noise,
2315,noise,
2314,noise,
2312,noise,
2311,event,event|event
3014,structural,structural|structural|structural
301,sentiment,
3013,structural,structural|structural
3009,event,event
2497,noise,
2305,event,event|event
2304,structural,
3421,noise,
2302,noise,
2301,structural,structural|structural
2299,noise,
2297,noise,
2841,noise,
3005,noise,
3004,noise,
2511,structural,structural|structural|structural
2510,structural,
2295,structural,
2293,event,
2292,noise,
2290,noise,
2521,structural,structural
4478,noise,
2289,event,event|event
2286,structural,
193,sentiment,
2849,noise,
3000,noise,
2999,noise,
2525,noise,
2997,event,event
2852,structural,structural|structural
2531,noise,
2285,structural,
2284,event,event
2992,noise,
256,sentiment,sentiment|sentiment
2991,noise,
2987,structural,
2855,noise,
182,sentiment,
2539,noise,
2283,noise,
2282,noise,
2279,structural,
302,sentiment,
2853,structural,
2982,noise,
2979,structural,
2536,event,event|event|event|event|event|event|event|event|event|event|event|event|event|event|event|event|event|event|event|event|event
2277,structural,
2276,noise,
2275,event,event|event
2274,event,event
1275,sentiment,
2265,noise,
2262,event,
2260,noise,
2259,structural,
2258,event,event|event
2257,structural,
2254,noise,
2253,noise,
2252,noise,
2251,noise,
2250,event,event|event
2249,structural,
349,event,event|event|event|event|event|event|event|event|event
2248,structural,structural|structural|structural
2976,event,
2247,noise,
2246,noise,
2242,noise,
2241,noise,
2239,structural,
2236,structural,
2235,event,
2234,noise,
2233,structural,
2231,noise,
2230,structural,
2551,event,event
2229,sentiment,sentiment|sentiment
2972,event,
2968,event,
2863,noise,
2553,event,event|event|event|event|event|event|event|event|event|event|event
2552,event,event|event|event|event|event|event|event|event|event|event|event|event|event|event|event|event|event|event|event|event|event|event|event
2227,structural,structural|structural
3562,structural,
2225,structural,
2222,structural,structural
2221,event,
2219,sentiment,
2217,event,
2218,event,event
2213,noise,
2210,event,
2209,event,event|event
2206,noise,
127,noise,
4477,noise,
2204,structural,structural|structural
2197,event,
2195,noise,
12585,noise,
4655,event,event
308,sentiment,sentiment
2189,noise,
2186,noise,
2181,event,event|event
2179,event,
2178,noise,
2176,event,event
2172,noise,
2171,noise,
2170,noise,
2169,structural,
5924,event,
2168,event,event
2166,structural,
2165,event,
2162,structural,
2155,noise,
2154,structural,
263,sentiment,
2149,noise,
2147,event,
2141,event,
2140,noise,
311,noise,
312,noise,
313,noise,
2136,event,
2135,event,event|event|event|event|event|event|event|event|event|event|event
2134,noise,
2133,structural,
2132,noise,
2131,structural,
2130,structural,
2126,noise,
2124,structural,structural|structural|structural|structural|structural|structural|structural|structural|structural|structural|structural|structural
2121,event,event
2120,noise,
2118,event,event
2117,noise,
2116,structural,
2115,event,
2112,structural,
2111,noise,
2109,noise,
2110,noise,
7776,sentiment,
4769,event,
2865,noise,
3090,noise,
4767,structural,
5508,sentiment,
5505,structural,
2875,noise,
2876,noise,
2871,structural,
3587,structural,structural|structural|structural
3512,noise,
2874,event,
2872,event,
2869,structural,
3508,noise,
2868,noise,
2856,event,
2854,event,event
2846,noise,
2844,structural,structural
2843,noise,
2833,noise,
2831,structural,structural
2827,noise,
2825,noise,
2824,noise,
2823,noise,
2819,structural,
2808,noise,
2802,event,event|event
2801,structural,
2800,structural,
2799,noise,
2798,noise,
2797,noise,
2792,event,event
2789,noise,
2787,event,event|event
2778,structural,
2773,event,
2772,noise,
2769,noise,
2768,noise,
2765,noise,
3507,structural,
2760,event,event
2759,noise,
2758,noise,
2757,event,event|event
2756,structural,
2754,structural,
2748,structural,
2735,structural,structural
2734,structural,
3506,event,
3505,event,event
5503,sentiment,
3504,sentiment,
3108,event,event|event|event
2889,noise,
3110,event,
5500,structural,
5499,structural,
4762,noise,
3117,event,event
3112,structural,
3111,noise,
4676,structural,
2900,structural,
3120,noise,
3119,noise,
2903,structural,structural|structural|structural|structural|structural|structural|structural|structural
2904,structural,
4786,noise,
541,noise,
2912,noise,
4289,noise,
1769,structural,structural|structural|structural|structural|structural|structural|structural|structural|structural|structural
2914,noise,
3602,event,event|event
3503,event,
5040,sentiment,
3130,event,event|event|event|event|event|event|event|event|event|event|event
3127,noise,
2918,noise,
4761,noise,
3133,noise,
3132,structural,
4292,event,
3813,event,event
3131,structural,
3128,noise,
3129,noise,
2926,noise,
3138,noise,
3502,structural,
7765,structural,
5495,noise,
2932,structural,
3134,event,event|event|event|event|event|event|event|event|event|event|event
2940,event,
4791,noise,
3608,structural,structural
3500,noise,
5389,structural,structural|structural|structural|structural|structural|structural|structural|structural|structural|structural|structural
4652,noise,
4651,noise,
2937,event,
2936,structural,
4291,structural,
4527,event,
3144,noise,
2943,structural,structural|structural
20307,noise,
3618,sentiment,sentiment|sentiment
3499,noise,
3498,noise,
3497,event,event
3150,structural,
4305,noise,
20791,event,
3828,noise,
3612,noise,
3611,structural,structural
4301,sentiment,sentiment
4300,event,
4299,noise,
4580,noise,
5493,structural,
3159,event,
3819,noise,
4308,structural,structural|structural|structural
4718,event,
3493,noise,
2963,structural,structural|structural|structural|structural|structural|structural|structural|structural|structural|structural|structural|structural|structural|structural|structural|structural|structural|structural|structural|structural|structural|structural
4758,noise,
2962,structural,
2950,event,event
2949,event,
2948,structural,
2935,event,
2927,noise,
2908,noise,
4526,event,
2902,event,event
2895,event,event
5490,sentiment,
4804,event,
4706,structural,
3831,structural,structural|structural|structural
2881,structural,structural|structural|structural|structural|structural|structural|structural|structural|structural|structural
2877,noise,
3170,sentiment,
3637,noise,
3492,noise,
3491,structural,
4810,noise,
4705,event,
3171,sentiment,
4704,noise,
4323,structural,
3648,noise,
3488,event,event|event
4703,event,
6907,noise,
3480,noise,
3323,noise,
3325,structural,
3324,event,event
4756,event,event
4019,noise,
3845,noise,
3844,noise,
3843,structural,
6911,sentiment,
20306,sentiment,
3478,structural,
3475,noise,
3473,structural,structural
3472,noise,
4335,structural,
3213,noise,
3285,sentiment,
3284,structural,
3283,sentiment,
3282,structural,
3280,sentiment,
3279,noise,
3278,sentiment,
3274,sentiment,sentiment
3272,sentiment,
3228,sentiment,
3227,sentiment,sentiment
4027,noise,
3268,sentiment,
3267,sentiment,
3266,sentiment,
3263,structural,
3262,sentiment,
3261,event,
3255,structural,
3254,sentiment,sentiment
5485,noise,
3252,structural,
3251,sentiment,
3245,noise,
3244,sentiment,
3243,sentiment,
3242,event,
3237,sentiment,
3235,event,
3234,sentiment,sentiment|sentiment
3233,sentiment,
3232,sentiment,
3229,sentiment,sentiment
3226,structural,structural|structural
3224,sentiment,
3223,sentiment,
3222,sentiment,sentiment
3221,sentiment,
3220,structural,structural|structural
3219,structural,structural
3218,structural,
3217,sentiment,
3216,sentiment,
3215,structural,
3214,sentiment,
3212,structural,
3211,structural,
3209,sentiment,
3208,sentiment,
3207,sentiment,
3471,structural,
3206,structural,
3203,sentiment,
3202,structural,
3201,structural,
3199,sentiment,sentiment|sentiment
4327,structural,
5340,sentiment,
3198,noise,
3197,sentiment,
3196,noise,
3193,structural,
3192,event,
3257,sentiment,
4029,noise,
3861,structural,
3191,sentiment,
3190,sentiment,
3189,noise,
3188,event,
3187,sentiment,
3186,sentiment,
3184,sentiment,
3183,structural,
4476,event,
3179,sentiment,
3178,sentiment,
3177,sentiment,
3176,structural,
3175,sentiment,
3281,sentiment,
3173,sentiment,
3168,structural,
3470,noise,
3165,sentiment,
3164,sentiment,
3161,sentiment,
3160,noise,
4353,noise,
4589,noise,
6925,event,
4826,noise,
3331,structural,
4336,event,
4591,structural,
4391,structural,
5479,event,event|event|event|event|event|event|event|event|event|event|event
4358,structural,
4356,structural,
3347,noise,
3346,event,event|event
3466,noise,
4594,event,event
4839,noise,
5476,structural,
3883,event,event|event|event|event|event|event|event|event|event|event|event|event|event|event|event|event|event|event|event
3355,noise,
3357,noise,
3356,event,event
4843,event,
5053,noise,
4751,noise,
4750,structural,
4376,structural,
4375,structural,
4749,noise,
3365,noise,
4523,structural,
4380,event,
4379,event,
4374,event,
4378,event,
4373,structural,
4371,structural,
4367,noise,
4366,structural,
4365,noise,
4351,structural,
4350,noise,
4349,event,
4348,noise,
4038,event,
4347,structural,
4344,structural,
4342,structural,
4341,structural,
4748,event,
4339,structural,
4330,noise,
3902,noise,
4329,structural,
4321,structural,
4043,event,
4042,noise,
4318,event,
4317,noise,
4314,structural,structural
4309,structural,
3924,structural,structural
4304,event,
4303,noise,
4297,structural,
4296,structural,structural
3937,noise,
3936,noise,
4293,event,event
4288,event,
4287,noise,
4286,structural,structural
4285,event,
4382,structural,
3464,noise,
3463,event,
3462,structural,
3945,noise,
4282,noise,
4274,event,
4273,structural,structural
4272,structural,structural
4271,noise,
4270,sentiment,
3657,noise,
3655,noise,
4269,event,
4268,noise,
4267,noise,
4266,structural,
4265,noise,
3156,event,
3155,structural,
3154,event,event|event
3153,noise,
3152,noise,
3149,event,event|event|event|event|event|event|event|event|event|event|event|event|event
3148,structural,structural|structural|structural|structural|structural|structural|structural|structural|structural|structural|structural
3147,sentiment,
3146,structural,structural|structural|structural|structural|structural|structural|structural|structural|structural|structural|structural
3142,structural,
3141,event,event|event|event|event|event|event|event|event|event|event|event
3139,structural,
3137,noise,
3136,noise,
3135,noise,
3124,event,
3122,structural,
3118,event,event|event
3103,noise,
3101,noise,
3099,noise,
3098,noise,
3096,event,event
3089,structural,structural
3088,structural,
3086,noise,
3084,event,
4257,noise,
5377,structural,
4255,event,event|event|event|event|event|event|event|event|event|event|event|event|event|event|event|event|event|event|event|event|event|event
4253,structural,
4252,noise,
4251,structural,
3370,structural,
3369,noise,
3368,event,event
3367,noise,
4246,structural,
4470,event,
3376,structural,structural
4241,structural,
4240,noise,
4239,noise,
4238,noise,
4237,structural,structural|structural|structural|structural|structural|structural|structural|structural|structural|structural|structural
3681,noise,
3680,structural,
3382,event,event
3677,noise,
3675,noise,
3674,structural,
3672,event,event|event|event|event|event|event|event|event|event|event|event|event
3667,structural,structural|structural|structural|structural|structural|structural|structural
3666,event,
3664,noise,
3665,noise,
3663,event,
3659,noise,
3658,event,event|event|event|event|event|event|event|event|event|event|event
3656,event,event|event|event|event|event|event|event|event|event|event|event|event
3654,noise,
3650,noise,
3649,noise,
3647,event,
3646,event,
3645,noise,
3644,event,
3642,noise,
3639,noise,
3632,event,
3631,structural,structural
3630,sentiment,sentiment|sentiment
3628,sentiment,
3627,noise,
3619,event,event
3430,noise,
3398,event,
3397,noise,
3395,noise,
3393,noise,
3392,noise,
3388,noise,
3387,event,
3384,noise,
3378,noise,
3372,event,
3617,structural,structural|structural
3616,event,event
5376,event,
3364,structural,
3359,structural,
314,event,
3348,noise,
315,noise,
316,noise,
317,sentiment,
323,sentiment,
324,sentiment,
326,event,event
329,sentiment,
330,sentiment,sentiment|sentiment
331,structural,
332,noise,
334,sentiment,sentiment
336,sentiment,sentiment
337,noise,
340,noise,
341,sentiment,sentiment
342,noise,
343,noise,
345,sentiment,
346,structural,
348,noise,
352,noise,
353,event,event
355,event,event
356,sentiment,sentiment|sentiment|sentiment
357,sentiment,sentiment
358,event,
359,sentiment,sentiment
360,noise,
361,noise,
363,sentiment,
368,noise,
371,structural,
372,noise,
374,noise,
376,sentiment,
377,noise,
379,noise,
380,sentiment,
381,noise,
382,sentiment,
385,event,event
386,noise,
387,sentiment,
388,sentiment,sentiment|sentiment
390,sentiment,
391,sentiment,sentiment
393,event,
396,sentiment,
398,sentiment,sentiment|sentiment
400,noise,
402,sentiment,
405,noise,
406,sentiment,sentiment
411,noise,
412,event,
413,structural,
415,sentiment,
417,sentiment,
423,noise,
424,noise,
427,sentiment,
429,sentiment,
433,sentiment,sentiment|sentiment
434,noise,
435,sentiment,
437,noise,
438,noise,
439,noise,
445,event,event|event
1959,sentiment,
446,noise,
447,sentiment,sentiment
448,sentiment,
449,noise,
452,structural,
456,sentiment,
457,noise,
458,sentiment,sentiment
459,structural,
460,noise,
461,sentiment,
462,sentiment,
464,sentiment,
465,noise,
466,noise,
472,noise,
475,structural,
476,noise,
477,sentiment,
478,event,
479,noise,
480,noise,
481,noise,
482,noise,
483,event,event|event
484,sentiment,sentiment
485,sentiment,sentiment|sentiment|sentiment
486,noise,
487,noise,
488,sentiment,
490,noise,
491,sentiment,
495,structural,
498,noise,
500,structural,structural
501,structural,structural
504,sentiment,
505,structural,structural
507,structural,
1960,sentiment,
510,noise,
512,sentiment,
513,structural,
514,sentiment,
516,noise,
517,event,event|event|event|event|event|event|event|event|event|event|event|event
518,structural,
5375,structural,
521,sentiment,sentiment|sentiment|sentiment
523,noise,
526,sentiment,
527,sentiment,sentiment|sentiment|sentiment
529,noise,
531,noise,
2107,noise,
533,noise,
536,sentiment,sentiment|sentiment|sentiment
537,noise,
540,sentiment,
542,structural,
544,noise,
545,noise,
554,sentiment,sentiment
562,structural,
565,event,
566,noise,
572,sentiment,sentiment
574,noise,
578,noise,
579,sentiment,
580,structural,structural|structural|structural|structural|structural|structural|structural|structural|structural|structural|structural
596,noise,
598,event,event|event
599,noise,
1887,structural,
603,event,
606,structural,
607,event,event
609,sentiment,
610,sentiment,
611,noise,
612,sentiment,
613,structural,structural|structural|structural|structural|structural|structural|structural|structural|structural|structural|structural|structural
614,structural,structural|structural|structural|structural|structural|structural|structural|structural|structural|structural|structural|structural
616,noise,
617,noise,
618,structural,
619,sentiment,
622,sentiment,
623,sentiment,
624,sentiment,
625,sentiment,sentiment
626,sentiment,
628,sentiment,
632,sentiment,
642,noise,
643,sentiment,
646,sentiment,
648,sentiment,
649,sentiment,
650,sentiment,
652,noise,
657,sentiment,
659,sentiment,
670,sentiment,
675,structural,
678,noise,
682,sentiment,
683,structural,
684,event,event
685,sentiment,sentiment
686,noise,
687,sentiment,sentiment|sentiment|sentiment|sentiment
690,noise,
691,event,
692,noise,
695,noise,
698,sentiment,
699,noise,
700,event,
702,sentiment,
703,sentiment,sentiment|sentiment
704,sentiment,sentiment
705,sentiment,
707,sentiment,
711,sentiment,
712,sentiment,
713,sentiment,
4463,noise,
718,sentiment,
719,sentiment,
720,sentiment,sentiment
721,sentiment,sentiment
727,sentiment,
728,noise,
729,sentiment,
730,noise,
731,noise,
732,sentiment,sentiment
733,sentiment,
734,sentiment,
736,noise,
737,noise,
741,structural,
743,structural,
749,sentiment,sentiment|sentiment|sentiment
750,event,
754,sentiment,
756,sentiment,
757,structural,
758,event,event|event|event|event|event|event|event|event|event|event|event
759,sentiment,
760,sentiment,
761,noise,
763,structural,
764,noise,
765,sentiment,sentiment
766,sentiment,
768,sentiment,
769,sentiment,
771,sentiment,sentiment
773,noise,
774,structural,
775,sentiment,
779,event,event
780,event,event
782,sentiment,
783,noise,
784,noise,
785,noise,
788,sentiment,
790,sentiment,
791,sentiment,sentiment
792,sentiment,
793,sentiment,
795,structural,
796,sentiment,sentiment|sentiment
799,sentiment,
800,noise,
801,sentiment,
804,sentiment,
805,noise,
806,sentiment,
808,noise,
809,noise,
810,sentiment,
812,sentiment,
2027,structural,
813,sentiment,
814,sentiment,sentiment
815,noise,
817,noise,
818,sentiment,
819,sentiment,
824,sentiment,
826,sentiment,
829,noise,
830,sentiment,
831,sentiment,
832,sentiment,
833,sentiment,
834,structural,
1893,sentiment,
835,noise,
836,sentiment,
837,sentiment,
838,structural,
841,sentiment,
843,sentiment,sentiment|sentiment|sentiment|sentiment
844,structural,
848,structural,
849,sentiment,sentiment|sentiment
855,event,
857,sentiment,
861,sentiment,
863,structural,
864,noise,
865,noise,
869,sentiment,
870,sentiment,
874,sentiment,sentiment
877,sentiment,
878,sentiment,sentiment
880,sentiment,
884,sentiment,sentiment
886,sentiment,sentiment|sentiment|sentiment
891,sentiment,
893,sentiment,sentiment|sentiment
2069,noise,
896,sentiment,
897,noise,
905,sentiment,sentiment
907,noise,
908,noise,
909,structural,
911,noise,
914,noise,
4649,noise,
916,noise,
918,event,
919,sentiment,
920,noise,
921,noise,
922,noise,
925,noise,
927,sentiment,
928,noise,
930,structural,
4648,event,event
932,sentiment,
935,structural,
936,sentiment,
937,noise,
938,noise,
939,noise,
940,sentiment,
941,sentiment,
944,noise,
946,sentiment,
1903,event,
951,event,
952,noise,
953,sentiment,
955,sentiment,
956,event,
957,noise,
958,sentiment,
959,sentiment,
961,sentiment,sentiment
963,sentiment,
1904,sentiment,
966,sentiment,
970,sentiment,sentiment
971,sentiment,
972,noise,
973,sentiment,
976,noise,
977,event,
980,structural,
981,structural,structural|structural|structural|structural|structural|structural|structural|structural|structural|structural|structural|structural|structural|structural|structural|structural|structural|structural|structural|structural
982,noise,
984,noise,
986,structural,
989,sentiment,
990,noise,
991,sentiment,
992,structural,structural|structural|structural|structural|structural|structural|structural|structural|structural|structural|structural
997,noise,
1007,sentiment,
1014,noise,
1016,structural,
1017,noise,
1020,sentiment,
1023,sentiment,
1024,sentiment,
1025,noise,
1039,structural,
1040,noise,
1044,sentiment,sentiment
1905,sentiment,sentiment|sentiment
1906,sentiment,
1048,sentiment,
1050,structural,structural
1059,noise,
1061,event,
1062,noise,
1063,event,event
1064,structural,
1065,noise,
1068,noise,
1074,sentiment,sentiment|sentiment
1076,noise,
1077,sentiment,sentiment
1079,sentiment,sentiment
1080,sentiment,
1081,sentiment,sentiment
1083,event,event|event
1085,sentiment,
1087,noise,
1088,structural,structural|structural|structural|structural|structural|structural|structural|structural|structural|structural|structural|structural
1090,noise,
1092,noise,
1093,structural,structural|structural|structural|structural|structural|structural|structural|structural|structural|structural|structural|structural
1095,structural,
1096,sentiment,
1099,noise,
1102,structural,
1109,sentiment,
1112,sentiment,
1115,sentiment,
1116,sentiment,
1117,noise,
1118,sentiment,sentiment
1119,sentiment,
1120,sentiment,
1122,sentiment,
1124,sentiment,
1126,sentiment,
1127,sentiment,
1129,noise,
1132,sentiment,
1910,structural,
1134,noise,
1135,noise,
1138,sentiment,sentiment
1143,noise,
1145,noise,
1150,sentiment,
1151,sentiment,sentiment
1153,noise,
1154,noise,
1155,noise,
1158,sentiment,
1160,structural,
1161,sentiment,
1162,sentiment,
1163,structural,
1164,sentiment,sentiment
1165,sentiment,
1166,noise,
1167,event,
1168,structural,
1169,structural,structural|structural|structural|structural|structural|structural|structural|structural|structural|structural|structural|structural
1174,noise,
1180,noise,
1181,sentiment,sentiment
1182,sentiment,sentiment
1185,structural,
1186,noise,
1912,sentiment,
1187,sentiment,sentiment|sentiment
1188,event,event|event|event|event|event|event|event|event|event|event|event
1191,sentiment,
1193,noise,
1194,sentiment,
1196,event,
1197,noise,
1198,sentiment,
1913,sentiment,
1199,event,event|event|event|event|event|event|event|event|event|event|event
1200,structural,
1201,structural,
1202,event,event
1203,noise,
9207,event,
1217,noise,
1218,sentiment,
1219,event,event
1220,noise,
1222,noise,
1226,structural,
1227,structural,structural|structural|structural|structural|structural|structural|structural|structural|structural|structural|structural
1230,structural,structural|structural|structural|structural|structural|structural|structural|structural|structural|structural
1232,structural,
1234,structural,
1236,sentiment,
1894,sentiment,sentiment|sentiment|sentiment
1240,event,
1241,sentiment,
1242,sentiment,
1243,sentiment,
1245,sentiment,sentiment|sentiment
1246,structural,
1252,sentiment,
1896,sentiment,
1253,sentiment,
1254,sentiment,
1260,sentiment,
1262,noise,
1264,event,
1268,sentiment,sentiment|sentiment
1269,sentiment,sentiment
1270,sentiment,
1272,event,
1273,structural,
1274,structural,
1276,sentiment,
1277,sentiment,
1278,noise,
1279,noise,
1280,noise,
1281,structural,
1282,sentiment,
1283,sentiment,
1284,structural,structural|structural|structural|structural|structural|structural|structural|structural|structural
1286,structural,
1288,structural,
1289,noise,
1290,sentiment,
1898,structural,
1291,sentiment,sentiment
1292,noise,
1293,noise,
1294,sentiment,
1295,structural,
1297,sentiment,
1298,sentiment,sentiment
1299,sentiment,
1304,event,
1307,noise,
1308,sentiment,sentiment
1310,structural,
1311,event,
1313,sentiment,
1314,sentiment,
1317,structural,
1318,sentiment,sentiment
1319,structural,
1320,sentiment,
1321,sentiment,
1326,sentiment,
1327,noise,
1329,noise,
1333,sentiment,sentiment
1335,structural,
1336,sentiment,sentiment
1338,sentiment,
1340,sentiment,
1341,sentiment,
1342,sentiment,
1343,sentiment,
1344,noise,
1345,noise,
1346,sentiment,sentiment
1347,sentiment,
1350,noise,
1351,sentiment,sentiment
1352,noise,
1354,sentiment,
1356,structural,
1358,structural,
1359,sentiment,
1362,structural,
1363,sentiment,
1368,structural,
1369,structural,
1370,noise,
1373,noise,
1375,sentiment,
1376,sentiment,sentiment
1377,sentiment,
1378,structural,structural|structural|structural|structural|structural|structural|structural|structural|structural|structural|structural
1387,event,
1388,event,
1389,structural,
1390,structural,
1393,structural,
1394,structural,
1395,structural,
1397,structural,
1399,sentiment,
1400,structural,structural|structural|structural|structural|structural|structural|structural|structural|structural
1401,sentiment,sentiment|sentiment
1402,event,
1404,sentiment,
1406,sentiment,sentiment|sentiment
1407,structural,
1408,sentiment,
1409,sentiment,
1416,sentiment,
1418,sentiment,
1424,structural,
1425,noise,
1426,structural,
1427,sentiment,
1428,sentiment,
1429,structural,
1430,noise,
1431,structural,
1432,sentiment,sentiment
1438,noise,
1440,structural,
1441,sentiment,sentiment|sentiment
1442,sentiment,sentiment
1443,sentiment,
1444,sentiment,sentiment
1445,sentiment,sentiment|sentiment|sentiment
1446,sentiment,sentiment
1448,sentiment,sentiment
1452,sentiment,
1453,event,
1454,noise,
1457,noise,
1458,noise,
1459,noise,
1461,sentiment,
1462,structural,structural|structural|structural|structural|structural|structural|structural|structural|structural|structural|structural
1466,sentiment,
1467,sentiment,
1469,sentiment,
1963,sentiment,
1472,noise,
1475,noise,
1478,noise,
1479,noise,
1480,structural,
1483,noise,
1484,structural,
1486,sentiment,sentiment
1487,sentiment,
1490,sentiment,
1491,sentiment,sentiment|sentiment
1492,structural,
1493,sentiment,sentiment
1495,event,
1497,sentiment,
1970,sentiment,
1501,structural,
1505,structural,
1507,structural,
1509,sentiment,
1512,event,
1513,sentiment,
1514,noise,
1515,structural,
1517,sentiment,
1518,sentiment,
1522,structural,
1523,sentiment,sentiment
1524,noise,
1525,structural,structural|structural|structural|structural|structural|structural|structural|structural|structural|structural|structural|structural|structural|structural|structural|structural|structural|structural|structural|structural|structural|structural
1526,noise,
1528,noise,
1529,sentiment,sentiment
1530,sentiment,
1531,sentiment,
1535,structural,
1536,noise,
1537,event,
1538,sentiment,
1540,sentiment,sentiment|sentiment
1541,structural,
1542,sentiment,sentiment|sentiment
1543,event,
1544,sentiment,sentiment
1545,sentiment,sentiment
1546,sentiment,sentiment|sentiment
1547,sentiment,
1551,structural,
1552,structural,
1555,structural,
1556,structural,
1557,structural,
1559,sentiment,
1560,structural,
1561,structural,
1565,noise,
1567,sentiment,
1574,sentiment,
1575,sentiment,
1577,sentiment,sentiment
1579,sentiment,
1580,noise,
1581,sentiment,
1584,sentiment,sentiment
1585,structural,
1586,noise,
1589,structural,
1590,noise,
1592,sentiment,
1595,structural,
1596,sentiment,
1597,sentiment,
1598,sentiment,
1599,structural,
1604,sentiment,
1605,sentiment,sentiment
1611,sentiment,
1612,sentiment,sentiment
1613,sentiment,sentiment
1614,sentiment,sentiment
1616,sentiment,
1617,sentiment,
1619,sentiment,
1620,sentiment,
1621,structural,
1623,sentiment,
1625,event,
1628,noise,
1988,sentiment,
1630,sentiment,sentiment
1631,noise,
1632,sentiment,
1634,structural,
1635,noise,
3340,structural,
3339,event,
3338,structural,
3336,noise,
1638,sentiment,
1639,sentiment,sentiment|sentiment|sentiment
1641,event,
1647,sentiment,sentiment|sentiment
1648,structural,
1649,sentiment,
1650,structural,
1652,structural,
1928,sentiment,
1653,structural,
1657,sentiment,sentiment
3335,event,event|event
3334,structural,
3330,noise,
3329,structural,
3328,noise,
1664,structural,
1670,structural,structural|structural|structural|structural|structural|structural|structural|structural|structural|structural|structural|structural|structural|structural|structural|structural|structural|structural|structural|structural|structural|structural
1930,structural,
1671,structural,
1673,sentiment,
1676,noise,
3326,event,
3321,noise,
3320,event,
3319,event,
1961,sentiment,
1678,sentiment,sentiment|sentiment|sentiment
1679,sentiment,
1681,sentiment,
1682,sentiment,
3317,event,event
3316,event,
1685,structural,structural|structural|structural|structural|structural|structural|structural|structural|structural|structural
1687,noise,
1689,sentiment,
3313,noise,
3312,event,
3311,structural,
3309,structural,
3308,noise,
3307,structural,
1694,sentiment,sentiment
1695,sentiment,sentiment
1900,sentiment,sentiment
1696,sentiment,
1698,sentiment,sentiment
1699,noise,
1700,structural,
1701,sentiment,sentiment|sentiment
3306,noise,
3305,event,
3304,noise,
1703,sentiment,
1707,sentiment,
1708,sentiment,sentiment|sentiment
1709,sentiment,
1711,structural,
3298,structural,structural|structural
3294,noise,
1720,structural,
1722,event,
1723,structural,
1725,sentiment,
1727,noise,
3292,sentiment,sentiment
3610,noise,
3609,structural,structural|structural|structural
1733,event,event|event|event|event|event|event|event|event|event|event|event
1734,noise,
1736,sentiment,
1742,sentiment,sentiment
1743,sentiment,sentiment
3402,sentiment,
3399,noise,
1744,sentiment,
1745,sentiment,sentiment|sentiment
1746,event,
1752,sentiment,sentiment
1753,sentiment,sentiment
3599,noise,
4235,structural,
1758,structural,
1759,sentiment,
1760,structural,
1761,noise,
1763,sentiment,sentiment
1766,sentiment,
1767,sentiment,
3598,noise,
3597,event,event|event|event
3592,structural,structural|structural|structural
20305,sentiment,
1772,structural,structural|structural|structural|structural|structural|structural|structural|structural|structural|structural|structural
1773,sentiment,
1774,noise,
1775,noise,
1776,sentiment,sentiment
1901,sentiment,sentiment|sentiment
4233,noise,
1779,structural,
1780,sentiment,
1783,sentiment,
1784,sentiment,sentiment
1789,sentiment,
1791,noise,
3586,structural,
3585,noise,
3583,event,
3581,noise,
3580,event,
3579,structural,structural|structural
1795,sentiment,
1797,structural,
1800,noise,
1801,structural,
1802,noise,
1803,structural,
1804,sentiment,
1806,noise,
1808,sentiment,sentiment
3576,noise,
3575,noise,
3574,event,event
1809,sentiment,
1810,structural,
1812,noise,
1813,sentiment,sentiment|sentiment|sentiment
1814,structural,
1818,sentiment,
1819,sentiment,sentiment|sentiment
1820,structural,
1822,structural,
4232,noise,
4231,sentiment,
3433,structural,structural
1825,noise,
1827,event,event|event|event|event|event|event|event|event|event|event|event
1829,noise,
1830,sentiment,sentiment
1834,noise,
1836,noise,
1837,sentiment,
3569,structural,structural
3565,structural,
1839,structural,
1840,sentiment,
1844,noise,
1846,sentiment,
1848,sentiment,
1849,event,
1850,event,
1851,structural,
1852,sentiment,
1853,sentiment,sentiment
1854,sentiment,sentiment|sentiment|sentiment
3559,noise,
3558,event,event|event
1862,sentiment,sentiment
1866,noise,
3555,event,event
1868,structural,
1873,sentiment,
3548,structural,
3547,event,event
3546,event,
3545,event,
3543,event,event
3542,structural,structural
3541,noise,
4225,noise,
4224,noise,
4223,noise,
3459,event,event
4184,structural,
4183,noise,
1919,event,
1920,structural,
1924,structural,
1931,sentiment,
1932,structural,
1933,sentiment,
1934,noise,
1935,noise,
1936,noise,
1937,event,
1938,sentiment,sentiment
1939,noise,
1940,sentiment,
1941,sentiment,
1949,noise,
1944,event,
1946,sentiment,sentiment
1947,sentiment,
1948,sentiment,sentiment|sentiment
1951,structural,
1952,sentiment,
1953,noise,
1954,sentiment,
1955,noise,
1966,sentiment,
1967,noise,
1968,sentiment,
1969,structural,
5919,noise,
1976,structural,
1977,structural,structural|structural|structural|structural|structural|structural|structural|structural|structural|structural|structural
1978,noise,
1981,sentiment,
1984,sentiment,
1986,sentiment,sentiment|sentiment|sentiment
1987,sentiment,sentiment|sentiment|sentiment
1989,sentiment,
1991,sentiment,sentiment|sentiment
1993,sentiment,sentiment|sentiment
1994,sentiment,sentiment
1995,sentiment,
1996,event,event|event|event|event|event|event|event|event|event
1997,structural,structural|structural|structural|structural|structural|structural|structural|structural|structural
2000,sentiment,
2003,sentiment,sentiment|sentiment
2005,sentiment,
2007,sentiment,
2010,sentiment,
2011,sentiment,sentiment
2012,sentiment,
2015,noise,
2016,sentiment,
2017,structural,structural|structural|structural|structural|structural|structural|structural|structural|structural|structural|structural
2018,structural,
2019,noise,
2022,sentiment,sentiment
2023,sentiment,sentiment|sentiment|sentiment|sentiment
2024,sentiment,
2025,sentiment,
2026,structural,
2029,noise,
2030,sentiment,sentiment
2032,structural,
2033,sentiment,
2034,sentiment,
2035,sentiment,
2036,noise,
2037,structural,
2038,structural,
2039,structural,structural|structural|structural|structural|structural|structural|structural|structural|structural|structural|structural|structural|structural|structural|structural|structural|structural|structural|structural|structural|structural|structural|structural|structural|structural|structural|structural|structural|structural|structural|structural|structural|structural
2040,sentiment,
2041,event,
2042,noise,
2043,event,event
5372,sentiment,
2046,sentiment,
2047,sentiment,
2048,noise,
2049,sentiment,
2053,sentiment,
2055,sentiment,
2056,sentiment,sentiment|sentiment
2070,sentiment,
2058,structural,
2095,noise,
2063,sentiment,
2064,event,
2071,sentiment,
2075,structural,
2082,sentiment,sentiment
2083,structural,
2085,noise,
2086,sentiment,
2088,structural,
2091,structural,
2092,sentiment,sentiment
2093,sentiment,
2094,sentiment,
2096,sentiment,
2097,sentiment,
2098,sentiment,
2100,sentiment,
2101,sentiment,
2102,noise,
2103,noise,
2104,sentiment,
2105,sentiment,
2106,sentiment,sentiment
4221,event,
4217,event,
4216,noise,
4215,structural,
4214,structural,
4068,noise,
4212,noise,
4211,event,
4210,structural,
4209,event,
4208,event,
4204,event,
4203,noise,
4202,structural,
4201,event,
2139,event,
4070,noise,
3461,event,
3457,noise,
3454,noise,
3453,noise,
3451,noise,
3450,event,
3449,structural,
3448,noise,
3443,noise,
3442,noise,
3441,noise,
3440,structural,
3439,event,
3438,noise,
3427,noise,
3425,event,event|event
3424,event,
3422,structural,
3419,noise,
3413,noise,
3409,event,event
3406,structural,structural|structural
3405,noise,
3687,sentiment,sentiment
3686,noise,
3683,noise,
4200,structural,
6771,noise,
4856,noise,
4854,structural,structural|structural
4746,noise,
4745,noise,
6948,sentiment,
4389,structural,
4388,noise,
4860,event,event
4611,noise,
4517,event,
4420,noise,
7717,event,
4865,noise,
4864,event,
5471,structural,structural|structural|structural|structural|structural|structural|structural|structural|structural|structural
5469,noise,
4866,structural,
5402,sentiment,
5401,sentiment,
5467,sentiment,
4870,structural,
4868,structural,structural|structural|structural
4605,noise,
4419,structural,
5463,noise,
4410,structural,
4883,structural,structural
4956,structural,
4090,structural,
4460,event,
5460,structural,
5459,event,
4417,noise,
4980,noise,
5107,noise,
5106,noise,
4674,noise,
5457,structural,
4423,event,event|event
4422,noise,
4740,noise,
4622,noise,
4623,noise,
6233,sentiment,
4620,sentiment,
4619,noise,
4408,event,
4891,sentiment,
4618,noise,
4902,noise,
4448,noise,
4616,structural,
4615,structural,
4610,noise,
4609,noise,
4459,event,
5448,event,event|event|event|event|event|event|event|event|event|event|event
4456,structural,structural|structural|structural|structural|structural|structural|structural|structural|structural|structural|structural
4454,structural,structural|structural|structural|structural|structural|structural|structural|structural|structural|structural|structural
4452,event,
7700,sentiment,
4462,structural,
4599,noise,
7698,sentiment,
5447,event,event|event|event|event|event|event|event|event|event|event|event
6976,noise,
4465,noise,
7887,noise,
5454,event,
5407,structural,
4597,event,event
4596,noise,
7697,sentiment,
4917,event,
4737,noise,
4124,event,
4123,structural,
4593,noise,
4587,noise,
4480,structural,
5465,structural,
4487,event,
4924,noise,
4574,event,event
4132,event,
4569,structural,
4935,event,
6992,sentiment,
6991,noise,
4932,event,
4566,event,
4565,event,
4560,noise,
7871,event,
5492,sentiment,
4943,sentiment,
4144,structural,
4143,event,
4104,event,event
4734,event,
4733,event,
4558,structural,
4510,event,
4522,structural,
4930,noise,
4929,noise,
4928,noise,
4927,event,
4920,noise,
4915,structural,
4913,structural,
4912,event,
4909,noise,
4092,event,
4516,structural,
4732,noise,
4151,structural,
4541,event,
4900,structural,
1788,sentiment,
4155,noise,
4154,noise,
4153,structural,
4896,noise,
4895,noise,
10654,event,
4498,noise,
4893,noise,
4892,noise,
4162,structural,
4161,structural,
4889,event,
4888,noise,
4159,noise,
4158,event,
4156,noise,
28523,event,
4885,noise,
4884,structural,
4538,structural,
4731,structural,structural|structural
4542,event,
4179,sentiment,
4177,noise,
4176,noise,
4876,structural,
4874,event,
4872,event,event
4548,noise,
4497,structural,
4871,structural,structural
4861,event,
4858,event,
4857,structural,
4553,noise,
4180,noise,
4174,structural,
4173,noise,
4172,noise,
4170,noise,
4166,structural,
4163,noise,
4141,sentiment,
4134,structural,
4140,event,
4138,noise,
4137,noise,
4136,noise,
4135,structural,
4133,event,
4128,event,
4126,event,
4121,structural,
4117,noise,
4116,sentiment,
4114,noise,
4113,event,
4112,noise,
4109,sentiment,sentiment
4049,noise,
4108,structural,
4105,event,event
4102,event,
4101,event,
4098,structural,structural
4097,noise,
4096,noise,
4093,structural,
4088,structural,
4086,structural,
4085,event,
4084,noise,
4083,structural,structural|structural|structural|structural|structural|structural|structural|structural|structural|structural|structural|structural|structural|structural|structural|structural|structural|structural|structural|structural|structural|structural|structural|structural|structural|structural|structural|structural|structural|structural|structural|structural|structural
4081,noise,
4078,structural,
4077,noise,
4075,noise,
4073,structural,
4071,noise,
4067,noise,
4065,event,
4064,structural,
4063,noise,
4062,noise,
4060,event,
4059,event,
4058,noise,
4057,structural,
4055,structural,
4053,noise,
4045,noise,
4044,noise,
4041,noise,
4039,noise,
4037,structural,
4036,noise,
4035,noise,
4034,sentiment,
4032,noise,
4031,noise,
4025,noise,
4024,noise,
22826,noise,
4018,structural,
4017,event,
4016,noise,
4014,noise,
4012,event,
4011,structural,
4009,event,
4007,noise,
4005,structural,
4004,structural,
4003,noise,
4000,noise,
3997,noise,
3996,event,
3995,structural,
3992,noise,
3991,noise,
3989,noise,
3988,structural,
3986,noise,
3979,structural,
3970,noise,
3978,noise,
3977,noise,
3974,structural,
3972,noise,
3969,noise,
3968,event,
3965,structural,
3962,noise,
3961,noise,
3960,noise,
3957,structural,
3930,event,
3956,structural,
3955,noise,
3954,noise,
3953,structural,
3952,noise,
3949,structural,
3948,structural,
3947,event,
3944,structural,
3943,noise,
3942,noise,
3941,structural,
3940,structural,
3939,noise,
3938,noise,
3932,noise,
3931,structural,
3927,event,
3926,event,
3923,noise,
3922,structural,
3915,event,
3914,noise,
3913,event,event
3912,structural,structural
3910,structural,structural
3898,structural,
3896,noise,
3892,event,event
3891,noise,
3882,sentiment,sentiment|sentiment|sentiment
3878,noise,
3877,structural,structural|structural|structural|structural|structural|structural|structural|structural
3873,noise,
3872,structural,
3871,structural,structural|structural
3870,event,
3869,noise,
3867,noise,
3866,sentiment,
3865,structural,
3864,noise,
3862,structural,
3860,noise,
3859,event,
3857,noise,
3856,structural,
3855,noise,
3853,event,event
3854,structural,structural|structural
3848,structural,
3841,event,event|event
3838,noise,
3836,noise,
3835,event,event
3832,noise,
3830,event,event
3829,structural,structural
3827,sentiment,
3826,structural,
3825,noise,
3824,event,
3823,structural,structural|structural|structural
3820,noise,
3818,event,event|event|event
3817,noise,
3816,noise,
3814,structural,
3812,event,event|event|event
3807,event,
3806,noise,
3802,event,event|event|event|event|event|event|event|event|event|event|event
3798,event,event|event
3786,noise,
3793,structural,
3792,noise,
3790,noise,
3789,noise,
3787,noise,
3784,structural,
3783,event,event|event|event
3782,event,event
3781,event,
3779,event,event|event|event|event|event|event|event|event|event|event|event|event
3777,noise,
3776,event,
3774,noise,
3772,structural,
3770,event,
3769,noise,
3767,noise,
3766,event,event|event|event|event|event|event|event|event|event|event|event
3763,noise,
3761,noise,
3758,event,event
3757,noise,
3756,event,event
3753,sentiment,
3752,structural,
3751,noise,
3749,structural,
3740,structural,
3739,event,event
3738,event,
3736,event,
3733,event,
3732,event,event
3731,noise,
3726,event,
3725,event,event|event
3724,noise,
3721,structural,
3720,event,
3718,noise,
3716,noise,
3714,noise,
3712,structural,structural|structural
3709,noise,
3700,structural,
3698,structural,
3696,noise,
3695,structural,
3694,sentiment,
3692,noise,
3691,noise,
3690,structural,
4852,structural,structural|structural
4189,sentiment,
4187,sentiment,
4186,event,event
4185,sentiment,
4512,event,
4506,structural,
4505,structural,structural|structural|structural|structural|structural|structural|structural|structural|structural|structural|structural|structural|structural|structural|structural|structural|structural|structural|structural|structural|structural|structural|structural
4504,structural,
4502,noise,
4501,noise,
4499,noise,
4489,structural,
4484,noise,
4481,structural,structural|structural|structural
4453,event,
4450,event,
4442,structural,
4436,noise,
4429,structural,
4846,event,
4845,noise,
4723,noise,
4634,noise,
4632,sentiment,
4631,noise,
4418,structural,structural
4416,event,event
4413,sentiment,
4411,event,
4409,event,
4405,structural,
4403,structural,
4402,noise,
4400,noise,
4399,event,
4398,structural,
4397,event,
4390,noise,
4387,event,
4386,event,
4385,event,event|event|event|event|event|event|event|event|event|event|event|event|event|event|event|event|event|event|event|event|event|event
4838,event,event
5506,sentiment,sentiment
5438,sentiment,
4835,structural,structural|structural
7680,event,
4833,structural,structural
4832,structural,
7008,sentiment,
4829,structural,
4828,event,
4827,noise,
5437,sentiment,
5436,sentiment,
4819,noise,
5521,sentiment,
5433,sentiment,
4815,structural,structural
4812,event,
5431,noise,
5430,event,
4806,noise,
4702,noise,
4800,structural,structural|structural|structural|structural|structural|structural|structural|structural|structural|structural|structural
4798,noise,
4794,noise,
7582,noise,
7024,event,
4724,structural,
4716,structural,
4713,structural,
4693,event,
4711,event,
4710,structural,
4709,noise,
4707,event,
4701,structural,
4700,structural,
4699,noise,
4697,event,event
4696,noise,
4687,structural,
4686,structural,
4681,event,
4680,structural,
4677,noise,
4668,structural,structural
4667,event,event
4666,event,
4665,structural,
4664,noise,
4663,event,
4662,noise,
4638,structural,
4939,noise,
4937,event,
4954,noise,
4953,event,
4952,event,
4958,structural,structural|structural
4957,structural,
7655,event,
7654,noise,
7386,event,
4982,event,
4991,event,
4999,event,event|event
4998,event,
4997,structural,
6528,event,
5034,noise,
5033,noise,
5029,noise,
5025,noise,
7075,sentiment,sentiment
7481,noise,
5048,structural,
5041,event,
5055,event,
6415,sentiment,
7626,event,
5088,noise,
5071,event,
5069,noise,
5068,event,
5101,noise,
5099,sentiment,
5095,structural,
5091,noise,
5065,structural,
7213,sentiment,sentiment
5090,event,
5089,noise,
5087,structural,
5086,noise,
5085,noise,
5084,noise,
5054,noise,
5083,structural,
5082,noise,
5081,noise,
5080,event,
5079,event,event
5078,noise,
5074,noise,
5067,noise,
5064,event,
5063,noise,
5061,noise,
5058,event,
5049,structural,
5046,structural,
5045,event,
5044,noise,
5039,noise,
5038,noise,
5037,noise,
5036,event,
5035,noise,
5032,noise,
5031,noise,
5030,sentiment,
5022,event,
5021,event,
5019,noise,
5018,event,
5017,noise,
5016,noise,
5015,noise,
5014,noise,
5013,noise,
5012,noise,
5011,event,
5010,noise,
5007,noise,
5006,noise,
5005,noise,
5004,structural,
5003,structural,structural
5001,noise,
4996,noise,
4992,event,event
26566,event,event|event|event|event|event|event|event|event|event|event|event|event|event|event|event|event|event|event|event|event|event|event
4985,noise,
4984,structural,
4977,structural,
4976,noise,
4974,noise,
4973,structural,
4971,noise,
4964,event,event
4963,structural,
4955,event,
4950,noise,
7790,sentiment,
5104,noise,
20770,event,event|event|event|event|event|event|event|event|event|event|event
5108,noise,
15054,event,
5133,sentiment,
5118,event,
7609,event,
5124,structural,
7607,noise,
5398,event,
5121,structural,structural
5119,structural,
5126,noise,
7598,noise,
5129,noise,
5136,structural,
5135,sentiment,
5132,sentiment,
5130,structural,
5125,structural,
7457,sentiment,sentiment
7589,event,event|event|event|event|event|event|event|event|event|event
5143,noise,
7581,sentiment,
5142,event,
7450,noise,
6517,sentiment,
5156,noise,
7576,event,
7572,sentiment,
5295,sentiment,
7149,event,
7442,sentiment,
5145,structural,
18116,event,
7419,event,
5242,event,
5238,noise,
5236,structural,
5235,noise,
5234,noise,
5390,structural,
5199,noise,
5198,noise,
5230,structural,
5227,event,
5226,noise,
5218,event,
5425,event,
5216,sentiment,
7823,event,
5202,event,
5178,noise,
5536,noise,
8202,event,
5197,noise,
5194,event,event|event|event|event|event|event|event|event|event|event|event
5192,noise,
5191,noise,
5190,noise,
5185,noise,
5183,structural,structural
5181,noise,
5180,structural,
5179,event,
5177,noise,
5175,noise,
5174,structural,
5172,noise,
5171,noise,
5170,sentiment,
5169,noise,
5164,event,event
5163,event,event
5162,noise,
5138,noise,
5161,event,event
5159,noise,
5158,noise,
5154,structural,structural
5153,structural,
5149,noise,
5137,noise,
5139,structural,
5117,noise,
5115,noise,
5110,noise,
5109,noise,
5103,noise,
5208,sentiment,
5204,sentiment,
20221,noise,
5203,structural,
5540,structural,
5224,event,
5223,event,
5413,structural,structural|structural|structural|structural|structural|structural|structural|structural|structural|structural|structural
5411,structural,
5410,noise,
5409,structural,
5406,event,
5400,sentiment,
5395,sentiment,
5393,structural,structural|structural|structural|structural|structural|structural|structural|structural|structural|structural|structural
5384,sentiment,
5381,structural,
5371,structural,
5368,sentiment,sentiment
5366,sentiment,
5364,sentiment,
5356,structural,
5354,event,
5353,sentiment,
5348,structural,
5342,structural,
5341,structural,
5336,sentiment,
5334,sentiment,
5333,noise,
5332,sentiment,
5316,sentiment,
5331,sentiment,
5330,sentiment,
5329,structural,
5328,event,
5315,event,
5326,sentiment,
5324,sentiment,
5323,noise,
5321,sentiment,
5317,noise,
5314,sentiment,sentiment
5311,noise,
5307,structural,
5302,sentiment,sentiment
5301,structural,
5300,sentiment,
5297,sentiment,
5296,structural,structural|structural|structural|structural|structural|structural|structural|structural|structural|structural|structural
5293,noise,
5286,sentiment,
5285,sentiment,
5283,sentiment,sentiment|sentiment
5280,sentiment,
5277,sentiment,
5276,structural,
5268,sentiment,
5267,sentiment,
5259,event,
5257,sentiment,
5256,sentiment,sentiment
5252,noise,
5251,structural,structural|structural|structural|structural|structural|structural|structural|structural|structural|structural|structural|structural
5247,structural,
5245,noise,
5243,event,
8419,sentiment,
8099,noise,
6772,event,
7764,sentiment,
16804,noise,
8091,noise,
22447,noise,
8084,sentiment,
5598,sentiment,
9877,noise,
14082,event,
8055,event,
5640,sentiment,
6799,structural,
5659,event,
5658,sentiment,
7430,sentiment,sentiment
6371,sentiment,
6369,noise,
5682,sentiment,
5681,noise,
5680,sentiment,
8049,sentiment,
8048,event,
8045,noise,
15727,event,
5703,sentiment,
14089,event,
5706,sentiment,
6812,event,
5720,sentiment,
5719,sentiment,
11196,event,
14778,event,event
5733,sentiment,
5737,event,
11075,structural,
5743,sentiment,
6492,structural,
9919,noise,
9922,event,
9208,event,
26564,noise,
6986,event,
14789,structural,structural
6808,sentiment,
6367,sentiment,
6366,sentiment,
6365,event,
7957,noise,
6792,sentiment,
8685,event,
6940,structural,
14881,event,
7923,event,event|event|event|event|event|event|event|event|event|event|event
6754,sentiment,
6753,sentiment,
9949,event,
7943,sentiment,
11568,event,
9962,event,
14119,noise,
12544,event,
7166,sentiment,sentiment
7164,event,
26588,noise,
26587,noise,
7155,structural,
6644,sentiment,
7106,sentiment,sentiment
7105,noise,
6618,sentiment,
7065,structural,structural|structural|structural|structural|structural|structural|structural|structural|structural|structural|structural
7064,structural,
7050,sentiment,
7049,noise,
6582,noise,
6565,noise,
27092,event,
7011,structural,
7006,sentiment,
7000,event,
6997,noise,
6995,event,
6994,noise,
6993,sentiment,
6982,structural,
6978,structural,
6973,structural,
6972,event,
6971,event,
6967,event,
6965,event,
6964,sentiment,
6963,sentiment,
6962,event,
6961,event,
6955,sentiment,
6954,event,
6952,structural,
6951,event,
6950,sentiment,
6947,noise,
6942,sentiment,
6941,sentiment,
5539,structural,
5538,structural,
6939,sentiment,
5529,event,
5528,noise,
6935,sentiment,
6934,event,
6931,sentiment,
6929,sentiment,
6928,sentiment,
6924,event,
6920,sentiment,
6918,sentiment,
6916,sentiment,
6906,structural,
6905,sentiment,
6904,sentiment,
6903,sentiment,sentiment
6902,sentiment,
6901,sentiment,
6898,sentiment,
6897,sentiment,
6896,event,event|event|event|event|event|event|event|event|event|event|event
6887,structural,
6879,sentiment,
6877,sentiment,sentiment
20074,structural,
5892,event,
5890,sentiment,sentiment
5872,event,
5871,event,
5870,event,
5736,sentiment,
5735,event,
5734,sentiment,
5731,event,
5727,event,
5726,sentiment,
5723,event,
5718,sentiment,
5715,noise,
5704,sentiment,
5711,event,
5709,event,
5708,noise,
5701,event,
5700,event,
5699,event,
5698,sentiment,
5697,sentiment,
5696,sentiment,
5695,sentiment,
5694,sentiment,
5693,sentiment,
5692,noise,
5691,event,
5689,event,
5688,sentiment,
5685,event,
5684,event,
5683,event,
5676,sentiment,
5674,sentiment,
5672,event,
5670,noise,
5668,sentiment,
5665,event,
5664,sentiment,
5663,sentiment,
5660,sentiment,
5655,event,
5650,sentiment,
5648,sentiment,
5644,sentiment,sentiment
5643,event,
5642,event,
5639,sentiment,
5635,sentiment,
5632,event,
5630,sentiment,
5629,event,
5626,noise,
5624,sentiment,
5623,sentiment,
5618,sentiment,
5617,sentiment,
5616,sentiment,
5615,event,
5613,sentiment,
5612,sentiment,
5611,sentiment,
5607,sentiment,
5604,sentiment,
5601,noise,
5599,sentiment,
5551,noise,
5597,sentiment,
5595,noise,
5586,sentiment,
5585,event,
5582,event,
5581,sentiment,
5580,event,
5579,sentiment,
5578,event,
5574,noise,
5571,event,
5570,event,
5566,sentiment,
5565,sentiment,sentiment
5564,sentiment,
5562,sentiment,
5556,sentiment,
5555,event,event|event|event|event|event|event|event|event|event|event|event
5550,event,
5549,event,
5547,sentiment,
5541,sentiment,
6855,event,
6854,event,
6851,event,
6841,sentiment,sentiment
6838,noise,
6837,event,
9973,noise,
16975,structural,
7523,structural,structural|structural|structural|structural|structural|structural|structural|structural|structural|structural|structural
7522,structural,structural|structural|structural|structural|structural|structural|structural|structural|structural|structural|structural
7521,sentiment,
7206,noise,
7972,sentiment,sentiment
9983,event,event|event|event|event|event|event|event|event|event|event|event
27091,event,
14124,noise,
7406,sentiment,
14132,noise,
7460,noise,
7459,sentiment,
7706,noise,
11218,event,
17556,event,
10517,structural,structural|structural|structural|structural|structural|structural|structural|structural|structural|structural|structural|structural|structural|structural|structural|structural|structural|structural|structural|structural|structural|structural|structural
12567,noise,
10518,noise,
9253,event,
14964,event,
7482,noise,
18098,noise,
7346,noise,
10878,sentiment,
8024,event,
9480,event,
6193,event,
6192,noise,
6191,noise,
6190,noise,
8033,sentiment,
21068,event,
17530,event,event
11481,noise,
8046,noise,
6340,sentiment,
14157,event,
7548,event,
20197,noise,
12590,noise,
7534,sentiment,sentiment
7310,sentiment,
12599,event,
8778,noise,
12595,event,
18096,noise,
6027,event,
6015,noise,
6002,event,
6001,event,
5998,event,
5979,noise,
5977,noise,
5975,noise,
5962,event,
5960,event,
5957,event,
5926,noise,
5925,noise,
5917,noise,
6811,sentiment,
6810,sentiment,
6759,sentiment,
6757,noise,
6755,sentiment,
6751,noise,
6734,sentiment,
6717,event,
6673,noise,
6672,structural,
6653,event,
6646,event,
6620,event,event|event|event|event|event|event|event|event|event|event|event
6613,event,
6611,sentiment,
6595,sentiment,
6592,event,
6585,sentiment,
6563,event,
6560,structural,
6559,sentiment,
6533,sentiment,
6531,sentiment,sentiment
6527,sentiment,
6518,sentiment,
6516,structural,structural|structural|structural|structural|structural|structural|structural|structural|structural|structural|structural
6515,sentiment,sentiment
6514,noise,
6513,event,
6495,event,
6490,event,
6487,sentiment,sentiment
6456,sentiment,
6455,sentiment,
6470,noise,
6468,sentiment,sentiment|sentiment
6463,structural,
6462,sentiment,sentiment|sentiment
6458,noise,
6454,sentiment,
6453,sentiment,
6448,structural,structural|structural|structural|structural|structural|structural|structural|structural|structural|structural|structural
6447,noise,
6445,noise,
6444,noise,
6443,sentiment,
6432,sentiment,
6431,sentiment,
6429,event,
6427,sentiment,sentiment
6425,structural,structural
6423,sentiment,
6414,sentiment,
6413,noise,
6397,noise,
6396,noise,
6395,event,
6374,noise,
6344,sentiment,
6339,sentiment,
6338,noise,
6336,event,
6335,event,
6334,structural,
6297,sentiment,
6295,structural,
6294,noise,
6292,event,
6283,sentiment,
6261,noise,
6267,sentiment,
6265,event,
6263,sentiment,sentiment
6262,event,event
6249,noise,
6248,noise,
6247,sentiment,
6244,noise,
6243,sentiment,
6242,event,
6240,event,
6239,event,
6232,sentiment,
6230,event,
6229,sentiment,
6100,sentiment,
6086,sentiment,sentiment
6084,noise,
6072,sentiment,
6071,event,
6042,event,
6041,structural,
8096,sentiment,
8094,noise,
8198,noise,
10985,noise,
14169,event,event|event|event|event|event|event|event|event|event|event|event
11291,noise,
8119,event,
14173,noise,
8122,event,
8121,structural,
14808,noise,
14807,event,
13351,event,
10059,event,
20126,event,
8135,event,
8133,sentiment,
7817,noise,
14178,noise,
7541,event,
14806,noise,
7532,sentiment,
7480,sentiment,
7479,event,
7458,event,
20093,event,
7456,sentiment,
7449,noise,
7446,sentiment,
7445,structural,
7401,sentiment,sentiment
7413,event,
7411,noise,
7408,event,
7387,sentiment,
7375,event,
7353,sentiment,sentiment
7332,event,
7331,noise,
7271,event,
7261,event,
7252,event,
7251,event,
7246,sentiment,
7235,event,
7219,event,
7214,sentiment,sentiment
7184,event,
7563,sentiment,
8150,noise,
7591,structural,
14801,noise,
8151,noise,
10791,structural,
8156,noise,
8154,noise,
8160,noise,
8140,sentiment,
12630,noise,
10874,structural,
8120,sentiment,
10950,noise,
10992,noise,
8116,event,
25081,noise,
12639,noise,
9442,noise,
20046,noise,
9441,event,
20651,event,
11501,event,
14191,event,
12643,noise,
8155,event,
7778,sentiment,
12646,event,
9250,structural,
8134,event,
8390,event,
9561,event,
21635,event,
10105,event,
10104,noise,
12654,noise,
14207,noise,
11325,event,
1296,event,event
10115,event,
11500,noise,
8885,noise,
21623,noise,
11499,noise,
10114,noise,
14214,event,event
14794,event,
14790,structural,structural
10692,structural,
20650,event,
18091,sentiment,
17598,event,
21620,event,
11341,event,
14209,noise,
10569,event,
10568,noise,
8910,noise,
11000,noise,
8942,noise,
14220,event,
10128,noise,
10713,event,
21618,noise,
15202,structural,
13358,noise,
2334,event,event
9305,noise,
7956,structural,
7940,event,
7898,noise,
7885,sentiment,
7857,event,
7849,structural,structural|structural|structural|structural|structural|structural|structural|structural|structural|structural
9340,noise,
21617,noise,
8239,event,
8265,sentiment,
8264,event,
14234,noise,
10140,noise,
11375,sentiment,
11374,event,
10896,noise,
8968,noise,
9000,noise,
8999,structural,
10167,noise,
9020,event,event|event|event|event|event|event|event|event|event|event|event
9019,structural,
10180,noise,
10182,event,
14752,event,
28029,event,
14237,event,
15807,noise,
28012,event,
14242,noise,
11372,structural,
14251,noise,
9288,event,
10176,noise,
9286,noise,
9549,event,
9054,event,
11371,noise,
9274,event,event|event|event|event|event|event|event|event|event|event|event
8199,noise,
10181,event,
10177,structural,
10175,event,
10166,noise,
10164,noise,
9051,noise,
10141,sentiment,
10129,noise,
9092,event,
9371,event,
10103,structural,
10102,structural,
9379,event,
10046,event,
10041,event,
10039,noise,
10037,noise,
10035,event,
6880,structural,structural|structural|structural|structural|structural|structural|structural|structural|structural|structural|structural
9109,event,
9107,noise,
10033,event,
10028,noise,
10027,event,
10026,event,
9124,noise,
10024,structural,
9403,event,
10011,event,
9997,sentiment,
9996,event,
9982,noise,
9981,event,event|event|event|event|event|event|event|event|event|event|event
9977,event,
9151,structural,structural|structural|structural|structural|structural|structural|structural|structural|structural|structural|structural|structural|structural|structural|structural|structural|structural|structural|structural|structural|structural|structural
9972,event,
9951,noise,
9396,event,
8389,noise,
8374,structural,
8341,event,
28010,sentiment,
8320,event,
8273,sentiment,
8319,event,
8298,event,
8295,event,event
8294,noise,
8263,event,
8256,noise,
8251,noise,
8250,noise,
8249,event,
8246,event,
8244,event,event
8243,noise,
8240,noise,
8237,event,
8225,event,
8223,event,
8222,noise,
8221,event,
8220,noise,
8219,noise,
8218,noise,
8207,event,
8191,event,
8596,event,
8595,noise,
9893,event,
9876,event,
9874,event,
9873,event,
9872,noise,
12485,event,event|event|event|event|event|event|event|event|event|event|event
9870,structural,structural|structural|structural|structural|structural|structural|structural|structural|structural|structural|structural|structural|structural
12572,event,event|event|event|event|event|event|event|event|event|event|event
8635,noise,
11336,noise,
8571,structural,
8569,sentiment,
16523,event,
8551,sentiment,
8550,event,
8533,event,
8530,event,
8529,noise,
8509,sentiment,
8507,sentiment,
8506,event,
8488,sentiment,
8437,sentiment,
8420,sentiment,
8408,event,
8407,sentiment,
8406,event,
13616,structural,structural|structural|structural|structural|structural|structural|structural|structural|structural|structural|structural
9193,event,
10907,noise,
11313,event,
20640,noise,
9410,noise,
11292,sentiment,
16497,noise,
10253,event,
9498,structural,
10628,event,event
9525,noise,
9524,event,
10629,event,
11276,noise,
9532,noise,
9531,event,
11273,event,
11253,noise,
9518,event,
11252,event,
16672,noise,
10260,event,
10258,noise,
9571,event,event|event|event|event|event|event|event|event|event|event|event|event
10291,sentiment,
10292,noise,
11247,event,
9581,event,
11239,noise,
11238,event,
9603,noise,
10307,sentiment,
13722,sentiment,sentiment
11206,structural,
11194,event,event
11192,structural,
10308,event,
9639,event,
10302,noise,
10299,event,
10290,noise,
10289,event,
10261,event,
10257,event,
11169,sentiment,
10649,noise,
11168,noise,
11167,noise,
11131,event,
10651,noise,
9697,event,event
10370,event,
10369,sentiment,
10655,event,
11126,event,
20041,noise,
10751,noise,
10536,noise,
10535,event,event
10534,event,event|event|event|event|event|event|event|event|event|event|event
10533,noise,
10532,event,
20040,noise,
9713,event,
10753,noise,
11110,structural,
13989,structural,
10756,noise,
11093,event,
10406,noise,
9746,noise,
11092,event,
10416,event,
10419,event,
10418,noise,
11088,noise,
9765,event,
9764,noise,
9763,noise,
11087,event,
11062,noise,
16693,event,
11060,event,
11059,noise,
11057,event,
10656,event,
11048,event,
11047,event,event
11044,event,
11043,event,event|event|event|event|event|event|event|event|event|event|event
11042,noise,
10673,event,
10767,noise,
10955,noise,
11032,noise,
11025,noise,
9836,event,
11020,noise,
11001,event,
10999,noise,
10997,event,
10434,noise,
10994,event,
9837,event,
9826,event,
9800,structural,
9776,event,
9774,noise,
9762,event,
9638,event,event
9747,event,
9684,event,
9680,event,
9648,event,
9647,noise,
9636,noise,
9632,event,
9631,event,
9610,noise,
9601,noise,
9600,noise,
9598,structural,
9588,event,
9580,noise,
9578,structural,
9574,event,
9566,event,
9553,event,
9552,noise,
9546,noise,
9545,sentiment,
9544,noise,
9543,structural,
9541,structural,
9539,noise,
9536,event,
9530,structural,
9513,event,
9512,noise,
9504,noise,
9502,event,
9500,noise,
9496,noise,
9491,event,
9490,event,event
9488,event,
9483,noise,
9482,structural,
9477,noise,
9475,noise,
9474,noise,
9473,structural,structural|structural|structural|structural|structural|structural|structural|structural|structural|structural|structural
9469,noise,
9468,noise,
9467,noise,
9450,event,
9449,noise,
9448,event,
9440,noise,
9438,event,
9437,structural,
9434,event,
9408,noise,
9402,noise,
9401,event,
9378,noise,
9392,noise,
9377,noise,
9375,noise,
9372,noise,
9363,noise,
9360,noise,
9343,event,
9342,event,
9341,event,
9330,event,
9324,event,
9304,noise,
9249,event,
9287,event,
9278,noise,
9277,structural,structural|structural|structural|structural|structural|structural|structural|structural|structural|structural|structural
26626,event,
9273,event,event
9272,structural,structural|structural|structural|structural|structural|structural|structural|structural|structural|structural|structural
9252,noise,
9251,structural,structural|structural|structural|structural|structural|structural|structural|structural|structural|structural|structural
9236,event,
9234,structural,structural|structural|structural|structural|structural|structural|structural|structural|structural|structural|structural
9215,event,
9213,noise,
9212,event,
9211,event,
9191,sentiment,sentiment
9169,event,event
9168,event,
9164,event,event
9162,event,
9149,structural,structural|structural|structural|structural|structural|structural|structural|structural|structural|structural|structural
9147,noise,
9145,noise,
9144,event,
9127,structural,
9122,event,event
9105,noise,
9104,noise,
9084,noise,
9083,noise,
9050,event,
9042,noise,
9039,structural,
9037,noise,
9035,noise,
9034,event,
9018,noise,
9016,event,
9015,event,
8998,structural,
8997,event,
8976,structural,
8974,event,
8944,structural,
8943,event,event
8890,noise,
8912,event,
8865,noise,
8626,event,
8864,noise,
8863,event,
8862,event,
8859,event,
8858,event,
8843,structural,
8842,structural,
8840,noise,
8838,noise,
8831,event,
8836,noise,
8829,noise,
8807,event,
8804,event,
8763,noise,
8762,noise,
8761,event,
8760,event,event|event|event|event|event|event|event|event|event|event|event
8757,event,
8747,noise,
8744,event,
8731,event,
8717,event,
8716,structural,
8706,noise,
8704,event,
8690,noise,
8670,event,
8668,event,
8648,noise,
8642,noise,
8629,noise,
8628,noise,
8627,event,
8625,event,event|event|event|event|event|event|event|event|event|event|event
8615,event,
8610,event,
8605,event,
8604,noise,
8602,event,
8600,event,
10991,event,
10982,noise,
10981,event,
10972,structural,
10970,noise,
10965,event,
10956,noise,
10954,noise,
10952,event,
10806,noise,
10805,event,event
10793,event,event
10788,noise,
10787,event,event|event|event|event|event|event|event|event|event|event|event
10785,structural,
10775,noise,
10774,noise,
10773,noise,
10771,structural,structural|structural|structural|structural|structural|structural|structural|structural|structural|structural|structural
10770,structural,
10769,noise,
10754,noise,
10735,noise,
10716,event,event
10714,sentiment,
10696,structural,structural|structural|structural|structural|structural|structural|structural|structural|structural|structural|structural
10695,event,event|event|event|event|event|event|event|event|event|event|event
10694,event,
10678,event,
10672,event,
10653,event,
10635,event,
10634,noise,
10632,noise,
10630,noise,
10625,noise,
10605,event,
10603,event,
10602,noise,
10598,noise,
10597,structural,
10584,event,
18822,event,
10519,event,
10513,structural,structural|structural|structural|structural|structural|structural|structural|structural|structural|structural|structural|structural|structural|structural|structural|structural|structural|structural|structural|structural|structural|structural
10509,event,
10508,event,event
10498,noise,
10496,structural,structural|structural|structural|structural|structural|structural|structural|structural|structural|structural|structural|structural|structural|structural|structural|structural|structural|structural|structural|structural|structural|structural
10494,noise,
10493,noise,
10464,noise,
21328,noise,
10437,event,
10436,noise,
10426,event,
10415,event,
10414,noise,
10413,event,
10404,event,
10403,event,event
10383,noise,
10382,noise,
10359,event,
10348,event,event|event|event|event|event|event|event|event|event|event|event|event|event|event|event|event|event|event|event|event|event|event|event
10347,noise,
10834,event,
10831,noise,
10942,event,
10941,noise,
22008,event,
10929,event,
10928,event,
10927,event,
10926,event,event
15037,event,
10920,noise,
10919,noise,
15828,event,
18589,noise,
13929,event,
10916,event,
10914,structural,
10913,event,
10911,event,
10908,noise,
10932,event,event
10931,noise,
14718,noise,
10938,event,
10906,event,event|event|event|event|event|event|event|event|event|event|event|event|event|event|event|event|event|event|event|event|event|event
10905,structural,
10934,event,event
10903,event,
10902,event,
10901,event,
10945,event,
15849,event,
16545,noise,
10898,structural,
10890,noise,
10949,event,
10958,event,
10967,event,
14289,structural,
10976,noise,
10888,noise,
22006,event,
10885,noise,
11708,noise,
10974,event,
10971,noise,
11029,noise,
11027,sentiment,
10989,noise,
19887,noise,
10988,event,
11005,noise,
17635,noise,
14285,noise,
12752,event,
12748,noise,
11017,noise,
11016,noise,
11015,structural,
11014,sentiment,sentiment
10879,noise,
10873,structural,
17525,noise,
10864,event,
10863,noise,
17552,structural,
15046,event,
12328,noise,
11055,structural,
14918,event,
14915,event,
17551,event,
11070,sentiment,
10860,noise,
20750,noise,
18891,event,
11076,event,
11547,noise,
11543,noise,
15843,noise,
15873,noise,
14318,event,
11094,noise,
11812,event,event
14335,event,
11089,noise,
12815,noise,
13434,event,
13432,event,
15047,sentiment,
13618,noise,
13435,noise,
11447,noise,
13619,event,
14349,sentiment,
26653,noise,
16284,structural,
25671,noise,
11128,event,
11125,event,
14348,noise,
12831,noise,
14346,event,
11633,noise,
14357,noise,
13999,event,
13998,structural,
14587,event,event|event|event|event|event|event|event|event|event|event|event|event|event|event|event|event|event|event|event|event
11673,event,
11672,sentiment,
18063,noise,
14899,noise,
18062,noise,
15870,event,
14370,noise,
15886,event,
14372,event,
12140,noise,
20614,noise,
14386,noise,
18058,event,
11745,noise,
11744,structural,
13467,noise,
13474,event,
14382,event,
14381,event,
14411,noise,
11788,noise,
11761,noise,
13623,event,
12326,event,event|event|event|event|event|event|event|event|event|event|event
12327,event,event
15381,noise,
14888,event,
12939,noise,
12938,noise,
12927,event,
13636,noise,
12941,noise,
11849,event,
14272,event,
13638,event,
12937,structural,
11847,noise,
11846,event,
15847,event,
20591,event,
15845,sentiment,
14568,noise,
15844,event,
11867,event,
15830,event,
14559,event,
12950,noise,
14558,event,
13886,noise,
13884,noise,
14454,event,
14443,noise,
12986,event,event|event|event|event|event|event|event|event|event|event|event|event|event|event|event|event|event|event|event|event
14442,noise,
13003,event,
14420,structural,structural|structural|structural|structural|structural|structural|structural|structural|structural|structural|structural
11914,event,
14410,event,
14409,event,
11943,event,event|event|event|event|event|event|event|event|event|event|event
14379,event,
14371,event,
14347,noise,
11952,event,
14547,event,
13516,event,
15806,event,
14882,event,
13527,structural,
14322,structural,
13679,noise,
14298,event,
11993,sentiment,
17524,noise,
14286,noise,
13066,event,
27740,noise,
14274,noise,
14273,event,
12019,structural,
14265,noise,
14264,event,
12043,structural,
15226,structural,
17513,noise,
14880,noise,
14239,noise,
14238,event,
17512,noise,
14232,noise,
14231,structural,structural|structural|structural|structural|structural|structural|structural|structural|structural|structural
14230,event,
14228,noise,
14226,noise,
13092,structural,
14221,noise,
14219,noise,
14218,noise,
13104,event,
14212,noise,
12101,event,event
14211,noise,
14210,noise,
14204,event,
14203,noise,
14198,sentiment,sentiment|sentiment
14197,event,
14196,event,
14195,event,
14193,event,
13102,noise,
14192,event,
14189,noise,
14186,noise,
14183,event,event|event|event|event|event|event|event|event|event|event|event
14180,event,
14176,structural,
14170,event,
14168,sentiment,sentiment
13525,noise,
13524,event,
12091,noise,
17503,event,
13767,noise,
12305,event,event
14151,event,
13556,event,
14149,event,
14145,event,
14141,structural,
14140,noise,
13133,event,
14135,event,
14131,noise,
14130,event,
14128,event,
14125,noise,
13559,structural,structural|structural|structural|structural|structural|structural|structural|structural|structural|structural|structural
14122,event,
14120,event,event
14116,event,
14110,event,
14105,event,event|event|event|event|event|event|event|event|event|event|event
14104,event,
14103,event,
14096,noise,
14095,event,
14093,event,event
13143,event,
14092,noise,
12350,structural,
14090,noise,
14088,event,
14081,event,
14080,event,
14073,event,
14072,event,
13167,noise,
13166,noise,
14067,event,
14063,event,
12237,event,event|event|event|event|event|event|event|event|event|event|event|event|event|event|event|event|event|event|event|event|event|event
14062,event,
14055,noise,
14053,noise,
14052,event,
14051,noise,
15805,event,
14545,event,
14539,sentiment,
14534,event,
14527,noise,
27890,event,
13209,noise,
13208,sentiment,
13207,noise,
13211,event,
13210,event,event|event|event|event|event|event|event|event|event|event|event
15794,event,
14515,sentiment,
14514,noise,
13561,noise,
12294,event,event
15766,event,
14531,noise,
14528,noise,
14521,noise,
12347,noise,
12346,noise,
14501,event,
14540,event,
15344,noise,
14546,event,event
14499,event,
14841,noise,
15749,noise,
15748,event,
14562,noise,
14561,noise,
13289,noise,
12408,noise,
13298,noise,
13297,event,
15073,event,
15746,event,
12425,event,
15740,structural,
15728,noise,
12429,event,
15726,structural,
14581,noise,
12426,event,
12404,noise,
12402,event,
12371,noise,
12373,event,
12372,structural,structural|structural|structural|structural|structural|structural|structural|structural|structural|structural|structural|structural
12354,event,
12352,event,
12345,event,event
12344,structural,
12304,noise,
12301,noise,
27871,noise,
12298,event,
12297,event,
12295,event,
12293,event,
12265,sentiment,
12292,noise,
12291,structural,structural
12290,noise,
12267,structural,structural|structural|structural|structural|structural|structural|structural|structural|structural|structural|structural|structural|structural
12266,sentiment,
12264,structural,structural|structural|structural|structural|structural|structural|structural|structural|structural|structural|structural
12262,event,
12234,noise,
12255,event,event
12177,noise,
12235,structural,
12232,noise,
12231,event,
12229,noise,
12228,event,
12205,structural,
12204,noise,
12202,noise,
12201,noise,
12176,event,
12175,noise,
12174,event,
12165,event,
12161,noise,
12097,event,
12146,event,event|event|event|event|event|event|event|event|event|event|event
12142,event,
12141,event,
12128,event,
12127,noise,
12126,event,event
12122,event,
12098,noise,
12095,noise,
12094,event,
12092,structural,
12073,noise,
12071,event,
12070,structural,structural|structural|structural|structural|structural|structural|structural|structural|structural|structural|structural
12069,structural,structural|structural|structural|structural|structural|structural|structural|structural|structural|structural|structural
12064,event,
12063,noise,
12062,event,
12018,noise,
12001,event,
12000,noise,
11998,structural,
11997,event,
11996,structural,
11995,noise,
11966,event,
11932,noise,
11955,noise,
11941,event,
11940,noise,
11933,sentiment,
11939,event,
11938,noise,
11931,noise,
11929,event,
11928,noise,
11927,noise,
11926,sentiment,
11925,noise,
11924,event,
11918,structural,
11894,event,
11892,event,
11869,sentiment,
11868,event,
11859,noise,
11858,noise,
11845,noise,
11844,noise,
11843,event,
11842,event,
11815,event,
11813,structural,
11799,event,
11798,noise,
11797,noise,
11787,event,
11769,noise,
11767,structural,
11764,structural,
11762,noise,
11760,event,event
11743,event,
11727,noise,
15724,structural,
11722,noise,
11710,event,
11686,event,
11684,event,event|event|event|event|event|event|event|event|event|event|event|event|event|event|event|event|event|event|event|event|event|event
11683,event,
11674,event,
11653,sentiment,
11651,event,
11649,event,
11648,noise,
11647,event,
20530,structural,
14593,noise,
11599,noise,
11598,structural,
11597,event,
11596,event,
11595,event,
16856,noise,
11587,event,
11585,event,
11557,event,
11544,event,
11541,event,
11540,noise,
11539,event,
11538,event,
11518,event,
12468,noise,
11484,event,
11483,event,
11454,event,
11453,noise,
11452,event,
11446,noise,
12466,noise,
12465,event,
15703,event,
15702,event,
17615,noise,
17614,noise,
15688,event,
13718,event,
15687,noise,
14914,noise,
15663,noise,
26687,event,
15659,noise,
15634,event,
14871,event,
15614,event,
15613,noise,
15612,noise,
15611,noise,
15607,noise,
15606,noise,
15605,event,
15604,noise,
14958,noise,
15595,noise,
13818,event,
15576,event,
14976,event,
15575,structural,
15571,event,
15569,event,
15566,sentiment,
15563,noise,
15562,noise,
15559,noise,
15558,event,
15557,noise,
13827,event,
15555,noise,
15550,noise,
15547,sentiment,
15540,event,
15536,event,
15533,noise,
15530,noise,
15528,noise,
18037,event,
15577,noise,
14698,noise,
13906,event,
13904,structural,structural|structural|structural|structural|structural|structural|structural|structural|structural|structural|structural
14872,event,
14876,noise,
14875,noise,
25459,event,
26707,noise,
13926,event,
14877,event,
22510,event,
14734,structural,structural|structural|structural|structural|structural|structural|structural|structural|structural|structural|structural|structural|structural|structural|structural|structural|structural|structural|structural|structural|structural
18036,event,
18035,event,
14744,event,
16287,event,
13972,noise,
13971,noise,
13970,sentiment,
14891,noise,
14892,noise,
18034,event,event
18020,event,event|event|event|event|event|event|event|event|event|event|event
16285,noise,
16283,sentiment,
15940,event,
15943,event,
23941,event,
26703,event,
25792,event,
13993,noise,
13997,event,
13996,noise,
13995,noise,
14900,noise,
14898,noise,
13994,event,
13992,noise,
13990,event,event|event|event|event|event|event|event|event|event|event|event
18963,event,
13987,noise,
13985,event,
13967,event,
13945,event,
13944,event,event
13941,noise,
13928,event,
13927,event,
13925,noise,
13924,structural,structural
13922,event,
13911,event,
13910,noise,
13909,noise,
13908,noise,
13882,event,
13881,event,
13838,noise,
13837,noise,
13836,noise,
13835,noise,
13833,event,event|event|event|event|event|event|event|event|event|event|event
13831,event,event|event|event|event|event|event|event|event|event|event|event
13816,event,
13788,event,
13786,structural,structural|structural|structural|structural|structural|structural|structural|structural|structural|structural|structural
13779,event,
13777,noise,
13769,noise,
13765,noise,
13764,noise,
13746,event,
13745,event,
13739,event,
13741,noise,
16309,event,
23939,event,
21996,structural,
13719,noise,
13686,event,
13684,event,event|event|event|event|event|event|event|event|event|event|event|event|event|event|event|event|event|event|event|event|event
13681,noise,
13680,structural,structural|structural|structural|structural|structural|structural|structural|structural|structural|structural|structural|structural|structural|structural|structural|structural|structural|structural|structural|structural|structural
13672,event,
13670,event,
13668,noise,
13651,event,
13640,noise,
13639,event,
13634,noise,
21995,event,
13603,noise,
13397,noise,
13386,sentiment,
13598,noise,
13558,structural,
13554,event,
13529,event,
13359,noise,
13495,event,
13490,event,
13476,event,
13475,noise,
13471,event,
13470,event,
13469,noise,
13468,noise,
13465,event,
13464,noise,
13463,event,
13451,noise,
13356,event,
26721,event,
13450,noise,
13433,event,
13429,structural,
13428,event,
13414,noise,
13413,event,
13398,event,
13412,event,
13411,event,
13396,noise,
13388,noise,
13385,event,
13384,noise,
13383,event,
13382,event,event|event|event|event|event|event|event|event|event|event|event
13381,event,
13380,noise,
13379,structural,
13354,noise,
13353,noise,
13350,noise,
13345,noise,
13340,noise,
13339,noise,
13338,event,
13337,noise,
13336,noise,
13335,event,
13334,noise,
13324,noise,
13314,event,
13299,event,
13284,event,
13282,event,
13266,noise,
13250,event,
13248,event,
13224,noise,
13247,noise,
13244,noise,
13226,event,
13212,noise,
13206,noise,
13178,event,
13177,event,
13175,event,
13169,noise,
13168,event,
13160,noise,
13137,event,
13135,noise,
13115,event,
13114,noise,
13112,event,
13110,event,
13109,event,
13101,event,
13074,event,
13071,noise,
13052,noise,
13049,noise,
13008,event,
13046,noise,
13034,structural,
13010,event,
13004,noise,
13002,event,
13001,structural,structural|structural|structural|structural|structural|structural|structural|structural|structural|structural|structural|structural|structural
13000,event,
12990,noise,
12985,structural,structural|structural|structural|structural|structural|structural|structural|structural|structural|structural|structural|structural|structural
12984,event,
12983,event,
12948,noise,
12947,noise,
12940,event,
12926,event,
12891,event,
12889,noise,
26717,noise,
12887,event,
12884,event,
12857,noise,
12829,noise,
12825,noise,
12816,noise,
12812,event,
12811,noise,
12787,noise,
12786,event,
12726,noise,
12767,event,
12749,event,
12728,event,
12727,event,
12725,noise,
12724,event,
12710,event,
12709,event,
12708,noise,
12706,event,
12704,noise,
12680,event,
12678,event,
12676,event,
12675,event,
12670,event,
12667,event,
12661,noise,
12657,sentiment,
12648,event,
12647,structural,
12644,noise,
12641,event,
12638,event,
12636,event,
12634,noise,
12633,structural,
12632,noise,
12629,event,
12621,structural,
12618,noise,
12616,event,
12608,noise,
12614,noise,
12612,event,
12607,event,
12603,event,
12601,noise,
12598,event,
12597,event,
12592,structural,
12591,noise,
12586,event,
12584,noise,
12583,noise,
12582,event,
12581,event,
12580,structural,
12578,event,
12575,noise,
12571,structural,
12570,noise,
12569,noise,
12565,noise,
12560,event,
12559,event,
12555,event,
12551,noise,
12549,event,
12542,event,
12530,event,
12526,structural,
12525,event,
12524,event,
12522,event,
12515,noise,
12512,structural,
12507,noise,
12506,noise,
18841,noise,
12500,event,
12497,event,
12492,noise,
12491,noise,
12490,event,
12489,event,
12486,event,
12484,event,
12483,noise,
12482,noise,
12478,event,
12477,event,
14042,noise,
15610,sentiment,
15609,noise,
21984,noise,
18014,event,
16448,noise,
18012,event,
18011,noise,
19934,event,
15400,event,
14969,event,
17999,noise,
14960,noise,
14951,event,
14910,noise,
14907,structural,structural|structural|structural|structural|structural|structural|structural|structural|structural|structural|structural|structural|structural|structural|structural|structural|structural|structural|structural|structural|structural
14889,event,
17996,event,
14842,noise,
19938,structural,
15011,event,
20561,noise,
20557,event,event
21277,noise,
21970,noise,
15029,event,
15041,event,
17995,noise,
21723,event,
21968,structural,
21967,event,
23920,sentiment,
15117,event,
21966,event,event|event|event|event|event|event|event|event|event|event|event
21965,event,
18475,noise,
25447,event,
21726,event,
19942,event,
18480,event,
19941,noise,
15157,noise,
15104,event,
25176,noise,
15062,noise,
15060,structural,
15058,noise,
15057,event,
15056,noise,
15052,event,
15049,event,
15048,noise,
15039,noise,
15033,noise,
15028,noise,
15027,event,
15026,structural,
15194,event,event|event|event|event|event|event|event|event|event|event|event
15193,event,
19939,event,
19937,noise,
18492,noise,
19935,event,
23916,event,
21964,noise,
16004,event,
17939,event,
21734,noise,
19913,noise,
15249,noise,
24727,sentiment,
16039,event,
19910,event,
15268,event,
16050,noise,
16049,event,
19909,noise,
19908,noise,
19892,event,
16715,noise,
15309,structural,
19886,event,
15310,noise,
17924,event,
17760,noise,
19878,event,
19877,event,
19876,event,
16076,structural,
16073,event,
19874,noise,
16075,event,
16341,event,
19866,event,
21961,event,
17919,noise,
17895,noise,
16340,noise,
17891,noise,
17890,event,
15376,event,
15391,structural,
19862,event,
17877,noise,
21959,event,
19846,event,
19845,event,
17829,event,
18507,event,
19837,event,
17823,event,
16101,noise,
18511,structural,
15538,event,
17859,sentiment,
17857,event,event
18666,event,
19818,event,
19817,noise,
19816,noise,
15448,noise,
19813,event,event|event|event|event|event|event|event|event|event|event|event|event|event|event|event|event|event|event|event|event|event
17860,noise,
15467,noise,
15466,event,
15475,noise,
15472,noise,
16367,event,event|event|event|event|event|event|event|event|event|event|event
21957,noise,
16370,noise,
21956,event,
15484,noise,
15483,noise,
15479,event,
15474,event,
15458,event,event
15447,structural,structural
15446,noise,
15431,event,
15419,event,
15418,event,
15417,event,
15383,event,
15382,event,
15379,noise,
15377,noise,
15370,event,
15368,event,
15326,noise,
15304,event,
15296,noise,
18571,event,
15278,event,
15257,noise,
15253,noise,
15251,event,
15204,noise,
15203,noise,
15535,noise,
15534,event,
17875,event,
19787,noise,
15542,event,
15549,event,
17840,noise,
16155,event,
15570,event,
15664,noise,
15635,noise,
18959,noise,
15583,event,
19783,event,
15587,event,
19761,event,event
16380,event,
15668,event,
15585,event,
15584,event,
17908,noise,
17907,event,event
15617,event,
16420,noise,
16383,structural,
19759,event,event
18990,event,
18509,event,
19751,noise,
16176,noise,
17838,sentiment,
17834,noise,
17828,sentiment,
17533,event,event|event|event|event|event|event|event|event|event|event
17827,noise,
15638,noise,
19726,event,
17920,event,
17940,structural,structural
18506,sentiment,
17825,noise,
15691,noise,
19721,structural,
16499,sentiment,
17935,noise,
19685,event,
17957,structural,
19683,event,
19682,event,
16450,noise,
19681,event,
17822,event,
19680,event,
17821,event,
17810,event,
19677,noise,
19676,event,
15700,structural,
16472,structural,structural|structural|structural|structural|structural|structural|structural|structural|structural|structural|structural
16471,structural,
16470,event,
17809,event,
17808,event,
17807,structural,
17806,event,
17805,structural,structural
17804,noise,
17802,event,
17797,event,
19650,event,
16538,structural,
16537,noise,
16560,event,event
17796,noise,
17794,noise,
17532,structural,structural|structural|structural|structural|structural|structural|structural|structural|structural|structural
17793,event,
16581,event,
19612,event,
19611,structural,structural|structural|structural|structural|structural|structural|structural|structural|structural|structural|structural
17997,event,
19610,event,
19608,structural,structural|structural|structural|structural|structural|structural|structural|structural|structural|structural|structural|structural|structural|structural|structural|structural|structural|structural|structural|structural
17770,structural,structural|structural|structural|structural|structural|structural|structural|structural|structural|structural|structural|structural|structural|structural|structural|structural|structural|structural|structural|structural|structural|structural
17769,noise,
17768,noise,
17767,event,event|event|event|event|event|event|event|event|event|event|event
19591,structural,structural|structural|structural|structural|structural|structural|structural|structural|structural|structural|structural
19590,event,event|event|event|event|event|event|event|event|event|event|event
18505,noise,
20529,noise,
19588,event,
19587,event,
18504,noise,
18503,noise,
18502,event,
17765,noise,
19579,structural,structural|structural|structural|structural|structural|structural|structural|structural|structural|structural|structural|structural|structural|structural|structural|structural|structural|structural|structural|structural
19567,noise,
19566,event,
18043,noise,
18042,noise,
18041,sentiment,
16642,structural,structural|structural|structural|structural|structural|structural|structural|structural|structural|structural
17763,event,
16692,event,
16690,event,event
17762,noise,
17761,event,
17751,noise,
16712,event,
17611,event,
24867,event,
17748,noise,
20819,event,
18060,event,
16730,sentiment,
19509,event,
19507,event,
18059,noise,
17082,noise,
17081,event,
19502,event,
16764,structural,
19488,event,
19487,noise,
18093,noise,
19483,event,
16807,event,
16805,event,
19482,event,
18123,noise,
17745,event,
17743,structural,structural|structural|structural|structural|structural|structural|structural|structural|structural|structural|structural|structural
19474,noise,
17732,sentiment,
17730,event,
19472,noise,
19471,event,
19448,noise,
17040,noise,
17039,event,
21940,noise,
18121,event,
19122,event,
16843,structural,structural|structural|structural|structural|structural|structural|structural|structural|structural|structural|structural
16827,event,
16826,noise,
16823,sentiment,
16816,structural,
16820,event,
16817,structural,
16813,structural,
16812,event,
16796,event,
16793,event,
16792,noise,
16791,noise,
16780,noise,
16777,sentiment,
16775,noise,
16774,event,
16762,event,
16735,noise,
16734,event,
16731,event,
16728,event,
16727,noise,
16716,noise,
16682,event,event|event|event|event|event|event|event|event|event|event|event
16679,noise,
16678,noise,
16676,noise,
16674,noise,
16673,event,
16651,structural,
16650,event,
16649,structural,
16648,structural,structural|structural|structural|structural|structural|structural|structural|structural|structural|structural|structural
16609,event,
16608,noise,
16606,structural,
16605,noise,
16603,structural,structural|structural|structural|structural|structural|structural|structural|structural|structural|structural
16602,structural,
16584,noise,
16583,noise,
16578,structural,structural
16577,structural,structural|structural|structural|structural|structural|structural|structural|structural|structural|structural|structural|structural|structural|structural|structural|structural|structural|structural|structural|structural|structural|structural
16540,noise,
16539,noise,
16521,event,
16520,event,
16493,noise,
16490,noise,
16489,event,event|event|event|event|event|event|event|event|event|event|event
16468,event,
16457,event,
16456,noise,
16455,noise,
16452,noise,
16419,event,
16417,event,event|event|event|event|event|event|event|event|event|event|event|event|event|event|event|event|event|event|event|event|event
16401,noise,
16399,event,
16311,event,
16372,event,
16369,event,
16356,noise,
16310,event,
16334,event,
16288,event,
16333,noise,
16315,event,
16314,event,
16307,event,
16305,event,
16304,noise,
16303,event,
16291,event,
16290,event,
16286,noise,
16273,structural,
16272,event,
16249,event,
16247,structural,
16245,noise,
16244,event,
16243,sentiment,
16225,noise,
16224,noise,
16222,noise,
16221,noise,
16220,event,
16219,noise,
16217,structural,
16207,noise,
16199,event,
16198,event,
16177,noise,
16174,event,
16170,event,event|event|event|event|event|event|event|event|event|event|event
16154,structural,
16151,event,
18114,event,
18113,noise,
17604,sentiment,
16148,event,
16147,event,
16146,noise,
16139,event,
16135,event,
18154,event,
17729,structural,
17728,event,
16130,event,
16129,event,
16103,noise,
16099,noise,
16097,event,
16082,event,
16074,noise,
16056,event,
19435,event,
26767,noise,
18457,noise,
19433,noise,
17727,event,
17725,event,
17712,noise,
16055,noise,
16038,noise,
16008,noise,
16007,event,
16006,noise,
16003,event,
16002,sentiment,sentiment
15992,event,
15991,event,
15990,noise,
15969,structural,
15941,event,
15968,event,event|event|event|event|event|event|event|event|event|event|event
15966,event,
15965,noise,
15964,event,
15957,sentiment,
15956,noise,
15953,noise,
15942,event,
15938,event,
15927,noise,
15926,noise,
15924,noise,
19428,event,
15921,event,event|event|event|event|event|event|event|event|event|event|event|event
19420,noise,
19419,event,
19416,event,
19415,event,
16895,sentiment,
16898,sentiment,
16897,sentiment,
16896,sentiment,
16891,event,
19414,event,
17107,noise,
19405,event,
18170,noise,
19388,noise,
16922,noise,
19373,event,
16939,sentiment,
17711,noise,
19369,event,
19352,event,
19348,noise,
18174,noise,
18171,noise,
19347,event,
18205,noise,
17710,structural,
17709,event,
19346,event,
17705,event,event|event|event|event|event|event|event|event|event|event|event
19343,event,event|event|event|event|event|event|event|event|event|event|event
16995,noise,
16993,noise,
17000,event,
16997,structural,
19341,event,
17016,event,
17001,event,
19322,noise,
19321,event,
17007,event,
17020,event,
19304,noise,
17025,structural,
17693,noise,
19303,event,
18890,event,
17059,structural,
19302,event,
17692,noise,
17067,structural,
19301,event,
18906,noise,
17077,noise,
17084,noise,
19278,event,
19277,noise,
17096,event,
17094,noise,
17101,event,
19256,event,
19255,noise,
19253,event,
18271,sentiment,
18270,event,
18269,noise,
17687,event,
22473,noise,
17686,event,
19250,event,
19249,noise,
17666,noise,
17126,event,
19228,event,
18286,event,
19222,event,
18311,noise,
19217,event,
19200,noise,
19191,sentiment,
19190,event,
19184,noise,
17165,event,
18324,noise,
19169,noise,
19160,event,
19159,sentiment,
18322,event,event
17588,event,
18335,noise,
19158,event,
19156,event,
18358,noise,
17664,event,
21917,event,
20804,structural,
21916,noise,
23915,noise,
21572,noise,
18374,event,
18373,structural,
17269,event,
17268,noise,
21915,noise,
17639,structural,
23908,noise,
23907,event,
17637,noise,
18391,noise,
19121,structural,
17263,noise,
23906,noise,
18388,event,
18387,noise,
18386,event,event
18372,event,
17297,event,
19093,sentiment,
19092,event,
18357,event,
17326,event,
18354,noise,
18336,event,
18323,event,
18309,structural,
18306,noise,
18284,event,
18264,noise,
18263,noise,
18236,structural,structural
24550,event,
17378,event,
18230,event,
23887,event,
21773,noise,
23886,noise,
20566,event,
18179,event,
18178,structural,
18177,noise,
18176,noise,
18175,event,
18172,event,
18169,noise,
18168,event,event|event|event|event|event|event|event|event|event|event|event
18155,event,
18151,noise,
18150,event,event|event|event|event|event|event|event|event|event|event|event
18149,structural,structural|structural|structural|structural|structural|structural|structural|structural|structural|structural|structural
18147,event,
18122,event,event
18120,structural,
17435,event,
17420,event,
17419,event,
17418,event,
17416,event,
17404,event,
26766,event,
17399,noise,
26764,event,
17396,noise,
26763,event,
17351,structural,
17350,noise,
17349,event,
17348,noise,
17344,noise,
17325,event,
17323,noise,
17301,event,
17300,event,
17299,noise,
17262,event,
17228,event,event
17224,event,
17223,event,
17210,noise,
26758,noise,
17192,structural,
17191,noise,
17162,noise,
17153,event,
17152,sentiment,
17151,event,
17149,event,
17128,event,
17127,event,
17099,event,
17095,structural,
17092,event,
17088,structural,
17076,event,
17075,event,
17065,event,event|event|event|event|event|event|event|event|event|event|event
17057,noise,
17056,event,
17055,event,
17010,event,
17047,event,
17038,noise,
17037,event,
17035,event,
17023,noise,
26756,event,
17009,noise,
17005,sentiment,
16991,event,
16983,structural,
16976,event,
16972,event,
16969,event,
16959,noise,
16958,event,
16957,noise,
16956,event,
16955,structural,structural|structural|structural|structural|structural|structural|structural|structural|structural|structural|structural|structural
16945,event,
16943,sentiment,
16942,noise,
18118,event,
18117,noise,
17619,noise,
17597,event,
17589,noise,
17555,structural,structural|structural|structural|structural|structural|structural|structural|structural|structural|structural|structural
17553,noise,
17531,event,
17511,noise,
17506,event,
17501,noise,
17489,noise,
17488,event,
17487,noise,
18440,event,
18439,sentiment,
18438,sentiment,
22453,structural,
21910,noise,
18548,noise,
26755,noise,
18562,noise,
26746,event,
19985,sentiment,sentiment
19984,sentiment,
19983,noise,
19982,sentiment,
18547,event,
26745,event,
18574,structural,
18568,noise,
20013,sentiment,
18593,noise,
18592,event,
18587,noise,
20017,noise,
20023,noise,
18631,noise,
21800,noise,
18651,event,
18660,noise,
18669,event,
23863,event,
18668,event,
23862,event,
23852,event,
23847,noise,
22452,structural,
18695,event,
23846,event,
23845,noise,
20613,event,
20052,event,
18684,event,
20048,event,
21846,event,
20045,event,
21845,noise,
21844,event,
23843,event,
21831,event,
20066,structural,
20820,noise,
21834,event,
21833,noise,
21832,event,
18703,event,
18701,noise,
18700,structural,
21815,event,
23819,event,
23818,noise,
20617,event,
18735,event,event|event|event|event|event|event|event|event|event|event|event
21850,noise,
21849,noise,
21847,sentiment,
20831,event,event|event|event|event|event|event|event|event|event|event|event|event|event|event|event|event|event|event|event|event|event|event|event
23786,sentiment,
20626,event,
21843,event,
21863,noise,
20132,event,
21814,noise,
18786,event,
23778,event,
18812,noise,
21812,event,
20641,noise,
21883,event,
21811,noise,
20153,sentiment,
21888,event,
20155,event,
19015,event,
23769,sentiment,
19192,event,
20161,noise,
26732,sentiment,
23741,event,
18893,noise,
23735,event,
23734,noise,
23733,event,
23726,noise,
21911,event,
23716,noise,
19202,noise,
23715,event,
23711,event,
20171,event,
20179,event,
20178,event,
20183,noise,
20176,event,
23050,event,
23710,structural,
23709,noise,
23704,noise,
27598,structural,structural|structural|structural|structural|structural|structural|structural|structural|structural|structural|structural
20186,event,
23702,event,
18927,event,
23700,event,
21912,noise,
23695,noise,
21932,event,
21931,structural,
20655,event,
23415,noise,
21930,event,
23686,event,
23675,noise,
23674,sentiment,
21787,noise,
20210,event,
20211,event,
18991,event,
21786,noise,
23961,sentiment,
20686,noise,
24003,event,
19010,event,
21772,event,
20226,noise,
21771,noise,
20224,noise,
20223,noise,
20222,event,
26729,event,
19027,event,
19026,noise,
19016,event,
19014,noise,
19012,noise,
19009,event,
19008,sentiment,
18994,noise,
18993,event,
18965,event,
18961,event,
18960,event,event
18946,noise,
18935,event,
18934,event,
18933,noise,
18931,noise,
18930,noise,
18929,noise,
18910,noise,
18907,event,
18905,noise,
18904,noise,
18873,event,event|event|event|event|event|event|event|event|event|event|event
18870,noise,
18869,event,
18868,event,
18867,noise,
18842,event,
18840,event,
18793,event,event|event|event|event|event|event|event|event|event|event
18733,event,
18736,noise,
18731,event,
18730,noise,
18729,event,
18705,noise,
18702,noise,
18699,event,
18676,event,
18675,event,
18663,event,
18661,event,
18657,event,
18653,noise,
18646,event,
18643,event,
18642,noise,
18636,sentiment,
18635,event,
18630,event,
18629,noise,
18625,noise,
18603,event,
18602,event,
18601,noise,
18599,noise,
18596,event,event
18590,event,
18588,event,
18585,event,
18582,noise,
18579,noise,
18578,noise,
18564,event,
18563,event,
18561,event,
18557,noise,
18556,noise,
26724,noise,
18555,noise,
18553,event,
18543,event,
18537,noise,
18536,event,
18535,event,
18532,event,
18526,event,
18517,noise,
18493,event,
18491,noise,
18489,event,
18476,event,
18473,event,
26722,event,
21960,noise,
26720,event,
26714,event,event|event|event|event|event|event|event|event|event|event|event
21977,event,
19077,noise,
21770,event,event
19095,structural,structural|structural|structural|structural|structural|structural|structural|structural|structural|structural|structural|structural|structural|structural|structural|structural|structural|structural|structural|structural|structural|structural
20264,event,
21303,event,
21258,noise,
21254,noise,
26711,event,
24013,noise,
20858,structural,
21988,event,
21987,event,
24018,event,
22960,structural,
21769,noise,
21767,noise,
20692,noise,
21997,noise,
20690,structural,
26686,event,
19149,event,
20687,structural,
19155,event,
19154,event,
19153,noise,
20684,noise,
21993,event,
21763,event,
21762,noise,
21758,event,
22007,noise,
22009,noise,
21756,structural,structural|structural|structural
19171,event,
19168,noise,
20683,event,
26676,noise,
26675,noise,
19193,event,
26672,event,
19199,event,
20709,event,
19220,noise,
26669,event,
19233,noise,
19232,noise,
19230,event,
19242,noise,
26652,event,
21749,noise,
25358,event,
25356,event,
19276,event,
24666,noise,
24665,event,
20706,event,
20703,noise,
20701,noise,
26632,noise,
21735,sentiment,
26630,event,
26629,noise,
26627,event,
21220,noise,
22604,event,
26625,event,
20347,event,
26604,noise,
22047,event,event
26602,event,
21255,noise,
19375,noise,
19374,event,
22405,noise,
20727,sentiment,
19392,structural,structural|structural|structural|structural|structural|structural|structural|structural|structural|structural|structural
19391,noise,
26599,event,
22066,structural,structural
21263,noise,
20729,noise,
28405,noise,
19408,event,
19407,event,
19406,event,
22060,event,event|event|event|event|event|event|event|event|event|event|event|event|event|event|event|event
24901,noise,
20731,event,
20363,event,
20733,event,
20732,event,
28404,event,
22105,noise,
19417,event,
21733,noise,
19690,event,
19653,noise,
24090,event,
24089,event,
25185,noise,
26585,noise,
26580,event,event|event|event|event|event|event|event|event|event|event|event
25310,sentiment,
26579,event,
19447,event,
22414,structural,
20875,sentiment,
26578,sentiment,
26576,event,
19503,noise,
19475,event,
24088,event,
26565,noise,
22132,event,
21728,event,
19504,event,
21722,structural,
28769,noise,
21718,event,
21717,sentiment,
26563,event,event|event|event|event|event|event|event|event|event|event|event
24104,event,
22131,event,
20730,structural,
26554,event,
25328,noise,
25326,noise,
19688,structural,
26552,noise,
26551,event,
19549,event,
24121,event,
21710,noise,
21707,noise,
26549,noise,
26548,event,
20963,noise,
25194,event,
26547,event,
19537,event,
19551,event,
22166,event,
20885,structural,structural|structural|structural|structural|structural|structural|structural|structural|structural|structural|structural|structural|structural|structural|structural|structural|structural|structural|structural|structural|structural
24118,noise,
19548,sentiment,
22430,structural,
21701,event,
20410,event,
26535,structural,structural|structural|structural|structural|structural|structural|structural|structural|structural|structural
20752,noise,
26530,noise,
19563,noise,
26529,event,
20751,event,
26528,event,
24138,noise,
20890,noise,
22165,noise,
22184,noise,
21698,event,
19687,event,
25354,noise,
22191,event,
21697,event,
21696,noise,
19593,noise,
19592,structural,
22431,event,
22190,event,
22495,structural,
22185,event,
22183,structural,structural
19607,sentiment,
19606,event,
22199,event,
21673,noise,
25355,noise,
19637,structural,
19636,event,
20336,structural,
26502,event,event|event|event|event|event|event|event|event|event|event
19635,structural,
26501,event,
20470,noise,
26500,noise,
24151,event,
26498,event,
19647,structural,structural|structural|structural|structural|structural|structural|structural|structural|structural|structural|structural|structural|structural|structural|structural|structural|structural|structural|structural|structural|structural
26496,sentiment,sentiment
26495,event,
24160,event,
20904,noise,
19694,noise,
19693,event,
26483,noise,
26466,event,
19679,event,
20760,event,
26460,event,event|event|event|event|event|event|event|event|event|event|event
26459,event,event|event|event|event|event|event|event|event|event|event
26446,event,
24932,event,
21413,event,event|event|event|event|event|event|event|event|event|event|event
21412,event,
19718,noise,
19748,noise,
26445,noise,
26444,event,
19747,noise,
19746,event,event
26433,event,
26432,noise,
26431,event,
22253,noise,
21660,noise,
20503,noise,
19791,noise,
26393,noise,
20918,event,
26392,event,
21659,event,
20527,noise,
20526,event,
27074,event,
21658,event,
23694,noise,
22279,noise,
19782,event,
22293,event,
20776,event,
20774,noise,
22480,structural,structural|structural
21657,noise,
21656,event,
21048,event,
21047,sentiment,
25324,noise,
21652,noise,
26380,event,
26379,event,
21076,sentiment,
21074,noise,
26378,event,
26377,event,
26376,event,event|event|event|event|event|event|event|event|event|event|event|event|event|event|event|event|event|event|event|event|event
26374,noise,
26373,noise,
26372,event,event|event|event|event|event|event|event|event|event|event|event|event|event|event|event|event|event|event|event|event|event|event|event|event|event|event|event|event|event|event|event|event
26371,event,
21098,event,event
21091,event,
21089,structural,
21087,event,event
21086,event,
21084,event,
21083,event,
21638,structural,
21066,event,
21063,event,
21062,noise,
21058,event,
21051,event,
21035,noise,
20811,event,
21033,noise,
21032,noise,
21011,noise,
26363,noise,
20979,structural,
20977,event,
26362,event,
20964,event,
20961,event,
20949,structural,structural
20931,structural,structural
20930,noise,
20796,sentiment,
20928,noise,
20916,structural,structural
20915,event,
20914,noise,
20913,event,
20912,structural,structural|structural|structural|structural|structural|structural|structural|structural|structural|structural|structural|structural
26360,event,
20886,noise,
26358,event,
20873,structural,
20870,event,
20868,event,event|event|event|event|event|event|event|event|event|event
20866,noise,
20864,noise,
20863,event,
20853,noise,
20852,noise,
20849,noise,
20844,event,event|event|event|event|event|event|event|event|event|event|event
20828,event,
20827,event,
20822,noise,
20816,event,
20806,event,
20805,event,
20797,event,
20777,noise,
20754,event,
20735,event,
20734,event,
20728,noise,
20725,event,
20724,noise,
20693,event,
20685,structural,
20691,event,
20689,event,
20688,event,
20658,event,
20657,event,
20656,structural,
20653,noise,
20635,noise,
20625,sentiment,
20619,event,
20595,event,
20528,noise,
20592,noise,
20590,event,
20587,event,
20586,event,
20584,event,
20583,event,
20582,event,
20565,event,
20556,event,
20547,noise,
20541,noise,
20539,event,
20538,event,
20531,event,
20506,event,event|event|event|event|event|event|event|event|event|event|event
20505,event,
20502,noise,
20501,sentiment,
20498,noise,
20497,event,
20496,noise,
20486,noise,
26356,noise,
26353,noise,
20471,event,
26326,event,
20420,event,
20419,noise,
20417,noise,
20415,noise,
20409,event,
20227,event,
20391,noise,
20389,event,
20387,event,
20386,event,
20362,event,
20357,noise,
20360,event,
20345,sentiment,
20343,event,
20340,event,
20338,structural,structural|structural|structural|structural|structural|structural|structural|structural|structural|structural|structural
20312,event,
20311,noise,
20310,noise,
20290,event,
20282,noise,
20281,event,
20279,noise,
20278,noise,
20265,event,
20250,event,
20249,noise,
20248,noise,
20196,structural,
20195,noise,
20194,noise,
20190,noise,
20191,noise,
20092,sentiment,
20187,event,
20174,noise,
20173,structural,
20170,noise,
20076,sentiment,
20160,event,
20158,event,
20129,event,event
20154,event,
20149,noise,
20147,noise,
20142,noise,
20141,noise,
20140,event,
20139,event,
20138,event,
20133,event,
20131,event,
20121,event,
20120,noise,
20112,structural,
20111,noise,
20107,sentiment,
20106,noise,
20104,noise,
20100,noise,
20099,event,
20098,event,
20090,event,
20080,event,
20065,event,event|event|event|event|event|event|event|event|event|event
20059,noise,
20038,event,
20057,noise,
20054,noise,
20051,noise,
20050,noise,
20047,structural,
20036,noise,
20035,event,
20032,event,
20031,noise,
20026,event,
20025,event,
20021,noise,
20015,structural,structural|structural|structural|structural|structural|structural|structural|structural|structural|structural|structural|structural
20012,event,
22303,structural,
22291,event,
26467,noise,
26465,noise,
21164,noise,
21179,noise,
21199,event,
26324,noise,
22276,event,
25634,event,
26316,noise,
21198,event,
21197,event,
21211,noise,
21210,noise,
24249,noise,
24251,event,
26314,event,event|event|event|event|event|event|event|event|event|event|event
21250,noise,
28402,noise,
26304,event,
26302,noise,
25331,event,
21274,structural,
21271,noise,
22265,event,
22257,event,
24243,sentiment,
26298,noise,
26297,event,event|event|event|event|event|event|event|event|event|event
24264,noise,
22243,structural,
21318,event,event
22236,noise,
26293,event,
26292,noise,
26288,event,
21323,event,
22503,event,
21331,sentiment,sentiment
22223,noise,
21337,event,
21336,event,
21334,structural,structural|structural|structural|structural|structural|structural|structural|structural|structural|structural
22219,event,
21359,noise,
26257,event,
26254,noise,
22197,event,
22187,event,
22186,noise,
21393,event,
26251,noise,
25199,noise,
26238,event,
26237,noise,
26235,event,
26234,event,
26233,event,
26232,event,
24278,noise,
24279,event,
24277,event,
21414,event,
24276,event,
25314,noise,
22150,noise,
22149,event,
22148,noise,
22146,noise,
26230,event,
26220,event,
25752,event,
24961,event,
22129,sentiment,
25218,event,
24959,event,
22103,noise,
22102,sentiment,
22540,event,
22538,event,
22100,event,event
24312,noise,
22098,structural,
22096,noise,
22091,noise,
22090,noise,
22067,event,
22065,noise,
22064,noise,
22063,noise,
22061,event,event|event|event|event|event|event|event|event|event|event|event|event|event|event|event|event
22059,structural,structural|structural|structural|structural|structural|structural|structural|structural|structural|structural|structural|structural|structural|structural
26185,noise,
21512,noise,
26183,noise,
24318,noise,
23462,event,
25313,event,
21560,noise,
22029,event,
21561,event,event
21574,event,
21573,noise,
24319,event,
26170,event,event|event|event|event|event|event|event|event|event|event
26168,event,
21519,noise,
21518,noise,
21517,noise,
21515,event,
21514,noise,
21480,noise,
21479,event,event
21471,structural,
21458,noise,
21424,event,
21406,event,
21405,structural,
21403,event,
21376,event,
21394,event,
21375,event,
21230,event,
21377,noise,
21374,noise,
21370,noise,
21353,event,
21354,noise,
21352,noise,
21346,event,
21343,noise,
21342,event,event
21341,structural,
21340,event,
21329,noise,
21327,noise,
21321,event,
21320,structural,
21316,noise,
21299,noise,
21311,noise,
21310,noise,
21308,event,
21307,event,event
21306,structural,
21301,event,
21298,noise,
21294,event,event
21282,event,
21285,event,
21272,event,
21268,noise,
21267,event,
21266,noise,
21262,event,
21261,noise,
21260,event,
21259,event,
26167,event,
26166,event,
21615,structural,
21248,noise,
21240,event,
21228,noise,
21227,event,
21219,event,
21195,noise,
21187,noise,
21175,event,event|event|event|event|event|event|event|event|event|event|event
21174,event,
21172,noise,
21163,event,
21142,event,
22028,sentiment,
22027,event,
22026,event,event|event|event|event|event|event|event|event|event|event|event|event|event
22356,event,
26150,event,
28414,noise,
24978,event,
22377,noise,
22427,event,
26149,event,
26146,event,
22455,event,
22474,event,
26109,event,
26107,event,
26106,event,
26103,noise,
22533,structural,
28412,noise,
25219,noise,
26090,noise,
26089,noise,
26078,event,
24364,noise,
22578,noise,
26065,noise,
22618,noise,
22617,noise,
26004,event,
22502,event,
22493,noise,
22485,event,
22484,event,
22481,event,
22478,structural,structural|structural
22477,event,
22476,structural,
22472,event,
22471,event,
22466,event,
22463,event,
22458,noise,
22456,event,
22446,structural,
22443,noise,
22438,structural,
22432,event,
22421,noise,
22403,noise,
22402,noise,
22401,event,
22390,noise,
22380,noise,
22378,event,
22375,structural,
22374,event,
22373,event,
22372,noise,
22350,event,event
25977,noise,
24382,event,
24381,event,event
24380,noise,
24400,event,
25956,noise,
25955,noise,
25949,noise,
25948,event,
25947,noise,
25939,noise,
25901,event,
25899,event,
24389,event,
24388,event,event|event|event|event|event|event|event|event|event|event|event
24386,event,
24385,noise,
24384,event,
24383,noise,
24379,event,
24365,event,
24336,event,
22763,noise,
22780,noise,
24333,event,
24332,noise,
24321,event,
24311,event,
24310,sentiment,
24309,sentiment,
24308,event,
24306,event,
24305,event,event
24296,event,event|event|event|event|event|event|event|event|event|event|event
24294,event,
24292,event,
24265,event,
22804,event,
24261,event,
24260,noise,
24259,event,
24247,noise,
22820,event,
24245,event,
24168,noise,
24166,event,
24164,noise,
24163,noise,
24161,event,
24159,noise,
24158,noise,
24157,event,
24156,event,
22861,event,
22858,sentiment,sentiment
24155,noise,
24153,noise,
22865,event,event
22859,structural,
24146,noise,
23748,event,
23747,noise,
23746,event,
24135,event,
24133,event,
25882,event,
24131,noise,
24123,sentiment,
24122,sentiment,
24119,noise,
24116,sentiment,
24103,event,
22915,event,
24076,event,
24075,event,
24074,event,
24068,event,
24067,event,
24064,event,
22938,event,
22937,noise,
22936,event,event|event|event|event|event|event|event|event|event|event|event
24028,noise,
22961,event,event
24017,event,
24016,noise,
24011,noise,
24001,event,
22917,event,
25871,event,
25870,event,
25868,event,
25843,noise,
23002,event,
22992,event,
23001,event,
22975,event,
25841,event,
22924,event,
22923,event,
22916,event,
22885,event,
22884,noise,
22883,noise,
22875,noise,
22866,event,
22863,noise,
22856,event,
22841,noise,
22827,noise,
22793,event,
22774,event,event
22743,sentiment,
22740,event,
22733,noise,
22719,noise,
22702,noise,
22689,event,
22676,event,event|event|event|event|event|event|event|event|event|event|event|event|event|event|event|event|event|event|event|event|event|event
22675,noise,
25828,event,
23053,noise,
25827,noise,
25817,noise,
25524,event,
25522,event,
25521,event,event|event|event|event|event|event|event|event|event|event|event