date,symbol,netflow_usd,net_ratio,net_share,ret_day,fwd1,fwd2,fwd3,fwd5,cum5,cum10,btc_ret
2026-08-07,RED,3185.04,7.6e-05,0.0005,0.027356,-0.013927,-0.00202,-0.006783,-0.033764,7.6e-05,7.6e-05,0.0
2026-08-14,BARD,0.0,0.0,0.0,-0.041386,-0.051965,-0.045869,-0.052032,-0.06755,0.0,0.0,0.0
2026-08-19,RED,-103521.0,-0.002374,-1.0,0.032882,0.157814,0.368023,0.219834,0.275204,-0.002297,-0.002297,0.0
2026-08-19,STO,0.0,0.0,0.0,0.0,0.054027,0.138964,0.076193,0.07395,0.0,0.0,0.0
2026-08-20,RED,-5506486.63,-0.108821,-1.0,0.157814,0.181557,0.053567,0.087295,0.106925,-0.111118,-0.111118,0.0
2026-08-20,STO,23285.27,0.002521,1.0,0.054027,0.080583,0.021029,0.036344,-0.020709,0.002521,0.002521,0.0
2026-08-21,AMDon,4428.08,0.000527,0.1351,0.019527,-0.009721,-0.000972,-0.032942,0.021847,0.000527,0.000527,0.0
2026-08-21,BARD,0.0,0.0,0.0,0.117912,-0.032535,0.018081,-0.014101,-0.044052,0.0,0.0,0.0
2026-08-22,AERGO,-96050.57,-0.019361,-0.6552,0.0,0.037308,-0.021137,-0.014314,-0.045924,-0.019361,-0.019361,0.0
2026-08-22,ARMB,-154704.97,-0.10497,-0.3538,0.0,0.019592,-0.012493,0.004566,0.049296,-0.10497,-0.10497,0.0
2026-08-22,ASM,-77789.1,-0.008529,-0.5368,0.0,-0.158825,-0.17115,-0.169975,-0.160243,-0.008529,-0.008529,0.0
2026-08-22,METH,-302876.5,-0.000531,-1.0,0.0,0.022508,0.029472,0.012547,0.040482,-0.000531,-0.000531,0.0
2026-08-22,RED,-681086.46,-0.012721,-1.0,-0.108323,0.032013,0.045392,0.050645,-0.009896,-0.123839,-0.123839,0.0
2026-08-22,SKHYon,6264.46,0.003952,1.0,0.0,0.025406,-0.051842,-0.027451,-0.019723,0.003952,0.003952,0.0
2026-08-22,SMHB,-27487.82,-0.02652,-1.0,0.0,0.00781,-0.016699,0.003349,0.025598,-0.02652,-0.02652,0.0
2026-08-23,AERGO,-39070.18,-0.007592,-0.2683,0.037308,-0.056343,-0.049765,-0.042686,-0.086515,-0.026953,-0.026953,2e-06
2026-08-23,ASM,-7495.51,-0.000977,-1.0,-0.158825,-0.014653,-0.013256,0.004682,0.007451,-0.009506,-0.009506,2e-06
2026-08-23,BILL,-83351.69,-0.001615,-1.0,0.041391,-0.035512,-0.077059,-0.054193,-0.061078,-0.001615,-0.001615,2e-06
2026-08-23,LINK,108357.83,1.3e-05,1.0,0.003814,0.001212,-0.017159,-0.004329,0.011794,1.3e-05,1.3e-05,2e-06
2026-08-23,METH,-57642.9,-9.9e-05,-1.0,0.022508,0.006811,-0.009742,0.015769,0.013212,-0.00063,-0.00063,2e-06
2026-08-23,STO,5313.65,0.000555,0.3188,0.014999,-0.016831,-0.055052,-0.005837,-0.002268,0.003077,0.003077,2e-06
2026-08-23,WBETH,432838.92,4.7e-05,1.0,0.016725,0.008343,-0.003718,0.015821,0.010922,4.7e-05,4.7e-05,2e-06
2026-08-23,cbETH,2029.25,4e-06,0.0098,0.019983,0.007453,-0.006729,0.015104,0.010225,4e-06,4e-06,2e-06
2026-08-24,AERGO,-32747.39,-0.006743,-0.3688,-0.056343,0.00697,0.014472,-0.025323,-0.024106,-0.033696,-0.033696,0.057756
2026-08-24,AMDon,-6213.95,-0.000773,-0.1078,-0.032001,0.053558,0.056656,0.039965,0.02279,-0.000246,-0.000246,0.057756
2026-08-24,ARMB,-13946.43,-0.009522,-0.3047,-0.031469,0.017276,0.109352,0.062571,0.006401,-0.114492,-0.114492,0.057756
2026-08-24,BILL,264742.66,0.00532,1.0,-0.035512,-0.043077,-0.019369,-0.006813,-0.037611,0.003704,0.003704,0.057756
2026-08-24,CAP,77644.22,0.00072,1.0,-0.016374,0.006519,0.027682,-0.033239,-0.002671,0.00072,0.00072,0.057756
2026-08-24,CBBTC,0.0,0.0,0.0,0.014807,-0.001359,-0.002602,0.016028,-0.011636,0.0,0.0,0.057756
2026-08-24,ENA,-119402.95,-7.9e-05,-0.2409,-0.074818,-0.048075,-0.058389,0.112088,0.025373,-7.9e-05,-7.9e-05,0.057756
2026-08-24,LBTC,77567.02,8.3e-05,1.0,0.017907,-0.006301,-0.001491,0.014787,-0.016834,8.3e-05,8.3e-05,0.057756
2026-08-24,MORPHO,160020.93,0.000119,1.0,-0.080344,-0.033945,-0.022625,-0.019028,-0.080714,0.000119,0.000119,0.057756
2026-08-24,ONDO,-136518.22,-7.3e-05,-1.0,0.000207,-0.042571,-0.036851,-0.009893,-0.085038,-7.3e-05,-7.3e-05,0.057756
2026-08-24,PAXG,148264.52,7.4e-05,0.414,0.010735,0.001703,-0.009714,-0.010722,-0.040523,7.4e-05,7.4e-05,0.057756
2026-08-24,SENT,97645.57,0.00108,1.0,-0.080486,-0.010833,0.005134,0.027725,0.021023,0.00108,0.00108,0.057756
2026-08-24,SKHYon,-2522.58,-0.001693,-0.0647,-0.075334,0.025725,0.063433,0.033875,0.040102,0.002259,0.002259,0.057756
2026-08-24,SMHB,38625.45,0.036412,0.4212,-0.024319,0.020388,0.040334,0.043015,0.016132,0.009892,0.009892,0.057756
2026-08-24,STO,51901.96,0.005516,1.0,-0.016831,-0.038876,0.011181,0.01601,-1.2e-05,0.008592,0.008592,0.057756
2026-08-24,WBETH,357746.78,3.9e-05,0.4436,0.008343,-0.011961,0.007416,0.014029,-0.012531,8.6e-05,8.6e-05,0.057756
2026-08-24,WLD,-54415.04,-3.7e-05,-1.0,-0.004023,-0.042841,-0.01855,0.024269,-0.074049,-3.7e-05,-3.7e-05,0.057756
2026-08-24,XAUt,100261.33,3.5e-05,0.1557,0.011022,0.001584,-0.009461,-0.009465,-0.039706,3.5e-05,3.5e-05,0.057756
2026-08-24,stETH,1788174.53,7.5e-05,0.6545,0.008399,-0.013575,0.006573,0.011517,-0.013655,7.5e-05,7.5e-05,0.057756
2026-08-25,AAVE,2206075.42,0.001125,0.1596,-0.046896,-0.004103,0.013594,-0.011287,-0.002754,0.001125,0.001125,0.023064
2026-08-25,AERGO,91481.23,0.018708,0.5389,0.00697,0.00745,-0.032069,-0.038674,-0.015599,-0.014989,-0.014989,0.023064
2026-08-25,ALLO,-165544.17,-0.003183,-1.0,-0.010531,-0.026036,-0.007208,-0.025116,-0.048271,-0.003183,-0.003183,0.023064
2026-08-25,AMDon,13172.63,0.001555,1.0,0.053558,0.00294,-0.012902,-0.017136,-0.027152,0.001309,0.001309,0.023064
2026-08-25,ARKM,-175969.08,-0.007054,-0.3196,-0.022871,0.03237,0.033021,0.007868,0.017045,-0.007054,-0.007054,0.023064
2026-08-25,ARMB,19176.22,0.012727,1.0,0.017276,0.090512,0.044526,0.039354,-0.005867,-0.101765,-0.101765,0.023064
2026-08-25,ASMLB,649173.77,0.494344,1.0,0.003086,0.016866,-0.00934,-0.007536,-0.019924,0.494344,0.494344,0.023064
2026-08-25,ATH,321803.57,0.003266,0.6893,-0.056025,0.018733,0.028139,-0.011161,-0.013538,0.003266,0.003266,0.023064
2026-08-25,AVGOon,-34200.97,-0.007766,-0.3333,-0.003346,0.000375,0.039095,0.04156,0.032308,-0.007766,-0.007766,0.023064
2026-08-25,AXS,11885.31,7.1e-05,0.0336,-0.020541,-0.014224,-0.010449,-0.028656,-0.056323,7.1e-05,7.1e-05,0.023064
2026-08-25,BARD,-143063.22,-0.003525,-1.0,-0.044546,0.014827,0.059255,0.039615,0.051543,-0.003525,-0.003525,0.023064
2026-08-25,BLUR,-419.14,-9e-06,-0.0009,-0.013325,-0.010061,-0.003786,-0.035483,-0.029016,-9e-06,-9e-06,0.023064
2026-08-25,CAP,388135.37,0.003574,0.7937,0.006519,0.021026,-0.039501,-0.038418,-0.002493,0.004293,0.004293,0.023064
2026-08-25,CBBTC,-4656709.43,-0.000625,-0.6489,-0.001359,-0.001245,0.01741,0.011463,-0.007642,-0.000625,-0.000625,0.023064
2026-08-25,CBXRP,-399763.31,-0.002332,-0.1044,-0.022257,-0.028932,0.000451,-0.017965,-0.037677,-0.002332,-0.002332,0.023064
2026-08-25,CHZ,300287.28,0.00204,1.0,-0.028728,0.009791,0.018932,-0.000343,-0.014437,0.00204,0.00204,0.023064
2026-08-25,CRCLB,674494.95,0.007783,1.0,0.045771,-0.016641,0.035061,0.023237,-0.040115,0.007783,0.007783,0.023064
2026-08-25,CRDOB,-50982.55,-0.077334,-1.0,0.020706,0.035759,0.047593,0.046913,0.033197,-0.077334,-0.077334,0.023064
2026-08-25,CRV,-24954.13,-5.1e-05,-0.0839,-0.036313,-0.020454,0.030721,0.00034,-0.044003,-5.1e-05,-5.1e-05,0.023064
2026-08-25,DOS,96364.99,0.001938,1.0,0.081864,-0.061533,-0.032734,0.001036,0.135262,0.001938,0.001938,0.023064
2026-08-25,DRV,-65185.57,-0.000595,-1.0,-0.084569,0.117299,0.172008,0.125364,0.162422,-0.000595,-0.000595,0.023064
2026-08-25,EDGE,-3350536.17,-0.024682,-1.0,-0.017942,-0.059266,-0.004655,-0.011134,-0.026781,-0.024682,-0.024682,0.023064
2026-08-25,EIGEN,-1276254.58,-0.006975,-0.1536,-0.058724,-0.03819,-0.014148,-0.047637,-0.072099,-0.006975,-0.006975,0.023064
2026-08-25,ENA,-423532.13,-0.000296,-0.1553,-0.048075,-0.010834,0.168252,0.09743,0.096891,-0.000376,-0.000376,0.023064
2026-08-25,ETHFI,1715238.07,0.002984,0.7116,-0.097048,0.011245,0.035835,-0.017835,-0.034966,0.002984,0.002984,0.023064
2026-08-25,EWYB,-317499.45,-0.031888,-1.0,0.038085,0.026539,0.00491,0.004448,0.00979,-0.031888,-0.031888,0.023064
2026-08-25,FF,-160632.07,-0.000518,-0.2855,0.114276,-0.052749,-0.119586,-0.115599,-0.083567,-0.000518,-0.000518,0.023064
2026-08-25,FLOKI,-65887.29,-0.000261,-0.2293,-0.020381,0.011241,0.0118,-0.010018,-0.038966,-0.000261,-0.000261,0.023064
2026-08-25,GALA,-323221.12,-0.003505,-0.6141,-0.031381,-0.03401,0.0034,-0.023981,-0.045539,-0.003505,-0.003505,0.023064
2026-08-25,GRT,-243244.15,-0.001252,-0.4069,-0.004389,-0.015623,-0.003203,-0.030164,-0.066571,-0.001252,-0.001252,0.023064
2026-08-25,GRVT,51020.55,0.002224,1.0,-0.032201,-0.087002,-0.137023,-0.179392,-0.150973,0.002224,0.002224,0.023064
2026-08-25,IMX,-62049.57,-0.000242,-0.3029,-0.029705,0.0013,0.018031,-0.004323,0.002893,-0.000242,-0.000242,0.023064
2026-08-25,JASMY,-11793.1,-4.8e-05,-0.0274,0.061952,-0.042218,-0.016232,-0.023722,-0.076914,-4.8e-05,-4.8e-05,0.023064
2026-08-25,LBTC,-34990.96,-3.8e-05,-0.0775,-0.006301,0.004841,0.021221,0.019116,-0.003051,4.5e-05,4.5e-05,0.023064
2026-08-25,LDO,230709.82,0.000753,0.2317,-0.016095,-0.021175,0.006885,-0.015745,-0.025353,0.000753,0.000753,0.023064
2026-08-25,LINK,28149.12,3e-06,0.0088,-0.018349,0.013054,0.047491,0.029459,0.006623,1.6e-05,1.6e-05,0.023064
2026-08-25,LIT,565213.39,0.000681,0.2641,-0.025782,0.051195,0.128176,0.060261,0.073635,0.000681,0.000681,0.023064
2026-08-25,LPT,-52616.12,-0.000753,-0.3436,-0.012162,0.003588,0.013023,-0.006091,-0.044278,-0.000753,-0.000753,0.023064
2026-08-25,METH,-207390.34,-0.00036,-1.0,-0.01644,0.025761,0.027589,0.02318,0.004731,-0.00099,-0.00099,0.023064
2026-08-25,MNT,61240.45,3.6e-05,1.0,0.002397,-0.029651,0.003124,0.002841,0.007149,3.6e-05,3.6e-05,0.023064
2026-08-25,MORPHO,-405546.07,-0.000311,-0.036,-0.033945,0.011717,0.015441,-0.012733,-0.041657,-0.000193,-0.000193,0.023064
2026-08-25,NEXO,-196794.42,-0.000359,-0.3532,0.009244,0.017339,0.011155,0.002271,-0.008143,-0.000359,-0.000359,0.023064
2026-08-25,ONDO,134884.5,7.5e-05,0.0261,-0.042571,0.005974,0.034131,0.002957,-0.038367,2e-06,2e-06,0.023064
2026-08-25,PAXG,1708889.14,0.000849,0.5088,0.001703,-0.011397,-0.012403,-0.018504,-0.041772,0.000923,0.000923,0.023064
2026-08-25,PENDLE,-326799.18,-0.0011,-0.5018,-0.026898,0.003696,0.045016,0.0049,-0.015136,-0.0011,-0.0011,0.023064
2026-08-25,PEPE,-764389.0,-0.000479,-0.2513,-0.044694,-0.00266,0.012421,-0.010591,-0.050739,-0.000479,-0.000479,0.023064
2026-08-25,PIEVERSE,-10617586.3,-0.03569,-1.0,0.009228,0.020408,-0.000987,-0.019208,0.070536,-0.03569,-0.03569,0.023064
2026-08-25,POL,866573.36,0.000659,1.0,0.089891,-0.123443,-0.122362,-0.135341,-0.129722,0.000659,0.000659,0.023064
2026-08-25,RE,-118537.26,-0.001342,-0.1949,0.024963,-0.055056,-0.04125,-0.06152,-0.112144,-0.001342,-0.001342,0.023064
2026-08-25,RED,207648.6,0.003668,0.647,0.005025,-0.047442,-0.057623,-0.047486,-0.044702,-0.120171,-0.120171,0.023064
2026-08-25,SAND,424608.23,0.003497,1.0,-0.03162,0.013483,-0.018803,-0.051716,-0.064332,0.003497,0.003497,0.023064
2026-08-25,SENT,100436.03,0.001123,1.0,-0.010833,0.016142,0.03898,0.013939,0.031762,0.002204,0.002204,0.023064
2026-08-25,SHIB,45578.67,1.5e-05,0.0474,-0.026397,-0.0036,0.021099,-0.001706,-0.033383,1.5e-05,1.5e-05,0.023064
2026-08-25,SKHYon,-3908.01,-0.002763,-0.1849,0.025725,0.036763,0.007946,0.002452,0.02761,-0.000504,-0.000504,0.023064
2026-08-25,SKY,378026.1,0.000241,0.6295,-0.009758,0.022333,0.022525,0.011864,0.020553,0.000241,0.000241,0.023064
2026-08-25,SMHB,-97629.24,-0.098006,-1.0,0.020388,0.019548,0.022175,0.020344,-0.001766,-0.088114,-0.088114,0.023064
2026-08-25,SNDKB,99724.22,0.002207,1.0,0.000312,0.047107,-0.007729,-0.025796,0.004659,0.002207,0.002207,0.023064
2026-08-25,SPK,-60183.38,-0.001054,-1.0,-0.031729,0.005235,0.060259,0.028452,0.017373,-0.001054,-0.001054,0.023064
2026-08-25,SPX,-46924.35,-9.8e-05,-0.272,0.12619,0.143213,0.143972,0.143292,0.053516,-9.8e-05,-9.8e-05,0.023064
2026-08-25,STRK,335044.87,0.001869,0.2096,-0.054899,-0.008739,0.047465,-1.3e-05,-0.014802,0.001869,0.001869,0.023064
2026-08-25,SYN,-444501.75,-0.017135,-1.0,0.008667,-0.000471,-0.003408,-0.019483,-0.10066,-0.017135,-0.017135,0.023064
2026-08-25,SYRUP,-54257.33,-0.000233,-0.1196,-0.024132,-0.010056,-0.04166,-0.049562,-0.100229,-0.000233,-0.000233,0.023064
2026-08-25,TMX,12812.73,0.019945,1.0,0.042249,0.056911,0.058614,0.078079,0.25072,0.019945,0.019945,0.023064
2026-08-25,TRAC,11276.08,6.4e-05,0.0101,-0.081472,-0.034631,-0.010013,-0.041366,0.01287,6.4e-05,6.4e-05,0.023064
2026-08-25,UNI,26979.78,1e-05,0.1031,-0.005906,0.020216,0.09276,0.076142,0.091391,1e-05,1e-05,0.023064
2026-08-25,VIRTUAL,-145812.76,-0.000297,-0.5509,-0.069483,-0.00977,-0.016384,-0.048514,-0.070925,-0.000297,-0.000297,0.023064
2026-08-25,WBETH,-2095544.09,-0.00023,-0.8765,-0.011961,0.019611,0.026305,0.014694,0.002522,-0.000144,-0.000144,0.023064
2026-08-25,WBTC,1800404.45,0.000196,0.7253,-0.001446,-0.001022,0.01786,0.010912,-0.007125,0.000196,0.000196,0.023064
2026-08-25,WETH,-6079458.08,-0.000736,-0.7368,-0.013899,0.021327,0.02575,0.016588,0.003479,-0.000736,-0.000736,0.023064
2026-08-25,WLD,-372799.01,-0.000267,-0.3904,-0.042841,0.025378,0.070114,0.032096,-0.015327,-0.000304,-0.000304,0.023064
2026-08-25,WLFI,-438802.93,-0.000238,-0.4119,0.004503,0.007001,0.037815,0.025042,-0.007388,-0.000238,-0.000238,0.023064
2026-08-25,XAUt,-286889.58,-0.000101,-0.0748,0.001584,-0.011027,-0.011032,-0.01737,-0.041142,-6.5e-05,-6.5e-05,0.023064
2026-08-25,ZAMA,-305875.81,-0.002622,-1.0,-0.120308,0.016979,0.044329,0.014132,-0.019267,-0.002622,-0.002622,0.023064
2026-08-25,ZKJ,73888.1,0.016543,1.0,-0.018292,-0.003543,0.016218,0.013753,0.006667,0.016543,0.016543,0.023064
2026-08-25,ZRO,-7914930.98,-0.017657,-0.1605,0.107222,-0.035361,-0.020613,-0.060883,-0.08256,-0.017657,-0.017657,0.023064
2026-08-25,stETH,753913.01,3.2e-05,0.6746,-0.013575,0.020426,0.025438,0.014474,0.003289,0.000107,0.000107,0.023064
2026-08-26,AAVE,1393383.82,0.000713,0.4148,-0.004103,0.017769,-0.007214,-0.027198,-0.03249,0.001838,0.001838,0.015594
2026-08-26,AERGO,-12881.62,-0.002615,-0.0998,0.00745,-0.039227,-0.045783,-0.038028,-0.019347,-0.017604,-0.017604,0.015594
2026-08-26,ALLO,422877.3,0.008347,1.0,-0.026036,0.019331,0.000944,-0.009918,-0.040802,0.005165,0.005165,0.015594
2026-08-26,AMDon,-9322.17,-0.0011,-1.0,0.00294,-0.015795,-0.020017,-0.03205,-0.034702,0.000209,0.000209,0.015594
2026-08-26,APE,-315178.75,-0.002225,-1.0,0.00646,0.013423,-0.01137,-0.004515,-0.067485,-0.002225,-0.002225,0.015594
2026-08-26,ARKM,64444.44,0.002502,0.1438,0.03237,0.00063,-0.023735,-0.021384,-0.073663,-0.004552,-0.004552,0.015594
2026-08-26,ARMB,52610.44,0.030929,0.4439,0.090512,-0.04217,-0.046913,-0.092803,-0.097618,-0.070836,-0.070836,0.015594
2026-08-26,ASM,0.0,0.0,0.0,0.018178,-0.006338,0.002757,0.025245,0.021701,-0.009506,-0.009506,0.015594
2026-08-26,AVGOon,5538.09,0.001276,1.0,0.000375,0.038705,0.041169,0.033245,0.031016,-0.00649,-0.00649,0.015594
2026-08-26,AXS,330020.48,0.002012,0.3382,-0.014224,0.00383,-0.01464,-0.044324,-0.070018,0.002083,0.002083,0.015594
2026-08-26,BARD,-126697.73,-0.003076,-1.0,0.014827,0.04378,0.024426,0.048533,0.067964,-0.0066,-0.0066,0.015594
2026-08-26,BILL,-32736.59,-0.000671,-0.2466,0.024775,0.012804,-0.007279,-0.018603,-0.068253,0.003034,0.003034,0.015594
2026-08-26,BLUR,-6624.51,-0.000141,-0.0079,-0.010061,0.006339,-0.02568,-0.018471,-0.052413,-0.00015,-0.00015,0.015594
2026-08-26,CBBTC,-3385293.25,-0.000454,-0.8245,-0.001245,0.018679,0.012724,-0.009057,-0.009226,-0.00108,-0.00108,0.015594
2026-08-26,CBRSB,61833.13,0.029727,1.0,0.0198,-0.014021,-0.016214,-0.057899,-0.064084,0.029727,0.029727,0.015594
2026-08-26,CBXRP,95683.42,0.000575,1.0,-0.028932,0.030258,0.011294,-0.011894,-0.028431,-0.001757,-0.001757,0.015594
2026-08-26,CHZ,139084.8,0.000936,0.3723,0.009791,0.009053,-0.010036,-0.024402,-0.065412,0.002976,0.002976,0.015594
2026-08-26,COHRB,66727.03,0.016349,1.0,0.052081,-0.039706,-0.049321,-0.07878,-0.084273,0.016349,0.016349,0.015594
2026-08-26,COINB,53310.6,0.003595,1.0,-0.017776,0.042286,0.034804,-0.022067,-0.024756,0.003595,0.003595,0.015594
2026-08-26,COMP,-110356.05,-0.000565,-1.0,0.012029,0.000499,-0.014503,-0.063443,-0.076305,-0.000565,-0.000565,0.015594
2026-08-26,CRCLB,117991.18,0.001437,1.0,-0.016641,0.052578,0.040553,-0.023757,-0.030443,0.009219,0.009219,0.015594
2026-08-26,CRCLon,0.0,0.0,0.0,-0.016789,0.053118,0.040765,-0.023597,-0.029275,0.0,0.0,0.015594
2026-08-26,CYBER,-68312.77,-0.002759,-1.0,-0.015002,-0.00303,-0.031268,-0.02426,-0.065755,-0.002759,-0.002759,0.015594
2026-08-26,DELLB,-16379.08,-0.01695,-1.0,0.040976,0.001247,-0.001917,-0.023364,-0.030808,-0.01695,-0.01695,0.015594
2026-08-26,DOS,51940.43,0.001113,0.125,-0.061533,0.030688,0.066672,0.256607,0.308249,0.003051,0.003051,0.015594
2026-08-26,DRV,-294347.27,-0.002403,-1.0,0.117299,0.048965,0.007218,0.011765,-0.068536,-0.002997,-0.002997,0.015594
2026-08-26,EDGE,204062.62,0.001598,1.0,-0.059266,0.058052,0.051165,0.05191,-0.025681,-0.023084,-0.023084,0.015594
2026-08-26,EIGEN,153581.71,0.000873,0.3359,-0.03819,0.024997,-0.009822,-0.034766,-0.080058,-0.006103,-0.006103,0.015594
2026-08-26,ENA,813401.46,0.000575,0.5077,-0.010834,0.181048,0.10945,0.088956,0.030122,0.000199,0.000199,0.015594
2026-08-26,ETHFI,117092.6,0.000201,1.0,0.011245,0.024317,-0.028757,-0.067043,-0.083674,0.003185,0.003185,0.015594
2026-08-26,EWYB,-325366.59,-0.032893,-1.0,0.026539,-0.02107,-0.02152,-0.023409,-0.03283,-0.06478,-0.06478,0.015594
2026-08-26,FF,957947.75,0.003263,0.8612,-0.052749,-0.070559,-0.06635,-0.043987,-0.037802,0.002745,0.002745,0.015594
2026-08-26,FLOKI,1.83,0.0,0.0,0.011241,0.000553,-0.021022,-0.053498,-0.108089,-0.000261,-0.000261,0.015594
2026-08-26,GALA,336039.47,0.003771,0.738,-0.03401,0.038726,0.010382,-0.014562,-0.084427,0.000266,0.000266,0.015594
2026-08-26,GRT,112726.24,0.00059,0.3272,-0.015623,0.012617,-0.014772,-0.05457,-0.077749,-0.000663,-0.000663,0.015594
2026-08-26,GRVT,-79012.82,-0.003773,-0.3714,-0.087002,-0.054788,-0.101195,-0.053851,-0.049867,-0.001549,-0.001549,0.015594
2026-08-26,HOPR,-55350.19,-0.014185,-1.0,-0.022338,0.01267,0.014245,-0.037344,0.004218,-0.014185,-0.014185,0.015594
2026-08-26,LDO,53474.98,0.000178,1.0,-0.021175,0.028666,0.005547,0.001581,-0.020028,0.000931,0.000931,0.015594
2026-08-26,LINK,334453.05,3.9e-05,0.1619,0.013054,0.033994,0.016194,-0.013876,-0.032641,5.5e-05,5.5e-05,0.015594
2026-08-26,LIT,-52718.54,-6e-05,-0.0784,0.051195,0.073231,0.008624,-0.001575,0.015013,0.000621,0.000621,0.015594
2026-08-26,LPT,0.0,0.0,0.0,0.003588,0.009401,-0.009645,-0.045287,-0.060566,-0.000753,-0.000753,0.015594
2026-08-26,MASK,186172.56,0.004186,1.0,0.047341,-0.00712,-0.034173,-0.038935,-0.075235,0.004186,0.004186,0.015594
2026-08-26,MNT,-69914.89,-4.2e-05,-1.0,-0.029651,0.033777,0.033484,0.034276,0.092305,-6e-06,-6e-06,0.015594
2026-08-26,MORPHO,-43857.4,-3.3e-05,-0.1588,0.011717,0.003681,-0.024167,-0.059433,-0.048089,-0.000226,-0.000226,0.015594
2026-08-26,MUUB,66744.82,0.033035,1.0,0.083669,-0.097509,-0.116517,-0.085163,-0.11743,0.033035,0.033035,0.015594
2026-08-26,NEXO,3838.49,7e-06,0.0127,0.017339,-0.006078,-0.014812,-0.041553,-0.008038,-0.000352,-0.000352,0.015594
2026-08-26,ONDO,63332.04,3.5e-05,0.1781,0.005974,0.02799,-0.002999,-0.05003,-0.068987,3.8e-05,3.8e-05,0.015594
2026-08-26,PAXG,6663078.65,0.003348,0.8789,-0.011397,-0.001018,-0.007189,-0.031112,-0.03424,0.00427,0.00427,0.015594
2026-08-26,PENDLE,25722.61,8.6e-05,0.1765,0.003696,0.041167,0.001199,-0.018899,-0.009114,-0.001013,-0.001013,0.015594
2026-08-26,PEPE,-132666.56,-8.3e-05,-0.0403,-0.00266,0.015121,-0.007952,-0.055771,-0.114133,-0.000563,-0.000563,0.015594
2026-08-26,PIEVERSE,0.0,0.0,0.0,0.020408,-0.020967,-0.038824,0.067746,-0.038083,-0.03569,-0.03569,0.015594
2026-08-26,POL,1200818.18,0.001042,0.2317,-0.123443,0.001234,-0.013573,-0.036132,-0.096801,0.001701,0.001701,0.015594
2026-08-26,PROM,-52823.69,-0.000689,-0.1902,-0.017911,0.159819,0.125214,0.507539,0.539119,-0.000689,-0.000689,0.015594
2026-08-26,PUMP,-6090.31,-0.000878,-0.3726,0.258768,-0.093475,-0.09706,-0.083272,-0.106902,-0.000878,-0.000878,0.015594
2026-08-26,RE,97000.57,0.001162,0.1066,-0.055056,0.01461,-0.006841,-0.061009,-0.104113,-0.00018,-0.00018,0.015594
2026-08-26,RED,711451.51,0.013166,0.7584,-0.047442,-0.010688,-4.6e-05,-0.016728,-0.021617,-0.107082,-0.107006,0.015594
2026-08-26,SAND,64790.48,0.000527,1.0,0.013483,-0.031856,-0.064331,-0.091402,-0.105298,0.004023,0.004023,0.015594
2026-08-26,SENT,-65573.5,-0.000722,-0.2347,0.016142,0.022476,-0.002167,0.015808,-0.024012,0.001482,0.001482,0.015594
2026-08-26,SHIB,-643955.35,-0.000206,-0.836,-0.0036,0.024789,0.001901,-0.037768,-0.065874,-0.000192,-0.000192,0.015594
2026-08-26,SKHYon,31856.61,0.024473,1.0,0.036763,-0.027796,-0.033094,-0.021939,-0.040756,0.023969,0.023969,0.015594
2026-08-26,SKY,-202870.72,-0.000126,-0.6456,0.022333,0.000187,-0.01024,-0.007049,0.006155,0.000114,0.000114,0.015594
2026-08-26,SMHB,-26951.12,-0.027162,-1.0,0.019548,0.002577,0.000781,-0.023264,-0.023883,-0.115276,-0.115276,0.015594
2026-08-26,SNDKB,727588.72,0.014577,1.0,0.047107,-0.052369,-0.069623,-0.04373,-0.063057,0.016783,0.016783,0.015594
2026-08-26,SPK,-130981.27,-0.002282,-0.5545,0.005235,0.054738,0.023096,0.000235,0.000101,-0.003335,-0.003335,0.015594
2026-08-26,SPX,-66327.46,-0.000121,-1.0,0.143213,0.000664,6.9e-05,-0.120038,-0.082158,-0.000219,-0.000219,0.015594
2026-08-26,SYN,-57626.32,-0.002223,-1.0,-0.000471,-0.002939,-0.019021,-0.096118,-0.136889,-0.019358,-0.019358,0.015594
2026-08-26,SYRUP,199144.51,0.000863,1.0,-0.010056,-0.031925,-0.039907,-0.095568,-0.10739,0.00063,0.00063,0.015594
2026-08-26,TRAC,236983.0,0.001401,0.2056,-0.034631,0.025501,-0.006977,0.007529,-0.026584,0.001465,0.001465,0.015594
2026-08-26,UNI,-886202.34,-0.000325,-0.7776,0.020216,0.071106,0.054818,0.056686,0.176381,-0.000315,-0.000315,0.015594
2026-08-26,WBETH,-492355.59,-5.3e-05,-1.0,0.019611,0.006565,-0.004823,-0.0198,-0.031012,-0.000197,-0.000197,0.015594
2026-08-26,WBTC,-255659.49,-2.8e-05,-1.0,-0.001022,0.0189,0.011946,-0.009197,-0.01457,0.000168,0.000168,0.015594
2026-08-26,WETH,74575.17,9e-06,0.1034,0.021327,0.004331,-0.00464,-0.01998,-0.027881,-0.000727,-0.000727,0.015594
2026-08-26,WLD,21678.72,1.5e-05,0.0234,0.025378,0.043629,0.006552,-0.056548,-0.090029,-0.000289,-0.000289,0.015594
2026-08-26,WLFI,-385324.3,-0.000208,-0.3713,0.007001,0.0306,0.017916,-0.011101,-0.04489,-0.000446,-0.000446,0.015594
2026-08-26,XAUt,78758.19,2.8e-05,0.0057,-0.011027,-5e-06,-0.006414,-0.030534,-0.034384,-3.7e-05,-3.7e-05,0.015594
2026-08-26,XCN,-147270.7,-0.00105,-1.0,-0.016884,0.002947,-0.000627,-0.037729,-0.060229,-0.00105,-0.00105,0.015594
2026-08-26,ZAMA,175184.57,0.001477,1.0,0.016979,0.026893,-0.002799,-0.037358,-0.062148,-0.001145,-0.001145,0.015594
2026-08-26,ZKJ,-68773.92,-0.015453,-0.1951,-0.003543,0.019832,0.017357,0.007737,-0.005922,0.00109,0.00109,0.015594
2026-08-26,ZRO,787402.3,0.00182,0.5031,-0.035361,0.015289,-0.026458,-0.070387,-0.119047,-0.015837,-0.015837,0.015594
2026-08-26,cbETH,-456803.98,-0.000954,-0.3669,0.021981,0.00407,-0.004807,-0.02037,-0.028452,-0.00095,-0.00095,0.015594
2026-08-26,stETH,2397462.92,0.0001,1.0,0.020426,0.004911,-0.005833,-0.020096,-0.033842,0.000207,0.000207,0.015594
2026-08-27,AAOIB,-152515.6,-0.03017,-1.0,-0.051554,-0.016024,-0.055623,-0.051035,-0.080776,-0.03017,-0.03017,0.02447
2026-08-27,AAVE,-2575094.82,-0.001295,-0.9145,0.017769,-0.024548,-0.044183,-0.016129,-0.021118,0.000543,0.000543,0.02447
2026-08-27,AERGO,-81346.37,-0.017186,-1.0,-0.039227,-0.006824,0.001249,0.017015,-0.134249,-0.015429,-0.03479,0.02447
2026-08-27,ALT,656792.96,0.131544,0.1676,0.038035,-0.00408,-0.055124,-0.0553,-0.020086,0.131544,0.131544,0.02447
2026-08-27,AMDon,-26743.69,-0.003214,-1.0,-0.015795,-0.004289,-0.016515,-0.014436,-0.041307,-0.003005,-0.003005,0.02447
2026-08-27,APE,-61508.9,-0.000428,-0.1418,0.013423,-0.024465,-0.017701,-0.027362,-0.035921,-0.002654,-0.002654,0.02447
2026-08-27,API3,0.0,0.0,0.0,0.03029,-0.025193,-0.057962,-0.05115,-0.070887,0.0,0.0,0.02447
2026-08-27,ARKM,-64335.79,-0.002497,-0.1002,0.00063,-0.024349,-0.022,-0.015465,-0.042986,-0.007048,-0.007048,0.02447
2026-08-27,ARMB,-82745.5,-0.052566,-0.7962,-0.04217,-0.004952,-0.052862,-0.048244,-0.072699,-0.123403,-0.123403,0.02447
2026-08-27,ASM,-19745.0,-0.002578,-1.0,-0.006338,0.009153,0.031785,0.047715,0.001946,-0.012084,-0.012084,0.02447
2026-08-27,ASMLB,1355823.06,0.501171,1.0,-0.025771,0.00182,-0.012949,-0.010684,-0.0418,0.995515,0.995515,0.02447
2026-08-27,AVGOB,152020.54,0.039411,1.0,0.037387,0.002094,-0.004837,-0.002458,-0.008027,0.039411,0.039411,0.02447
2026-08-27,AVGOon,-5679.05,-0.001261,-1.0,0.038705,0.002372,-0.005257,-0.006531,-0.008044,-0.007751,-0.007751,0.02447
2026-08-27,AXS,118794.2,0.000721,0.1679,0.00383,-0.018399,-0.04797,-0.046358,-0.031762,0.002805,0.002805,0.02447
2026-08-27,AXTIB,-72816.92,-0.019735,-1.0,-0.05075,-0.030701,-0.127694,-0.123898,-0.149598,-0.019735,-0.019735,0.02447
2026-08-27,BARD,-54376.64,-0.001265,-1.0,0.04378,-0.018542,0.004554,-0.007281,0.040253,-0.007865,-0.007865,0.02447
2026-08-27,BEB,-53774.64,-0.019518,-1.0,-0.044236,-0.009115,-0.021997,-0.01566,-0.054799,-0.019518,-0.019518,0.02447
2026-08-27,BLUR,-66616.69,-0.001408,-0.2178,0.006339,-0.031817,-0.024654,-0.025326,-0.07368,-0.001558,-0.001558,0.02447
2026-08-27,BMNRB,-78515.08,-0.017245,-0.4369,0.025926,-0.014343,-0.064954,-0.061096,-0.096936,-0.017245,-0.017245,0.02447
2026-08-27,CBBTC,78837.72,1e-05,0.0895,0.018679,-0.005846,-0.027227,-0.024624,-0.032957,-0.001069,-0.001069,0.02447
2026-08-27,CBRSB,53234.84,0.023085,0.3241,-0.014021,-0.002224,-0.044502,-0.04241,-0.056397,0.052812,0.052812,0.02447
2026-08-27,CBXRP,95156.79,0.00055,0.1768,0.030258,-0.018407,-0.040914,-0.03811,-0.056653,-0.001207,-0.001207,0.02447
2026-08-27,CHZ,0.0,0.0,0.0,0.009053,-0.018917,-0.033154,-0.032749,-0.060069,0.002976,0.002976,0.02447
2026-08-27,COHRB,-80290.27,-0.020696,-1.0,-0.039706,-0.010012,-0.04069,-0.038127,-0.066654,-0.004347,-0.004347,0.02447
2026-08-27,COINB,-90566.31,-0.005782,-0.4312,0.042286,-0.007178,-0.061742,-0.059996,-0.074361,-0.002187,-0.002187,0.02447
2026-08-27,CRCLB,52571.18,0.000592,1.0,0.052578,-0.011424,-0.072522,-0.072629,-0.061042,0.009811,0.009811,0.02447
2026-08-27,CRCLon,-118220.86,-0.000996,-0.2921,0.053118,-0.01173,-0.072846,-0.07294,-0.057974,-0.000996,-0.000996,0.02447
2026-08-27,CRWVB,-104822.19,-0.097946,-1.0,-0.066419,-0.003026,-0.024068,-0.019231,-0.057756,-0.097946,-0.097946,0.02447
2026-08-27,DELLB,75515.54,0.073079,0.5368,0.001247,-0.00316,-0.02458,-0.021303,-0.081759,0.056129,0.056129,0.02447
2026-08-27,EDGE,-116208.21,-0.00086,-1.0,0.058052,-0.006509,-0.005805,-0.02223,-0.028275,-0.023944,-0.023944,0.02447
2026-08-27,ENA,142852.59,8.6e-05,0.5815,0.181048,-0.060622,-0.077975,-0.061084,-0.052155,0.000285,0.000285,0.02447
2026-08-27,ENS,-96102.04,-0.000381,-1.0,0.008053,-0.032639,-0.069287,-0.062668,-0.015327,-0.000381,-0.000381,0.02447
2026-08-27,ETHFI,-56495.93,-0.0001,-1.0,0.024317,-0.051814,-0.08919,-0.068352,0.003635,0.003085,0.003085,0.02447
2026-08-27,FLOKI,-99909.14,-0.000392,-1.0,0.000553,-0.021563,-0.054021,-0.050174,-0.100915,-0.000653,-0.000653,0.02447
2026-08-27,GALA,-53906.98,-0.000582,-1.0,0.038726,-0.027288,-0.051302,-0.048773,-0.055596,-0.000316,-0.000316,0.02447
2026-08-27,GRT,269013.41,0.00139,1.0,0.012617,-0.027047,-0.066349,-0.063571,-0.082507,0.000727,0.000727,0.02447
2026-08-27,HFT,-384419.47,-0.059502,-1.0,0.135944,0.037801,-0.060072,-0.01078,-0.12114,-0.059502,-0.059502,0.02447
2026-08-27,IMX,-148059.85,-0.000567,-1.0,0.01671,-0.021958,-0.024496,-0.01487,-0.04369,-0.000808,-0.000808,0.02447
2026-08-27,IRENB,-22706.38,-0.012187,-0.1383,-0.085907,-0.0074,-0.035122,-0.032889,-0.006193,-0.012187,-0.012187,0.02447
2026-08-27,JASMY,-100192.95,-0.000415,-1.0,0.027131,-0.007613,-0.060851,-0.061682,0.010517,-0.000463,-0.000463,0.02447
2026-08-27,L3,-56609.32,-0.008941,-0.3431,0.038612,0.009004,-0.051869,-0.037909,-0.15564,-0.008941,-0.008941,0.02447
2026-08-27,LA,288214.41,0.025863,1.0,0.048694,-0.025614,-0.034847,-0.046313,-0.012853,0.025863,0.025863,0.02447
2026-08-27,LCX,-108877.12,-0.004202,-0.1522,0.082476,-0.052485,-0.104531,-0.093131,-0.104464,-0.004202,-0.004202,0.02447
2026-08-27,LDO,-108047.83,-0.00035,-0.4019,0.028666,-0.022475,-0.026331,-0.032018,-0.006467,0.000581,0.000581,0.02447
2026-08-27,LINK,85759.5,1e-05,0.127,0.033994,-0.017215,-0.046296,-0.039016,-0.050799,6.4e-05,6.4e-05,0.02447
2026-08-27,LIT,227839.13,0.000243,0.614,0.073231,-0.060199,-0.069702,-0.048344,-0.020731,0.000864,0.000864,0.02447
2026-08-27,LITEB,-269892.88,-0.076454,-0.4929,-0.023313,-0.00427,-0.052042,-0.052768,-0.082833,-0.076454,-0.076454,0.02447
2026-08-27,LPT,13.45,0.0,0.0001,0.009401,-0.018869,-0.054179,-0.056565,-0.069694,-0.000753,-0.000753,0.02447
2026-08-27,MASK,52555.91,0.00119,1.0,-0.00712,-0.027247,-0.032043,-0.032322,-0.012209,0.005376,0.005376,0.02447
2026-08-27,MDT,127715.5,0.021951,0.4749,-0.095339,-0.065595,0.282707,0.314952,0.266584,0.021951,0.021951,0.02447
2026-08-27,METH,-272252.0,-0.00046,-1.0,0.001782,-0.004291,-0.021527,-0.022244,-0.032374,-0.001449,-0.001449,0.02447
2026-08-27,MNT,-166951.68,-9.8e-05,-0.6006,0.033777,-0.000283,0.000483,0.004012,0.032231,-0.000104,-0.000104,0.02447
2026-08-27,MORPHO,84916.53,6.4e-05,1.0,0.003681,-0.027745,-0.062882,-0.056229,-0.014413,-0.000162,-0.000162,0.02447
2026-08-27,MUUB,-241535.67,-0.133755,-0.3055,-0.097509,-0.021062,0.01368,0.02479,0.020133,-0.10072,-0.10072,0.02447
2026-08-27,NBISB,-1754315.48,-0.197555,-0.9447,-0.048696,-0.010998,-0.032038,-0.027436,-0.074787,-0.197555,-0.197555,0.02447
2026-08-27,NEXO,-128036.34,-0.000231,-1.0,-0.006078,-0.008787,-0.035692,-0.019086,-0.025898,-0.000583,-0.000583,0.02447
2026-08-27,ONDO,-140187.5,-7.6e-05,-1.0,0.02799,-0.030145,-0.075896,-0.070105,-0.096254,-3.8e-05,-3.8e-05,0.02447
2026-08-27,PAXG,-673380.56,-0.000339,-0.6952,-0.001018,-0.006177,-0.030124,-0.029738,-0.05451,0.003932,0.003932,0.02447
2026-08-27,PEPE,466369.49,0.000289,0.2674,0.015121,-0.02273,-0.069836,-0.062385,-0.107575,-0.000274,-0.000274,0.02447
2026-08-27,PIEVERSE,1293.41,4e-06,0.0002,-0.020967,-0.01824,0.090613,0.071593,0.01448,-0.035686,-0.035686,0.02447
2026-08-27,POL,869808.53,0.000754,1.0,0.001234,-0.014789,-0.03732,-0.008387,-0.154323,0.002455,0.002455,0.02447
2026-08-27,PRIME,-484875.47,-0.056644,-1.0,-0.020341,0.015862,-0.016084,-0.008363,-0.022802,-0.056644,-0.056644,0.02447
2026-08-27,PUMP,20.61,3e-06,0.002,-0.093475,-0.003954,0.011255,0.01487,-0.003214,-0.000875,-0.000875,0.02447
2026-08-27,RE,-53288.42,-0.000629,-0.1429,0.01461,-0.021142,-0.07453,-0.073944,-0.091945,-0.000809,-0.000809,0.02447
2026-08-27,RED,-1708.52,-3.2e-05,-0.0065,-0.010688,0.010757,-0.006105,0.013711,0.030681,-0.10474,-0.107037,0.02447
2026-08-27,RLS,-77052.85,-0.025245,-1.0,-0.049836,0.030341,0.058382,0.045319,-0.054628,-0.025245,-0.025245,0.02447
2026-08-27,SENT,-99880.29,-0.001075,-1.0,0.022476,-0.024101,-0.006521,-0.006947,-0.012209,0.000407,0.000407,0.02447
2026-08-27,SHIB,111797.79,3.5e-05,1.0,0.024789,-0.022334,-0.061043,-0.053356,-0.047623,-0.000157,-0.000157,0.02447
2026-08-27,SKY,194139.58,0.000121,1.0,0.000187,-0.010426,-0.007234,-0.001929,0.051336,0.000235,0.000235,0.02447
2026-08-27,SMCIB,-428444.42,-0.271049,-1.0,-0.001453,-0.01293,-0.033419,-0.027418,-0.048426,-0.271049,-0.271049,0.02447
2026-08-27,SMHB,18369.42,0.017863,1.0,0.002577,-0.001791,-0.025774,-0.023421,-0.04443,-0.097412,-0.097412,0.02447
2026-08-27,SOPH,-124022.44,-0.015818,-1.0,0.067329,-0.038348,-0.002495,-0.010855,0.009146,-0.015818,-0.015818,0.02447
2026-08-27,SPK,-18917.67,-0.000312,-0.1413,0.054738,-0.03,-0.051675,-0.040449,0.016328,-0.003648,-0.003648,0.02447
2026-08-27,SPX,-56487.62,-0.000103,-1.0,0.000664,-0.000594,-0.120622,-0.079072,-0.050991,-0.000322,-0.000322,0.02447
2026-08-27,STRK,232611.89,0.001239,1.0,0.056699,-0.045327,-0.082159,-0.059446,-0.012021,0.003108,0.003108,0.02447
2026-08-27,TQQQB,-108670.94,-0.053942,-1.0,0.003082,-0.000823,-0.014544,-0.012651,-0.050418,-0.053942,-0.053942,0.02447
2026-08-27,TRAC,174082.19,0.001004,0.2994,0.025501,-0.03167,-0.017526,0.023114,-0.067903,0.002469,0.002469,0.02447
2026-08-27,USARB,-67120.92,-0.071262,-1.0,0.007012,-0.001825,-0.051646,-0.05055,-0.091416,-0.071262,-0.071262,0.02447
2026-08-27,WBETH,-2364025.94,-0.000253,-1.0,0.006565,-0.011313,-0.026192,-0.023173,-0.036458,-0.00045,-0.00045,0.02447
2026-08-27,WBTC,-427420.21,-4.6e-05,-0.4417,0.0189,-0.006826,-0.027576,-0.024546,-0.035637,0.000123,0.000123,0.02447
2026-08-27,WLD,-254604.08,-0.00017,-0.1295,0.043629,-0.035527,-0.095989,-0.079843,-0.114918,-0.000459,-0.000459,0.02447
2026-08-27,WLFI,-121627.05,-6.4e-05,-0.5439,0.0306,-0.012307,-0.040463,-0.043556,-0.050857,-0.000509,-0.000509,0.02447
2026-08-27,XAUt,-664824.85,-0.000236,-0.4883,-5e-06,-0.006409,-0.030529,-0.030446,-0.055812,-0.000273,-0.000273,0.02447
2026-08-27,ZKJ,3807.3,0.000839,0.0107,0.019832,-0.002426,-0.01186,-0.009398,0.01094,0.001929,0.001929,0.02447
2026-08-27,ZRO,82526.12,0.000187,0.0512,0.015289,-0.041118,-0.084386,-0.063251,-0.161035,-0.01565,-0.01565,0.02447
2026-08-27,cbETH,388884.81,0.000813,0.2181,0.00407,-0.008841,-0.024342,-0.022158,-0.031238,-0.000137,-0.000137,0.02447
2026-08-27,stETH,-473066.18,-2e-05,-0.4143,0.004911,-0.010692,-0.024885,-0.021599,-0.033998,0.000187,0.000187,0.02447
2026-08-28,AAOIB,-132415.08,-0.027344,-1.0,-0.016024,-0.040244,-0.035581,-0.054651,-0.082524,-0.057514,-0.057514,-0.010482
2026-08-28,AAVE,178190.84,9.2e-05,0.5613,-0.024548,-0.020129,0.008631,-0.025459,0.011905,0.000635,0.000635,-0.010482
2026-08-28,AERGO,92242.13,0.019622,0.7494,-0.006824,0.008128,0.024003,0.027705,-0.189201,0.011785,-0.015168,-0.010482
2026-08-28,ALT,10826.51,0.002177,1.0,-0.00408,-0.051253,-0.05143,-0.055972,-0.032651,0.133722,0.133722,-0.010482
2026-08-28,AMDon,-9943.82,-0.0012,-1.0,-0.004289,-0.012278,-0.010191,-0.014985,-0.033729,-0.004732,-0.004205,-0.010482
2026-08-28,API3,-101996.77,-0.005038,-1.0,-0.025193,-0.033616,-0.026628,-0.055712,-0.060114,-0.005038,-0.005038,-0.010482
2026-08-28,ARKM,57825.03,0.0023,0.1561,-0.024349,0.002408,0.009106,-0.051142,-0.045317,-0.004748,-0.004748,-0.010482
2026-08-28,ARMB,-35448.88,-0.023201,-0.6718,-0.004952,-0.048149,-0.043508,-0.053201,-0.074012,-0.041634,-0.146603,-0.010482
2026-08-28,ASMLB,689215.79,0.254321,1.0,0.00182,-0.014743,-0.012482,-0.022634,-0.034562,1.249835,1.249835,-0.010482
2026-08-28,AVGOB,-67979.68,-0.01786,-1.0,0.002094,-0.006917,-0.004543,-0.012714,-0.013079,0.02155,0.02155,-0.010482
2026-08-28,AVGOon,6688.81,0.001482,1.0,0.002372,-0.00761,-0.008882,-0.009752,-0.013189,-0.006269,-0.006269,-0.010482
2026-08-28,AXS,-153056.57,-0.000947,-0.205,-0.018399,-0.030125,-0.028483,-0.0562,-0.013198,0.001858,0.001858,-0.010482
2026-08-28,AXTIB,-58881.01,-0.016569,-1.0,-0.030701,-0.100066,-0.096149,-0.112042,-0.1307,-0.036304,-0.036304,-0.010482
2026-08-28,BILL,76861.79,0.001587,1.0,-0.019829,-0.011407,-0.009756,-0.061421,-0.160489,0.00462,0.00462,-0.010482
2026-08-28,CBBTC,-277388.72,-3.7e-05,-0.0887,-0.005846,-0.021507,-0.018888,-0.021674,-0.03174,-0.001106,-0.001106,-0.010482
2026-08-28,CBRSB,-115397.26,-0.052801,-1.0,-0.002224,-0.042372,-0.040276,-0.048659,-0.015062,1.1e-05,1.1e-05,-0.010482
2026-08-28,CHZ,-351747.87,-0.00239,-0.5292,-0.018917,-0.014512,-0.014099,-0.055937,-0.044544,0.000586,0.000586,-0.010482
2026-08-28,COHRB,-54255.76,-0.014318,-1.0,-0.010012,-0.030988,-0.028399,-0.036765,-0.07628,-0.018665,-0.018665,-0.010482
2026-08-28,COINB,-179745.26,-0.011674,-1.0,-0.007178,-0.054958,-0.0532,-0.057557,-0.069345,-0.013861,-0.013861,-0.010482
2026-08-28,COMP,-3856.46,-2e-05,-0.0196,-0.014994,-0.049661,-0.044747,-0.062712,-0.008846,-0.000585,-0.000585,-0.010482
2026-08-28,CRCLB,487027.8,0.005645,1.0,-0.011424,-0.061804,-0.061913,-0.068229,-0.057445,0.015456,0.015456,-0.010482
2026-08-28,CRWVB,-94891.29,-0.096989,-1.0,-0.003026,-0.021106,-0.016255,-0.030562,-0.063774,-0.194935,-0.194935,-0.010482
2026-08-28,DELLB,-209156.62,-0.246536,-1.0,-0.00316,-0.021488,-0.0182,-0.028946,-0.017245,-0.190407,-0.190407,-0.010482
2026-08-28,DOS,242096.08,0.004864,1.0,0.034913,0.178064,0.134087,0.226477,-0.026803,0.007915,0.007915,-0.010482
2026-08-28,DRV,157713.52,0.001278,1.0,-0.039798,0.004515,0.032931,-0.075211,-0.144299,-0.001719,-0.001719,-0.010482
2026-08-28,EDGE,96366.85,0.000718,1.0,-0.006509,0.000709,-0.015823,-0.073106,0.014979,-0.023226,-0.023226,-0.010482
2026-08-28,EIGEN,109144.42,0.000625,0.3151,-0.03397,-0.025191,-0.025685,-0.070933,0.005217,-0.005478,-0.005478,-0.010482
2026-08-28,ENA,-390926.42,-0.000249,-0.3291,-0.060622,-0.018473,-0.000491,-0.071503,-0.06443,3.6e-05,3.6e-05,-0.010482
2026-08-28,ETHFI,153371.61,0.000287,1.0,-0.051814,-0.039419,-0.017442,-0.056543,-0.006062,0.003372,0.003372,-0.010482
2026-08-28,EWYB,-58567.96,-0.006093,-1.0,-0.00046,-0.001931,0.005318,-0.01156,-0.014629,-0.070873,-0.070873,-0.010482
2026-08-28,FF,178438.64,0.000651,1.0,0.004529,0.023953,0.036219,0.030577,0.156211,0.003395,0.003395,-0.010482
2026-08-28,FLOKI,404444.38,0.001621,0.7201,-0.021563,-0.033174,-0.029241,-0.088937,-0.087309,0.000968,0.000968,-0.010482
2026-08-28,GALA,-116635.31,-0.001294,-0.5028,-0.027288,-0.024687,-0.022087,-0.093835,-0.034483,-0.00161,-0.00161,-0.010482
2026-08-28,GRT,29986.27,0.000159,0.0844,-0.027047,-0.040395,-0.03754,-0.063922,-0.060762,0.000886,0.000886,-0.010482
2026-08-28,GRVT,67429.56,0.003583,1.0,-0.049097,0.052674,0.034632,0.057107,-0.046738,0.002034,0.002034,-0.010482
2026-08-28,GTC,51218.61,0.006705,1.0,-0.015778,-0.0324,-0.047862,-0.083345,-0.096843,0.006705,0.006705,-0.010482
2026-08-28,HIGH,61388.94,0.024178,1.0,-0.03752,0.077468,0.309954,0.195598,3.1e-05,0.024178,0.024178,-0.010482
2026-08-28,IRENB,127607.82,0.072124,0.4087,-0.0074,-0.027929,-0.025678,-0.042992,0.037093,0.059937,0.059937,-0.010482
2026-08-28,L3,-860.06,-0.000135,-0.0039,0.009004,-0.060329,-0.046494,-0.090978,-0.133058,-0.009076,-0.009076,-0.010482
2026-08-28,LCX,135378.57,0.005514,0.0599,-0.052485,-0.054929,-0.042897,-0.058061,-0.143591,0.001312,0.001312,-0.010482
2026-08-28,LINK,39217.17,4e-06,0.1413,-0.017215,-0.02959,-0.022183,-0.048056,-0.051964,6.9e-05,6.9e-05,-0.010482
2026-08-28,LIT,351835.93,0.0004,0.4941,-0.060199,-0.010112,0.012614,0.006334,0.071813,0.001264,0.001264,-0.010482
2026-08-28,LITEB,-224223.07,-0.06805,-1.0,-0.00427,-0.047977,-0.048707,-0.054548,-0.08614,-0.144504,-0.144504,-0.010482
2026-08-28,LMWR,-65041.75,-0.008813,-1.0,-0.007391,-0.032942,-0.032266,-0.086074,-0.036669,-0.008813,-0.008813,-0.010482
2026-08-28,LRDS,-15370.17,-0.019164,-1.0,6.4e-05,0.023088,-0.006711,0.008709,-0.073332,-0.019164,-0.019164,-0.010482
2026-08-28,MASK,-60777.52,-0.001415,-1.0,-0.027247,-0.00493,-0.005216,-0.042515,-0.009386,0.003961,0.003961,-0.010482
2026-08-28,MDT,0.0,0.0,0.0,-0.065595,0.372753,0.407261,0.15941,0.278957,0.021951,0.021951,-0.010482
2026-08-28,MNT,-69023.19,-4e-05,-1.0,-0.000283,0.000766,0.004296,0.056915,0.078456,-0.000144,-0.000144,-0.010482
2026-08-28,MORPHO,600990.67,0.000467,0.6514,-0.027745,-0.036139,-0.029297,-0.024515,0.006846,0.000305,0.000305,-0.010482
2026-08-28,MRVLB,183274.38,0.025535,0.4598,-0.027432,-0.022639,-0.021092,-0.035809,-0.068782,0.025535,0.025535,-0.010482
2026-08-28,MUUB,-252674.59,-0.166139,-1.0,-0.021062,0.035489,0.046838,-0.001034,0.064116,-0.266859,-0.266859,-0.010482
2026-08-28,MVLLB,59015.92,0.050141,1.0,-0.058071,-0.050551,-0.047035,-0.076728,-0.140341,0.050141,0.050141,-0.010482
2026-08-28,NBISB,473615.42,0.056721,0.345,-0.010998,-0.021274,-0.01662,-0.040818,-0.053824,-0.140833,-0.140833,-0.010482
2026-08-28,NEXO,0.0,0.0,0.0,-0.008787,-0.027144,-0.01039,0.006875,-0.010247,-0.000583,-0.000583,-0.010482
2026-08-28,ONDO,5165060.69,0.002879,0.343,-0.030145,-0.047172,-0.041202,-0.066186,-0.074496,0.002841,0.002841,-0.010482
2026-08-28,PAXG,86442.44,4.4e-05,0.1601,-0.006177,-0.024096,-0.023707,-0.027247,-0.040934,0.003975,0.003975,-0.010482
2026-08-28,PEPE,168101.27,0.000107,0.4348,-0.02273,-0.048202,-0.040578,-0.107032,-0.111328,-0.000167,-0.000167,-0.010482
2026-08-28,PIEVERSE,167473.22,0.000574,1.0,-0.01824,0.110875,0.091502,0.000771,0.085483,-0.035112,-0.035112,-0.010482
2026-08-28,POL,-391516.07,-0.000344,-1.0,-0.014789,-0.022869,0.006498,-0.084373,-0.136129,0.002111,0.002111,-0.010482
2026-08-28,PROM,107697.48,0.001248,1.0,-0.029836,0.339779,0.46785,0.367846,0.009382,0.000559,0.000559,-0.010482
2026-08-28,PUMP,0.0,0.0,0.0,-0.003954,0.01527,0.018899,-0.010899,-0.047833,-0.000875,-0.000875,-0.010482
2026-08-28,RE,-85030.98,-0.001026,-0.2904,-0.021142,-0.054541,-0.053942,-0.097942,-0.090357,-0.001834,-0.001834,-0.010482
2026-08-28,RED,15.35,0.0,0.0001,0.010757,-0.016683,0.002922,-0.021572,0.048084,0.004081,-0.107037,-0.010482
2026-08-28,RPL,486.78,1.3e-05,0.0012,-0.017895,-0.029431,-0.032705,-0.073482,-0.055613,1.3e-05,1.3e-05,-0.010482
2026-08-28,SHIB,77788.73,2.5e-05,0.3821,-0.022334,-0.039594,-0.031731,-0.067647,-0.024735,-0.000132,-0.000132,-0.010482
2026-08-28,SKY,7577.68,5e-06,0.0534,-0.010426,0.003225,0.008586,0.016565,0.020135,0.00024,0.00024,-0.010482
2026-08-28,SMHB,-16648.03,-0.017111,-0.151,-0.001791,-0.024026,-0.021669,-0.024645,-0.033013,-0.088004,-0.114524,-0.010482
2026-08-28,SNDKB,173000.87,0.003982,1.0,-0.018208,0.027831,0.031261,0.007058,0.064383,0.020766,0.020766,-0.010482
2026-08-28,STRK,144642.19,0.000807,0.125,-0.045327,-0.038581,-0.014789,-0.038548,0.037025,0.003915,0.003915,-0.010482
2026-08-28,SYN,55789.63,0.002195,1.0,-0.01613,-0.078591,-0.08279,-0.120154,-0.203376,-0.017163,-0.017163,-0.010482
2026-08-28,TMX,0.0,0.0,0.0,0.018387,0.028716,0.160138,0.059872,-0.185935,0.019945,0.019945,-0.010482
2026-08-28,TQQQB,-54835.6,-0.028005,-1.0,-0.000823,-0.013733,-0.011838,-0.030808,-0.046783,-0.081947,-0.081947,-0.010482
2026-08-28,TRAC,-184012.7,-0.001096,-0.3208,-0.03167,0.014607,0.056576,-0.019745,-0.048637,0.001374,0.001374,-0.010482
2026-08-28,TSMB,-58991.62,-0.01524,-1.0,-0.002023,-0.0119,-0.009224,-0.017406,-0.030467,-0.01524,-0.01524,-0.010482
2026-08-28,VIRTUAL,71398.76,0.000153,1.0,-0.032665,-0.025567,-0.023554,-0.0615,-0.05653,-0.000144,-0.000144,-0.010482
2026-08-28,WBETH,-274516.42,-3e-05,-0.5508,-0.011313,-0.01505,-0.011996,-0.026316,-0.036784,-0.000527,-0.00048,-0.010482
2026-08-28,WBTC,-5533.4,-1e-06,-0.0033,-0.006826,-0.020893,-0.017842,-0.026202,-0.032022,0.000122,0.000122,-0.010482
2026-08-28,WDCB,17581.2,0.008239,1.0,-0.010244,0.018378,0.027241,0.000836,-0.023178,0.008239,0.008239,-0.010482
2026-08-28,WLD,-262903.94,-0.000182,-0.6869,-0.035527,-0.062689,-0.045948,-0.095952,-0.099482,-0.000641,-0.000641,-0.010482
2026-08-28,WLFI,7646.7,4e-06,0.059,-0.012307,-0.028506,-0.031638,-0.061701,-0.050308,-0.000505,-0.000505,-0.010482
2026-08-28,XAUt,258215.26,9.2e-05,0.1302,-0.006409,-0.024276,-0.024192,-0.028151,-0.042702,-0.000181,-0.000181,-0.010482
2026-08-28,ZKJ,347.11,7.7e-05,0.0007,-0.002426,-0.009457,-0.006989,-0.022882,0.078206,0.002006,0.002006,-0.010482
2026-08-28,ZRO,-68994.68,-0.000163,-1.0,-0.041118,-0.045123,-0.023082,-0.095105,-0.115638,-0.015813,-0.015813,-0.010482
2026-08-28,cbETH,-27840.45,-5.9e-05,-0.0552,-0.008841,-0.015638,-0.013436,-0.023759,-0.040373,-0.000196,-0.000196,-0.010482
2026-08-28,stETH,38010.74,2e-06,0.0734,-0.010692,-0.014347,-0.011025,-0.028174,-0.037554,0.000189,0.000189,-0.010482
2026-08-29,AAVE,124333.52,6.5e-05,0.4505,-0.020129,0.029351,-0.00544,0.024131,0.031323,0.0007,0.0007,-0.003406
2026-08-29,ALLO,-93893.07,-0.001872,-1.0,-0.010851,-0.013042,-0.031193,-0.040899,-0.062187,0.003293,0.003293,-0.003406
2026-08-29,APE,100006.57,0.000709,1.0,0.006933,-0.009835,-0.063255,-0.018548,-0.046122,-0.001944,-0.001944,-0.003406
2026-08-29,ARMB,-11741.48,-0.008067,-1.0,-0.048149,0.004875,-0.005308,-0.020944,-0.017979,-0.040178,-0.15467,-0.003406
2026-08-29,AXS,-97016.75,-0.000619,-1.0,-0.030125,0.001693,-0.026885,0.017025,0.024458,0.001239,0.001239,-0.003406
2026-08-29,BLUR,24771.89,0.000537,0.0294,0.007398,-0.000689,-0.034581,-0.050265,-0.022907,-0.001021,-0.001021,-0.003406
2026-08-29,CBBTC,-9848.06,-1e-06,-0.0063,-0.021507,0.002677,-0.00017,-0.00589,-0.010517,-0.001107,-0.001107,-0.003406
2026-08-29,CBRSB,-116767.56,-0.055848,-1.0,-0.042372,0.002189,-0.006565,-0.01245,0.039275,-0.055837,-0.055837,-0.003406
2026-08-29,CHZ,476288.52,0.003283,0.6726,-0.014512,0.000419,-0.042036,-0.027838,-0.03197,0.003869,0.003869,-0.003406
2026-08-29,COMP,96229.22,0.000526,1.0,-0.049661,0.00517,-0.013733,0.042368,0.050003,-5.9e-05,-5.9e-05,-0.003406
2026-08-29,DELLB,-10199.82,-0.012407,-1.0,-0.021488,0.003359,-0.007622,-0.05862,0.056008,-0.202814,-0.202814,-0.003406
2026-08-29,ENA,-230980.63,-0.00015,-0.2192,-0.018473,0.01832,-0.054028,0.028003,-0.048825,-3.5e-05,-0.000114,-0.003406
2026-08-29,ETHFI,-110118.09,-0.000214,-1.0,-0.039419,0.022879,-0.017826,0.101916,0.054092,0.003158,0.003158,-0.003406
2026-08-29,FLOKI,-98921.78,-0.00041,-1.0,-0.033174,0.004067,-0.057676,-0.049572,-0.052589,0.000558,0.000558,-0.003406
2026-08-29,GALA,91552.28,0.001041,0.4737,-0.024687,0.002666,-0.070897,-0.004527,-0.023265,-0.000569,-0.000569,-0.003406
2026-08-29,IMX,-2653.94,-1e-05,-0.0196,-0.002596,0.009868,-0.039172,-0.019676,-0.032599,-0.000819,-0.000819,-0.003406
2026-08-29,IRENB,-100829.19,-0.048699,-1.0,-0.027929,0.002315,-0.015496,0.029982,0.08687,0.011238,0.011238,-0.003406
2026-08-29,KORUB,-62060.95,-0.023052,-1.0,-0.010478,0.02301,-0.017667,-0.074579,-0.026543,-0.023052,-0.023052,-0.003406
2026-08-29,L3,54558.56,0.009089,1.0,-0.060329,0.014723,-0.032616,-0.109449,-0.067279,1.3e-05,1.3e-05,-0.003406
2026-08-29,LCX,18986.14,0.000818,0.021,-0.054929,0.012731,-0.003314,7.5e-05,-0.035008,0.00213,0.00213,-0.003406
2026-08-29,LINK,-480215.77,-5.6e-05,-1.0,-0.02959,0.007634,-0.019029,-0.004722,-0.023365,-0.0,1.2e-05,-0.003406
2026-08-29,LIT,-420069.85,-0.000482,-0.2203,-0.010112,0.022958,0.016614,0.05264,0.089679,0.000782,0.000782,-0.003406
2026-08-29,LITEB,1184921.81,0.26482,1.0,-0.047977,-0.000766,-0.006902,-0.032481,-0.026054,0.120315,0.120315,-0.003406
2026-08-29,MASK,51834.81,0.001213,1.0,-0.00493,-0.000288,-0.037771,0.020491,0.013374,0.005174,0.005174,-0.003406
2026-08-29,MRVLB,-298060.21,-0.037506,-1.0,-0.022639,0.001583,-0.013475,-0.037476,-0.046777,-0.011971,-0.011971,-0.003406
2026-08-29,MUUB,-71048.16,-0.045399,-1.0,0.035489,0.01096,-0.035271,0.006365,0.043196,-0.312259,-0.312259,-0.003406
2026-08-29,MVLLB,-116600.2,-0.088911,-1.0,-0.050551,0.003703,-0.027571,-0.07576,-0.094623,-0.03877,-0.03877,-0.003406
2026-08-29,NBISB,-987967.84,-0.121582,-1.0,-0.021274,0.004755,-0.019969,-0.044164,-0.026516,-0.262416,-0.262416,-0.003406
2026-08-29,NEXO,-171330.66,-0.000321,-1.0,-0.027144,0.017221,0.034968,0.010156,0.009494,-0.000904,-0.000904,-0.003406
2026-08-29,ONDO,-159120.01,-9.3e-05,-1.0,-0.047172,0.006266,-0.019955,-0.022031,-0.009372,0.002821,0.002748,-0.003406
2026-08-29,PAXG,513576.06,0.000267,0.2173,-0.024096,0.000399,-0.003229,-0.025143,-0.01562,0.004169,0.004242,-0.003406
2026-08-29,PEPE,-8629.31,-6e-06,-0.0654,-0.048202,0.008011,-0.061809,-0.040572,-0.056856,-0.000173,-0.000173,-0.003406
2026-08-29,POL,383442.66,0.000345,1.0,-0.022869,0.030055,-0.062943,-0.121539,-0.109713,0.002456,0.002456,-0.003406
2026-08-29,PROM,-76590.22,-0.000662,-0.2646,0.339779,0.095591,0.020948,-0.194011,-0.243831,-0.000103,-0.000103,-0.003406
2026-08-29,RE,-88717.7,-0.001132,-1.0,-0.054541,0.000634,-0.045904,-0.018817,-0.058183,-0.002966,-0.002966,-0.003406
2026-08-29,RED,158692.07,0.002968,0.4355,-0.016683,0.019938,-0.004973,0.037012,0.062772,0.01977,-0.104069,-0.003406
2026-08-29,SHIB,-55676.2,-1.9e-05,-1.0,-0.039594,0.008187,-0.02921,0.014293,0.01337,-0.00015,-0.00015,-0.003406
2026-08-29,SKY,10093.44,6e-06,0.0875,0.003225,0.005344,0.013298,0.058997,-0.005514,0.000246,0.000246,-0.003406
2026-08-29,SMHB,21967.8,0.021669,1.0,-0.024026,0.002415,-0.000634,-0.01915,-0.008536,-0.102747,-0.092855,-0.003406
2026-08-29,SNXXB,-443620.44,-0.102063,-1.0,0.052417,0.005931,-0.040271,0.095072,0.076687,-0.102063,-0.102063,-0.003406
2026-08-29,SPK,-68979.31,-0.001201,-1.0,-0.022345,0.011837,-0.000134,0.071708,0.075491,-0.004849,-0.004849,-0.003406
2026-08-29,STRK,-1252267.71,-0.007267,-0.4954,-0.038581,0.024747,3.5e-05,0.076416,0.079427,-0.003352,-0.003352,-0.003406
2026-08-29,SYN,52689.14,0.002252,1.0,-0.078591,-0.004556,-0.045107,-0.08847,-0.137745,-0.014911,-0.014911,-0.003406
2026-08-29,SYRUP,651344.69,0.00312,1.0,-0.057974,0.004953,-0.013072,0.108466,0.160581,0.003749,0.003749,-0.003406
2026-08-29,WBETH,-816769.65,-9e-05,-0.1974,-0.01505,0.003101,-0.011439,-0.010542,-0.022044,-0.000656,-0.000569,-0.003406
2026-08-29,WBTC,2393224.41,0.000263,0.7869,-0.020893,0.003116,-0.005423,-0.008289,-0.01133,0.000385,0.000385,-0.003406
2026-08-29,WDCB,-61535.54,-0.028859,-1.0,0.018378,0.008703,-0.017225,-0.025984,-0.033212,-0.02062,-0.02062,-0.003406
2026-08-29,WETH,-152499.09,-1.8e-05,-1.0,-0.015411,0.002555,-0.008062,-0.007711,-0.025434,-0.000746,-0.000746,-0.003406
2026-08-29,WLD,7335116.58,0.005412,0.9492,-0.062689,0.01786,-0.035489,-0.02094,-0.027785,0.004809,0.004772,-0.003406
2026-08-29,WLFI,0.0,0.0,0.0,-0.028506,-0.003223,-0.034168,-0.010833,-0.030317,-0.000505,-0.000505,-0.003406
2026-08-29,XAUt,550602.05,0.000202,0.0641,-0.024276,8.6e-05,-0.003972,-0.026079,-0.016463,-1.5e-05,2e-05,-0.003406
2026-08-29,ZKJ,-254.89,-5.7e-05,-0.0022,-0.009457,0.002491,-0.013553,0.023074,0.014148,0.001949,0.001949,-0.003406
2026-08-29,ZRO,-190011.36,-0.000468,-0.2364,-0.045123,0.023083,-0.052344,-0.083714,-0.070898,-0.016281,-0.016281,-0.003406
2026-08-29,cbETH,210303.49,0.00045,0.3176,-0.015638,0.002238,-0.008249,-0.007068,-0.024956,0.000254,0.000254,-0.003406
2026-08-30,AAVE,-33379.82,-1.7e-05,-0.194,0.029351,-0.033799,-0.005071,0.003246,0.030239,-0.000442,0.000683,0.001631
2026-08-30,AMDon,-9522.96,-0.001173,-1.0,0.002114,-0.004844,-0.027264,-0.02378,0.019098,-0.005132,-0.005378,0.001631
2026-08-30,ARKM,489.15,1.9e-05,0.0024,0.006682,-0.059704,-0.027953,-0.053931,-0.057838,-0.004729,-0.004729,0.001631
2026-08-30,ARMB,19582.8,0.013386,1.0,0.004875,-0.010134,-0.025694,-0.031891,0.043653,-0.039519,-0.141283,0.001631
2026-08-30,ASM,-7583.3,-0.000945,-1.0,0.01544,-0.01861,-0.043685,-0.06562,-0.069032,-0.013029,-0.013029,0.001631
2026-08-30,ATH,0.05,0.0,0.0,0.006096,-0.011536,-0.048862,-0.057833,-0.058869,0.003266,0.003266,0.001631
2026-08-30,AXS,-94094.13,-0.000599,-1.0,0.001693,-0.02853,0.015307,0.015734,0.033884,0.000568,0.00064,0.001631
2026-08-30,BARD,-30945.85,-0.000725,-0.0821,-0.011781,0.030674,0.047883,0.000714,0.013125,-0.00859,-0.00859,0.001631
2026-08-30,BLUR,131286.05,0.002846,1.0,-0.000689,-0.033915,-0.04961,-0.022228,0.02014,0.001824,0.001824,0.001631
2026-08-30,BNT,11394.21,0.000352,0.0215,-0.002442,-0.027971,-0.036025,-0.044022,-0.000111,0.000352,0.000352,0.001631
2026-08-30,CBBTC,250649.19,3.4e-05,0.3386,0.002677,-0.002839,-0.008544,-0.013099,0.018995,-0.000449,-0.001074,0.001631
2026-08-30,CBXRP,147562.17,0.000878,0.1429,0.002923,-0.019602,-0.019277,-0.043687,0.005763,-0.000329,-0.000329,0.001631
2026-08-30,CHZ,-54627.69,-0.000376,-1.0,0.000419,-0.042437,-0.028245,-0.03088,-0.024944,0.001452,0.003492,0.001631
2026-08-30,CRCLB,478797.52,0.005551,0.717,-0.000116,-0.006733,0.012495,0.004763,0.153038,0.021007,0.021007,0.001631
2026-08-30,DOS,251635.74,0.004458,1.0,-0.03733,0.081467,-0.079444,-0.141868,-0.163945,0.012373,0.012373,0.001631
2026-08-30,DRV,-50415.64,-0.000396,-1.0,0.028288,-0.104694,-0.160632,-0.171579,-0.128727,-0.002115,-0.002115,0.001631
2026-08-30,EIGEN,128636.71,0.000756,0.063,-0.000507,-0.04644,0.027731,0.031717,0.021713,-0.004722,-0.004722,0.001631
2026-08-30,ETHFI,-51026.59,-9.7e-05,-1.0,0.022879,-0.039795,0.077269,0.011582,0.041377,7.7e-05,0.003061,0.001631
2026-08-30,FLOKI,178794.85,0.000738,1.0,0.004067,-0.061493,-0.053422,-0.059817,-0.016819,0.001557,0.001296,0.001631
2026-08-30,GHST,-194637.94,-0.043404,-1.0,0.023145,-0.19265,-0.224297,-0.279784,-0.261025,-0.043404,-0.043404,0.001631
2026-08-30,IMX,-203289.41,-0.00079,-1.0,0.009868,-0.048561,-0.029255,-0.04015,-0.029269,-0.001608,-0.001608,0.001631
2026-08-30,LCX,378045.8,0.016087,0.2655,0.012731,-0.015843,-0.012497,-0.105207,-0.019151,0.018217,0.018217,0.001631
2026-08-30,LDO,-69235.47,-0.000232,-1.0,-0.005841,-0.015826,0.026396,0.030435,0.07164,0.000349,0.000349,0.001631
2026-08-30,LIT,774749.74,0.00087,0.6634,0.022958,-0.006202,0.029016,0.058462,0.302903,0.00097,0.001652,0.001631
2026-08-30,MASK,-119310.62,-0.002792,-0.4994,-0.000288,-0.037494,0.020785,-0.004192,0.023616,0.002382,0.002382,0.001631
2026-08-30,NEXO,74449.17,0.000137,0.1722,0.017221,0.017447,-0.006945,0.000144,-0.010714,-0.000408,-0.000767,0.001631
2026-08-30,ONDO,-69967.18,-4.1e-05,-1.0,0.006266,-0.026058,-0.02812,-0.034724,0.015457,0.002705,0.002707,0.001631
2026-08-30,PAXG,54628.52,2.8e-05,0.3439,0.000399,-0.003626,-0.025532,-0.017645,-0.006543,0.003348,0.004271,0.001631
2026-08-30,PENDLE,0.0,0.0,0.0,0.000138,0.009834,0.053091,0.072714,0.137581,-0.001013,-0.001013,0.001631
2026-08-30,PEPE,132878.8,8.8e-05,1.0,0.008011,-0.069265,-0.048196,-0.073742,-0.021441,0.000394,-8.5e-05,0.001631
2026-08-30,PIEVERSE,-2.23,-0.0,-0.0,-0.01744,-0.083124,-0.053298,-0.005514,-0.080389,-0.035112,-0.035112,0.001631
2026-08-30,POL,-274514.68,-0.00024,-0.4858,0.030055,-0.090284,-0.147171,-0.141707,-0.127464,0.001557,0.002216,0.001631
2026-08-30,PROM,-307003.94,-0.002423,-0.7527,0.095591,-0.06813,-0.264334,-0.31234,-0.262155,-0.002526,-0.002526,0.001631
2026-08-30,RESOLV,-8838.02,-0.001076,-1.0,0.004215,-0.037685,-0.062878,-0.059207,-0.010102,-0.001076,-0.001076,0.001631
2026-08-30,SHIB,0.0,0.0,0.0,0.008187,-0.037093,0.006057,0.007225,0.01561,-0.000165,-0.00015,0.001631
2026-08-30,SKY,116439.65,7.3e-05,0.4259,0.005344,0.007911,0.053368,0.01145,-0.012032,7.8e-05,0.000319,0.001631
2026-08-30,SMHB,-5691.26,-0.0056,-0.1473,0.002415,-0.003042,-0.021513,-0.011595,0.019298,-0.010341,-0.098455,0.001631
2026-08-30,SPK,-143686.46,-0.002473,-1.0,0.011837,-0.01183,0.05917,0.06827,0.0605,-0.007322,-0.007322,0.001631
2026-08-30,STRK,42626.46,0.000241,0.1849,0.024747,-0.024115,0.050422,0.052591,0.031451,-0.00311,-0.00311,0.001631
2026-08-30,SWELL,-67831.85,-0.015108,-1.0,-0.103303,-0.122541,-0.075346,-0.139474,-0.111912,-0.015108,-0.015108,0.001631
2026-08-30,SYN,69720.21,0.002994,1.0,-0.004556,-0.040737,-0.084297,-0.131471,-0.07545,-0.011917,-0.011917,0.001631
2026-08-30,TRAC,125937.31,0.00071,0.5566,0.041364,-0.072234,-0.08896,-0.09958,-0.084461,0.002083,0.002083,0.001631
2026-08-30,UNI,446457.41,0.000153,1.0,0.012376,0.099664,0.227031,0.245426,0.323767,-0.000162,-0.000162,0.001631
2026-08-30,WLD,-1004350.14,-0.000728,-0.4878,0.01786,-0.052412,-0.038119,-0.056111,-0.001032,0.004347,0.004044,0.001631
2026-08-30,WLFI,500814.28,0.000274,1.0,-0.003223,-0.031045,-0.007634,-0.01928,-0.012372,7e-06,-0.000232,0.001631
2026-08-30,WSTETH,94799.49,8e-06,1.0,0.002958,-0.009258,-0.007626,-0.028601,-0.000297,8e-06,8e-06,0.001631
2026-08-30,XAUt,4000304.56,0.001464,0.524,8.6e-05,-0.004057,-0.026163,-0.018969,-0.006388,0.00155,0.001485,0.001631
2026-08-30,ZKJ,128.48,2.9e-05,0.0012,0.002491,-0.016004,0.020532,0.085795,0.006557,-0.014565,0.001977,0.001631
2026-08-30,ZRO,-159532.82,-0.000384,-0.1065,0.023083,-0.073725,-0.104387,-0.094743,-0.046388,0.000992,-0.016665,0.001631
2026-08-30,cbETH,-247636.28,-0.000528,-1.0,0.002238,-0.010464,-0.009285,-0.027304,0.000311,-0.000279,-0.000275,0.001631
2026-08-30,stETH,-129886.75,-5e-06,-1.0,0.00337,-0.01734,-0.012672,-0.026825,-0.000719,0.000108,0.000183,0.001631
2026-08-31,AAVE,2760.47,1e-06,0.0077,-0.033799,0.029733,0.038341,0.036964,0.099677,-0.001154,0.000685,-0.002721
2026-08-31,AERGO,6807.73,0.001409,0.3484,0.003616,-0.151801,-0.211059,-0.215583,-0.029659,0.019938,-0.013759,-0.002721
2026-08-31,ALLO,-104578.38,-0.002152,-1.0,-0.018391,-0.010018,-0.026573,-0.031991,0.009925,0.001141,0.001141,-0.002721
2026-08-31,API3,251011.31,0.01313,0.4262,-0.029879,0.009358,-0.004662,-0.006253,0.056758,0.008092,0.008092,-0.002721
2026-08-31,ARKM,141740.39,0.005941,0.2267,-0.059704,0.033767,0.006139,-0.000693,0.00732,0.008267,0.001212,-0.002721
2026-08-31,ARMB,51722.69,0.035289,0.3257,-0.010134,-0.015719,-0.02198,-0.012739,0.054927,-0.035158,-0.105995,-0.002721
2026-08-31,ATH,-200841.74,-0.00209,-0.2885,-0.011536,-0.037762,-0.046838,-0.031655,-0.027533,0.001176,0.001176,-0.002721
2026-08-31,AXS,-331844.82,-0.002175,-0.5802,-0.02853,0.045124,0.045563,0.052762,0.084089,-0.003619,-0.001536,-0.002721
2026-08-31,BARD,-299551.41,-0.006809,-1.0,0.030674,0.016697,-0.029068,-0.036186,0.018911,-0.0154,-0.0154,-0.002721
2026-08-31,BILL,200920.17,0.004419,1.0,-0.052174,-0.013131,-0.105551,-0.12287,-0.17044,0.009039,0.009039,-0.002721
2026-08-31,BMNRB,-1130.44,-0.000261,-0.011,-0.017707,-0.020834,-0.027045,-0.039977,0.052709,-0.017507,-0.017507,-0.002721
2026-08-31,CBBTC,15600.48,2e-06,0.0027,-0.002839,-0.005721,-0.010289,-0.010348,0.023637,8e-06,-0.001072,-0.002721
2026-08-31,CBRSB,59004.65,0.028406,1.0,-0.008735,-0.005923,0.035316,0.046143,0.194406,-0.027432,-0.027432,-0.002721
2026-08-31,CBXRP,12418.52,7.5e-05,0.018,-0.019602,0.000331,-0.024567,-0.014083,0.037159,-0.000254,-0.000254,-0.002721
2026-08-31,CHZ,-22954.26,-0.000165,-0.0622,-0.042437,0.01482,0.012069,0.010508,0.04087,0.000352,0.003327,-0.002721
2026-08-31,COINB,121552.06,0.008233,1.0,-0.004602,-0.010729,-0.012508,-0.019736,0.037251,-0.005628,-0.005628,-0.002721
2026-08-31,COMP,88175.87,0.000489,1.0,-0.018806,0.056881,0.057469,0.064623,0.130773,0.00043,0.00043,-0.002721
2026-08-31,CRCLon,-224667.25,-0.00204,-1.0,-0.005714,0.021984,0.009564,0.012826,0.161255,-0.003035,-0.003035,-0.002721
2026-08-31,CRV,233707.55,0.000511,1.0,-0.030228,0.248578,0.2173,0.226384,0.252635,0.00046,0.00046,-0.002721
2026-08-31,DELLB,58098.22,0.071215,0.6273,-0.010945,-0.051389,0.01205,0.064119,0.143684,-0.131599,-0.131599,-0.002721
2026-08-31,DOS,96204.12,0.001576,1.0,0.081467,-0.148789,-0.206511,-0.225273,-0.202431,0.013949,0.013949,-0.002721
2026-08-31,DRV,135553.29,0.001188,1.0,-0.104694,-0.062479,-0.074707,-0.073489,0.173397,-0.000927,-0.000927,-0.002721
2026-08-31,EDGE,57571.31,0.000463,1.0,-0.058203,0.055235,0.095033,0.249453,0.736785,-0.022763,-0.022763,-0.002721
2026-08-31,EIGEN,-82069.18,-0.000484,-1.0,-0.04644,0.077784,0.081964,0.084594,0.109949,-0.005206,-0.005206,-0.002721
2026-08-31,ENA,2284339.48,0.001568,0.8528,-0.071046,0.086717,0.007618,0.0055,0.106477,0.00183,0.001454,-0.002721
2026-08-31,ENS,-263513.83,-0.001125,-0.5689,-0.00788,0.05885,-0.057715,-0.03287,0.063866,-0.001506,-0.001506,-0.002721
2026-08-31,ERA,-373933.32,-0.037951,-1.0,0.152103,-0.135098,-0.121586,-0.116579,-0.111083,-0.037951,-0.037951,-0.002721
2026-08-31,ETHFI,-3167249.25,-0.006271,-0.92,-0.039795,0.121915,0.053506,0.073224,0.08349,-0.006396,-0.003211,-0.002721
2026-08-31,FF,888701.52,0.003146,1.0,-0.005445,0.101439,0.121907,0.141595,0.308145,0.006541,0.006541,-0.002721
2026-08-31,FORTH,188980.95,0.059744,1.0,0.005106,-0.085719,-0.049902,0.037956,0.067249,0.059744,0.059744,-0.002721
2026-08-31,GALA,159235.46,0.001948,1.0,-0.073368,0.071435,0.065497,0.051267,0.137982,0.004884,0.001379,-0.002721
2026-08-31,GRVT,7979.7,0.000401,0.0487,0.021723,-0.126818,-0.098235,-0.091468,-0.058721,0.002435,0.002435,-0.002721
2026-08-31,LA,167185.42,0.01503,1.0,0.046621,-0.011021,0.079691,0.141059,0.171229,0.040893,0.040893,-0.002721
2026-08-31,LBTC,-30546.42,-3.3e-05,-0.041,-0.005094,-0.005251,-0.008128,-0.009295,0.028196,1.2e-05,1.2e-05,-0.002721
2026-08-31,LCX,-452240.29,-0.019554,-1.0,-0.015843,0.0034,-0.090802,-0.031799,0.018988,-0.001337,-0.001337,-0.002721
2026-08-31,LDO,-99041.09,-0.000337,-1.0,-0.015826,0.042901,0.047005,0.035612,0.11462,1.2e-05,1.2e-05,-0.002721
2026-08-31,LINK,-917806.77,-0.00011,-0.3589,-0.026461,0.014585,-0.004105,-0.00442,0.076541,-0.000114,-9.8e-05,-0.002721
2026-08-31,LIT,-423171.52,-0.000478,-0.5017,-0.006202,0.035437,0.065067,0.071871,0.339515,0.000553,0.001174,-0.002721
2026-08-31,LITEB,-103150.74,-0.02307,-1.0,-0.006141,-0.025757,-0.033415,-0.019284,-0.013374,0.097245,0.097245,-0.002721
2026-08-31,LRDS,11008.8,0.013607,1.0,0.015523,-0.038649,-0.081333,-0.086602,-0.086267,-0.005556,-0.005556,-0.002721
2026-08-31,MDT,-113696.62,-0.018038,-1.0,-0.176123,0.169127,0.10311,0.068009,0.121464,0.003913,0.003913,-0.002721
2026-08-31,MNT,-5992302.84,-0.003318,-0.983,0.052394,-0.023078,0.020381,0.027753,0.070977,-0.003463,-0.003463,-0.002721
2026-08-31,MORPHO,-48915.09,-3.9e-05,-0.1142,0.004926,0.039188,0.032149,0.036603,0.029244,0.000148,0.000266,-0.002721
2026-08-31,MRVLB,306365.13,0.038996,1.0,-0.015034,-0.024329,-0.034198,-0.033757,0.031036,0.027025,0.027025,-0.002721
2026-08-31,NEXO,-179030.29,-0.000324,-0.3714,0.017447,-0.023974,-0.017006,-0.024613,-0.020506,-0.000738,-0.00109,-0.002721
2026-08-31,ONDO,1844181.9,0.001101,0.3145,-0.026058,-0.002118,-0.008898,0.010799,0.073355,0.00377,0.003808,-0.002721
2026-08-31,PAXG,-271075.7,-0.000141,-0.2991,-0.003626,-0.021985,-0.01407,-0.012431,-0.003326,-0.000141,0.004129,-0.002721
2026-08-31,PEPE,278067.32,0.000197,0.0619,-0.069265,0.022636,-0.00481,0.00528,0.05877,0.000675,0.000112,-0.002721
2026-08-31,POL,-2408139.98,-0.002313,-0.6526,-0.090284,-0.062532,-0.056526,-0.049912,-0.01792,-0.001798,-9.7e-05,-0.002721
2026-08-31,PRIME,53693.13,0.006256,1.0,0.011151,-0.025427,-0.034406,-0.034219,-0.014248,-0.050388,-0.050388,-0.002721
2026-08-31,PROM,-149053.7,-0.001262,-0.5652,-0.06813,-0.210549,-0.262064,-0.259347,-0.195146,-0.003789,-0.003789,-0.002721
2026-08-31,RE,-97116.08,-0.001298,-0.1094,-0.046508,0.02839,0.008408,-0.01287,-0.03689,-0.002923,-0.004265,-0.002721
2026-08-31,SAND,152245.51,0.001383,1.0,-0.03089,0.005039,0.041431,0.046432,0.05443,0.005406,0.005406,-0.002721
2026-08-31,SD,-51933.92,-0.005641,-1.0,0.00451,-0.055113,-0.121811,-0.132201,-0.055308,-0.005641,-0.005641,-0.002721
2026-08-31,SENT,-77776.82,-0.000877,-1.0,-0.038789,0.034841,0.083401,0.069187,0.088475,-0.00047,-0.00047,-0.002721
2026-08-31,SHIB,98864.03,3.4e-05,1.0,-0.037093,0.044812,0.046025,0.04386,0.106545,7.5e-05,-0.000116,-0.002721
2026-08-31,SKHYon,-25831.03,-0.01964,-1.0,-0.032212,0.015892,0.025855,0.038121,0.111874,0.004328,0.004328,-0.002721
2026-08-31,SKY,136640.79,8.5e-05,0.5412,0.007911,0.0451,0.003511,-0.018565,-0.001737,0.000289,0.000404,-0.002721
2026-08-31,SMHB,23617.06,0.023417,0.4993,-0.003042,-0.018527,-0.008579,-0.007906,0.017587,0.040237,-0.075039,-0.002721
2026-08-31,SOPH,-56676.81,-0.007265,-1.0,0.005871,0.014266,0.058818,-0.010981,0.033081,-0.023084,-0.023084,-0.002721
2026-08-31,SPX,65280.51,0.00013,0.1791,-0.004013,0.034644,0.007647,-0.007811,0.119386,-0.000192,-0.000192,-0.002721
2026-08-31,STRK,98820.04,0.000573,1.0,-0.024115,0.076379,0.078602,0.07939,0.18201,-0.004406,-0.002537,-0.002721
2026-08-31,SYN,54832.33,0.002442,1.0,-0.040737,-0.045411,-0.094588,-0.097013,-0.036023,0.00766,-0.009475,-0.002721
2026-08-31,SYRUP,-100983.25,-0.00049,-1.0,-0.017936,0.123147,0.187724,0.175953,0.23552,0.003259,0.003259,-0.002721
2026-08-31,TRAC,216690.05,0.001316,1.0,-0.072234,-0.018029,-0.029475,-0.026044,-0.021209,0.003335,0.003399,-0.002721
2026-08-31,TSMB,126113.74,0.032743,1.0,-0.008258,-0.011875,-0.013292,-0.006092,0.022477,0.017504,0.017504,-0.002721
2026-08-31,UNI,-100145.53,-3.1e-05,-1.0,0.099664,0.115824,0.132552,0.135409,0.397967,-0.000193,-0.000193,-0.002721
2026-08-31,VIRTUAL,-78613.07,-0.000179,-1.0,-0.038861,0.020715,0.005295,0.010368,0.029531,-0.000323,-0.000323,-0.002721
2026-08-31,WBETH,-1388429.22,-0.000154,-0.3723,-0.014495,0.000908,-0.010751,-0.010728,0.023666,-0.00058,-0.000724,-0.002721
2026-08-31,WBTC,-389861.23,-4.3e-05,-0.3819,-0.008512,-0.002882,-0.005976,-0.00594,0.028329,0.000146,0.000342,-0.002721
2026-08-31,WDCB,-1979.27,-0.000945,-0.0868,-0.025704,-0.008912,-0.023994,-0.016267,0.026762,-0.021565,-0.021565,-0.002721
2026-08-31,WETH,168396.24,2.1e-05,1.0,-0.010591,0.000355,-0.017287,-0.017513,0.019799,-0.000725,-0.000725,-0.002721
2026-08-31,WLD,-479934.83,-0.000367,-0.2182,-0.052412,0.015084,-0.003904,0.007987,0.097956,0.003965,0.003677,-0.002721
2026-08-31,WLFI,-782000.42,-0.000441,-0.5638,-0.031045,0.024161,0.012142,0.003987,0.026278,-0.000227,-0.000673,-0.002721
2026-08-31,WSTETH,-107118.37,-9e-06,-0.3184,-0.009258,0.001647,-0.019524,-0.018482,0.018846,-1e-06,-1e-06,-0.002721
2026-08-31,XAUt,-3378424.0,-0.001242,-0.2653,-0.004057,-0.022196,-0.014973,-0.012541,-0.003053,0.00028,0.000243,-0.002721
2026-08-31,XCN,-101192.28,-0.000768,-1.0,-0.023542,0.001556,-0.034309,-0.033455,0.258196,-0.001818,-0.001818,-0.002721
2026-08-31,ZKC,-74394.33,-0.003874,-1.0,0.520586,-0.203792,-0.202716,-0.210758,-0.189444,-0.003874,-0.003874,-0.002721
2026-08-31,ZRO,-249732.64,-0.000649,-0.2108,-0.073725,-0.033103,-0.022691,-0.01958,0.029273,-0.001476,-0.017313,-0.002721
2026-08-31,cbETH,2160540.84,0.004654,0.591,-0.010464,0.001191,-0.017019,-0.016846,0.020707,0.00533,0.00438,-0.002721
2026-08-31,stETH,-1996082.45,-8.6e-05,-0.6234,-0.01734,0.00475,-0.009652,-0.011396,0.025948,-1e-05,9.7e-05,-0.002721
2026-09-01,AAVE,711653.72,0.000366,0.6723,0.029733,0.00836,0.007022,0.03549,0.051646,0.000507,0.00105,-0.035236
2026-09-01,AERGO,-11119.69,-0.002714,-0.4588,-0.151801,-0.069864,-0.075198,0.079669,0.110026,-0.001483,-0.016472,-0.035236
2026-09-01,ALCX,-1342.59,-0.000242,-0.0128,-0.006507,-0.044617,-0.043927,-0.010875,-0.016295,-0.000242,-0.000242,-0.035236
2026-09-01,AMZNB,64733.53,0.040105,1.0,-0.03969,0.001196,0.006115,0.016137,0.01867,0.040105,0.040105,-0.035236
2026-09-01,API3,122458.97,0.006346,0.386,0.009358,-0.01389,-0.015466,0.021876,0.049649,0.014438,0.014438,-0.035236
2026-09-01,ARKM,615.19,2.5e-05,0.006,0.033767,-0.026725,-0.033335,-0.030744,-0.014443,0.005789,0.001237,-0.035236
2026-09-01,ARMB,1520868.53,0.553762,0.9752,-0.015719,-0.006361,0.003028,0.071175,0.0792,0.57117,0.447767,-0.035236
2026-09-01,ASM,7606.02,0.000991,1.0,-0.02555,-0.022937,-0.022472,-0.026505,0.022837,-0.003509,-0.012038,-0.035236
2026-09-01,AVGOon,5230.12,0.00115,1.0,-0.000646,-0.002827,-0.014927,-0.030786,-0.021588,-0.005119,-0.005119,-0.035236
2026-09-01,AXS,191529.45,0.001201,0.3334,0.045124,0.000421,0.007308,0.018297,0.038862,-0.003139,-0.000334,-0.035236
2026-09-01,AXTIB,130497.55,0.040552,1.0,-0.011961,-0.009161,0.006082,0.089317,0.112457,0.004248,0.004248,-0.035236
2026-09-01,BARD,-146611.32,-0.003278,-1.0,0.016697,-0.045014,-0.052015,-0.03317,0.007596,-0.015153,-0.018678,-0.035236
2026-09-01,BLUR,126324.27,0.002879,0.5474,-0.016246,0.028812,0.028806,0.073392,0.141103,0.004712,0.004704,-0.035236
2026-09-01,BMNRB,-130883.35,-0.029981,-1.0,-0.020834,-0.006344,-0.019551,0.059571,0.091903,-0.047488,-0.047488,-0.035236
2026-09-01,CAP,342725.12,0.003158,1.0,0.017552,-0.001791,0.041939,-0.348466,-0.383096,0.007451,0.007451,-0.035236
2026-09-01,CBBTC,-390217.16,-5.3e-05,-0.4751,-0.005721,-0.004594,-0.004654,0.027777,0.029705,-5.5e-05,-0.001124,-0.035236
2026-09-01,CBRSB,-58459.28,-0.027765,-1.0,-0.005923,0.041485,0.052377,0.198958,0.21605,-0.084923,-0.055197,-0.035236
2026-09-01,CBXRP,89456.19,0.000538,1.0,0.000331,-0.02489,-0.014409,0.025532,0.031229,0.002616,0.000284,-0.035236
2026-09-01,CHZ,-117701.18,-0.000834,-0.4223,0.01482,-0.002712,-0.00425,0.003397,0.033591,-0.000483,0.002493,-0.035236
2026-09-01,COHRB,-67941.48,-0.019425,-1.0,-0.02123,-0.020222,-0.011088,0.033858,0.034339,-0.03809,-0.03809,-0.035236
2026-09-01,COINon,-54991.7,-0.006222,-1.0,-0.01001,-0.003175,-0.01155,0.039035,0.045635,-0.006222,-0.006222,-0.035236
2026-09-01,CRCLB,50291.5,0.000563,1.0,0.019358,-0.007636,-0.003666,0.138809,0.172136,0.013788,0.02157,-0.035236
2026-09-01,CRCLon,-389667.47,-0.003533,-0.243,0.021984,-0.012153,-0.008961,0.133306,0.166704,-0.006569,-0.006569,-0.035236
2026-09-01,CRV,-133780.7,-0.000234,-1.0,0.248578,-0.025051,-0.017775,-0.039292,0.032476,0.000226,0.000226,-0.035236
2026-09-01,CVC,-90821.95,-0.004552,-1.0,0.043944,0.005785,0.011787,0.04797,0.058708,-0.004552,-0.004552,-0.035236
2026-09-01,DELLB,85317.54,0.103217,0.7354,-0.051389,0.066876,0.121766,0.212771,0.214797,-0.011432,-0.028382,-0.035236
2026-09-01,DRV,503257.09,0.004704,1.0,-0.062479,-0.013042,-0.011744,0.038011,0.140989,0.004372,0.003778,-0.035236
2026-09-01,ENA,948715.05,0.000599,0.0651,0.086717,-0.072787,-0.074736,0.01686,0.089391,0.001854,0.002053,-0.035236
2026-09-01,ENS,-57402.94,-0.000231,-0.191,0.05885,-0.110086,-0.086622,-0.022487,0.049456,-0.001738,-0.001738,-0.035236
2026-09-01,ETHFI,-58223.55,-0.000103,-0.1221,0.121915,-0.060976,-0.0434,-0.033317,-0.028702,-0.006399,-0.003314,-0.035236
2026-09-01,FF,229506.01,0.000738,1.0,0.101439,0.018583,0.036459,0.063183,0.169819,0.007279,0.007279,-0.035236
2026-09-01,FLOKI,-3069.19,-1.3e-05,-0.0188,0.0086,-0.006756,-0.003175,0.038669,0.081402,0.001544,0.001282,-0.035236
2026-09-01,GALA,-100662.65,-0.001148,-1.0,0.071435,-0.005542,-0.018823,0.009609,0.074528,-3.5e-05,0.000231,-0.035236
2026-09-01,GFI,63640.2,0.024588,1.0,-0.037494,-0.017949,-0.00227,-0.037349,-0.020476,0.024588,0.024588,-0.035236
2026-09-01,GRT,53276.04,0.0003,1.0,0.007393,-0.003987,-0.003343,0.041245,0.187852,0.001186,0.001186,-0.035236
2026-09-01,IMX,113959.77,0.000456,1.0,0.020291,-0.011223,-0.013183,-1.4e-05,0.042419,-0.001152,-0.001152,-0.035236
2026-09-01,IRENB,-64215.81,-0.028733,-1.0,0.046194,0.035833,0.055232,0.199554,0.169991,-0.017496,-0.017496,-0.035236
2026-09-01,KAIO,-62914.61,-0.00521,-1.0,0.003022,-0.015398,-0.017616,-0.084738,-0.086839,-0.00521,-0.00521,-0.035236
2026-09-01,LA,-153131.94,-0.01392,-1.0,-0.011021,0.091723,0.153775,0.181995,0.198235,0.026973,0.026973,-0.035236
2026-09-01,LCX,454563.84,0.019588,0.3373,0.0034,-0.093883,-0.03508,-0.006738,-0.005797,0.022453,0.018251,-0.035236
2026-09-01,LINK,4920472.18,0.000581,0.9261,0.014585,-0.018421,-0.018732,0.034709,0.093399,0.000429,0.000483,-0.035236
2026-09-01,LIT,353148.32,0.000385,0.2398,0.035437,0.028616,0.035187,0.266164,0.220243,0.000695,0.001559,-0.035236
2026-09-01,LITEB,-454639.15,-0.115456,-1.0,-0.025757,-0.00786,0.006644,0.016507,0.022439,-0.018211,-0.018211,-0.035236
2026-09-01,LMWR,50970.55,0.007369,1.0,0.025433,0.027915,0.025591,0.001546,-0.033185,-0.001444,-0.001444,-0.035236
2026-09-01,LPT,0.0,0.0,0.0,-0.000408,-0.00329,-0.006564,0.094877,0.079626,-0.000753,-0.000753,-0.035236
2026-09-01,LRDS,9729.0,0.012509,1.0,-0.038649,-0.0444,-0.049881,0.104495,-0.008608,0.006953,0.006953,-0.035236
2026-09-01,MASK,-127609.9,-0.002925,-1.0,0.060549,-0.024468,-0.006974,0.002773,0.075328,-0.00473,-0.000544,-0.035236
2026-09-01,MDT,-88529.21,-0.012013,-1.0,0.169127,-0.056467,-0.086491,-0.145494,-0.099149,-0.0081,-0.0081,-0.035236
2026-09-01,MNT,73468.03,4.2e-05,0.3685,-0.023078,0.044486,0.052032,0.065448,0.119626,-0.003457,-0.003421,-0.035236
2026-09-01,MORPHO,164293.66,0.000126,0.0478,0.039188,-0.006774,-0.002487,0.003523,0.028258,0.000585,0.000392,-0.035236
2026-09-01,MRVLB,61655.33,0.006743,1.0,-0.024329,-0.010115,-0.009663,0.069693,0.068846,0.033768,0.033768,-0.035236
2026-09-01,MUUB,86897.14,0.050413,0.3974,0.043159,0.021145,0.036598,0.164667,0.182771,-0.261845,-0.261845,-0.035236
2026-09-01,NBISB,-64194.74,-0.008197,-1.0,-0.024688,0.01141,0.018464,0.128364,0.112734,-0.270613,-0.270613,-0.035236
2026-09-01,NEXO,2699.65,5e-06,0.0068,-0.023974,0.007139,-0.000655,-0.003795,-0.006719,-0.000502,-0.001085,-0.035236
2026-09-01,ONDO,196463.48,0.000118,0.1312,-0.002118,-0.006795,0.012944,0.044838,0.099804,0.003963,0.003925,-0.035236
2026-09-01,PAXG,329870.11,0.000176,0.3372,-0.021985,0.008093,0.009769,0.019486,0.015943,0.000373,0.004305,-0.035236
2026-09-01,PENDLE,85304.52,0.000277,1.0,0.042836,0.018634,0.03234,0.080231,0.171917,-0.000737,-0.000737,-0.035236
2026-09-01,PEPE,-301506.38,-0.000209,-0.2909,0.022636,-0.026839,-0.016972,0.02811,0.032284,0.000177,-9.7e-05,-0.035236
2026-09-01,PIEVERSE,77506.85,0.000257,0.4059,0.032531,0.050474,0.068944,-0.028616,0.006482,0.000835,-0.034855,-0.035236
2026-09-01,POL,527420.59,0.00054,1.0,-0.062532,0.006407,0.013462,0.023108,0.069192,-0.002012,0.000443,-0.035236
2026-09-01,PUMP,-15848.17,-0.002529,-0.4787,0.011771,-0.04854,-0.060686,0.025961,0.042881,-0.003404,-0.003404,-0.035236
2026-09-01,QCOMB,77650.48,0.031343,1.0,0.017733,0.019911,0.019614,0.011719,0.017578,0.031343,0.031343,-0.035236
2026-09-01,RE,10879.62,0.000141,0.0178,0.02839,-0.019431,-0.040121,-0.097628,-0.051505,-0.003943,-0.004123,-0.035236
2026-09-01,RED,-126758.57,-0.002272,-0.5122,0.042194,0.027824,0.024841,0.09612,0.14707,0.01383,-0.106341,-0.035236
2026-09-01,SAND,499553.03,0.004514,0.8285,0.005039,0.036209,0.041186,0.030268,0.052693,0.009921,0.009921,-0.035236
2026-09-01,SKY,151057.82,8.9e-05,0.1492,0.0451,-0.039794,-0.060918,-0.062086,-0.027685,0.000258,0.000493,-0.035236
2026-09-01,SMHB,63360.83,0.058799,1.0,-0.018527,0.010136,0.010821,0.041708,0.052938,0.081173,-0.01624,-0.035236
2026-09-01,SNXXB,71388.52,0.013172,1.0,0.141023,-0.022688,-0.016789,0.225043,0.289699,-0.088891,-0.088891,-0.035236
2026-09-01,SPK,-189885.68,-0.003086,-0.3796,0.071851,0.008591,0.00353,0.001255,0.10523,-0.009354,-0.010408,-0.035236
2026-09-01,SPX,3923.71,8e-06,0.0169,0.034644,-0.026093,-0.041034,0.078963,0.011416,-0.000185,-0.000185,-0.035236
2026-09-01,STRK,347703.04,0.001821,1.0,0.076379,0.002065,0.002797,-0.01806,0.145195,-0.003824,-0.000716,-0.035236
2026-09-01,SYN,53230.25,0.002483,1.0,-0.045411,-0.051516,-0.054057,0.009661,-0.018743,0.012366,-0.006992,-0.035236
2026-09-01,SYRUP,-405565.91,-0.001752,-1.0,0.123147,0.057496,0.047016,0.158746,0.134066,0.001507,0.001507,-0.035236
2026-09-01,TMX,0.0,0.0,0.0,-0.132333,-0.114778,-0.100146,0.103311,0.00811,0.019945,0.019945,-0.035236
2026-09-01,UNI,55943.17,1.6e-05,1.0,0.115824,0.014991,0.017552,0.078837,0.241712,-0.000177,-0.000177,-0.035236
2026-09-01,VIRTUAL,53725.04,0.00012,1.0,0.020715,-0.015107,-0.010137,-0.019683,0.024412,-0.000203,-0.000203,-0.035236
2026-09-01,WBETH,140957.98,1.6e-05,0.0474,0.000908,-0.011648,-0.011625,0.01427,0.028276,-0.000511,-0.000708,-0.035236
2026-09-01,WDCB,-16315.89,-0.007905,-1.0,-0.008912,-0.015218,-0.007421,0.035762,0.035309,-0.02947,-0.02947,-0.035236
2026-09-01,WETH,-271870.5,-3.3e-05,-1.0,0.000355,-0.017636,-0.017861,0.009978,0.02492,-0.000758,-0.000758,-0.035236
2026-09-01,WLD,253687.97,0.000191,1.0,0.015084,-0.018706,-0.006991,0.038557,0.128653,0.004326,0.003867,-0.035236
2026-09-01,WLFI,112465.78,6.2e-05,0.2418,0.024161,-0.011736,-0.019698,-0.004774,-0.016313,-0.000101,-0.000611,-0.035236
2026-09-01,XAUt,379272.61,0.000143,0.1004,-0.022196,0.007387,0.009874,0.020306,0.017266,0.000659,0.000385,-0.035236
2026-09-01,ZKC,51826.44,0.003388,0.2829,-0.203792,0.00135,-0.008749,0.019945,0.009255,-0.000486,-0.000486,-0.035236
2026-09-01,ZRO,105552.04,0.000284,0.3053,-0.033103,0.010769,0.013986,0.064759,0.096279,-0.00138,-0.01703,-0.035236
2026-09-01,cbETH,449086.58,0.000968,0.1017,0.001191,-0.018188,-0.018015,0.009686,0.025628,0.005486,0.005348,-0.035236
2026-09-01,stETH,891151.71,3.8e-05,1.0,0.00475,-0.014334,-0.016069,0.012106,0.026567,-7.1e-05,0.000135,-0.035236
2026-09-02,AAOIB,-2617.19,-0.000566,-0.023,-0.017894,0.016715,0.041754,0.041169,0.081155,-0.058079,-0.058079,-0.004512
2026-09-02,AAVE,135673.31,6.9e-05,0.1335,0.00836,-0.001326,0.026905,0.059071,0.040493,0.000485,0.00112,-0.004512
2026-09-02,AERGO,-8268.51,-0.002169,-0.2398,-0.069864,-0.005734,0.160764,0.229929,0.174375,-0.001038,-0.018641,-0.004512
2026-09-02,ALCX,52932.67,0.01,1.0,-0.044617,0.000722,0.035318,0.02563,0.030709,0.009757,0.009757,-0.004512
2026-09-02,AMATB,175915.46,0.090169,1.0,-0.005193,-0.000197,0.035691,0.04104,0.050693,0.090169,0.090169,-0.004512
2026-09-02,AMZNB,-76688.49,-0.048394,-1.0,0.001196,0.004913,0.014923,0.018503,0.012644,-0.008289,-0.008289,-0.004512
2026-09-02,API3,-2.94,-0.0,-0.0,-0.01389,-0.001598,0.036271,0.061708,0.079512,0.014438,0.014438,-0.004512
2026-09-02,ARKM,50140.53,0.002089,1.0,-0.026725,-0.006791,-0.004129,0.001174,0.054278,0.010375,0.003326,-0.004512
2026-09-02,ARMB,2891.86,0.001059,0.0296,-0.006361,0.009449,0.078032,0.078636,0.092811,0.595429,0.553796,-0.004512
2026-09-02,ASMLB,-61254.05,-0.018238,-1.0,0.009388,0.002999,0.022043,0.023933,0.039838,1.231598,1.231598,-0.004512
2026-09-02,AVGOB,2015991.34,0.484268,0.9104,-0.003009,-0.011989,-0.027485,-0.021404,-0.012884,0.505819,0.505819,-0.004512
2026-09-02,AVT,13802.25,0.009909,1.0,0.171825,-0.086585,-0.134746,-0.109222,-0.13025,0.009909,0.009909,-0.004512
2026-09-02,AXS,-170192.27,-0.001067,-0.6108,0.000421,0.006885,0.017869,0.036847,0.061697,-0.003259,-0.001401,-0.004512
2026-09-02,BARD,-316253.81,-0.007404,-1.0,-0.045014,-0.007331,0.012402,0.049416,0.097624,-0.019481,-0.026082,-0.004512
2026-09-02,BEB,-137695.08,-0.053302,-1.0,0.029265,0.026124,0.195255,0.251812,0.293805,-0.07282,-0.07282,-0.004512
2026-09-02,BILL,280044.54,0.006885,0.4183,-0.09365,-0.019362,-0.09593,-0.072546,-0.091176,0.01754,0.015924,-0.004512
2026-09-02,BLUR,-70281.97,-0.001557,-1.0,0.028812,-6e-06,0.043331,0.066738,0.109587,0.003297,0.003147,-0.004512
2026-09-02,BMNRB,16906.23,0.003833,0.033,-0.006344,-0.013291,0.066335,0.081971,0.084551,-0.043655,-0.043655,-0.004512
2026-09-02,CBBTC,1215158.37,0.000165,0.372,-0.004594,-6e-05,0.03252,0.034279,0.027756,0.000146,-0.00096,-0.004512
2026-09-02,CBRSB,20182.29,0.008428,0.0485,0.041485,0.010458,0.151201,0.153663,0.176917,-0.09958,-0.046769,-0.004512
2026-09-02,CBXRP,-0.2,-0.0,-0.0,-0.02489,0.010748,0.051709,0.063281,0.049766,0.002041,0.000284,-0.004512
2026-09-02,CHZ,0.0,0.0,0.0,-0.002712,-0.001542,0.006126,0.028458,0.059476,0.001907,0.002493,-0.004512
2026-09-02,COHRB,-176234.56,-0.054097,-0.9425,-0.020222,0.009322,0.055197,0.046326,0.087191,-0.092188,-0.092188,-0.004512
2026-09-02,COINB,-43254.92,-0.002814,-0.2293,-0.001798,-0.00732,0.041674,0.050388,0.051532,-0.008442,-0.008442,-0.004512
2026-09-02,CRCLB,54352.03,0.000604,1.0,-0.007636,0.004001,0.147572,0.148847,0.156275,0.012955,0.022175,-0.004512
2026-09-02,CRCLon,774789.95,0.007087,0.6085,-0.012153,0.003232,0.147249,0.150255,0.156979,0.000518,0.000518,-0.004512
2026-09-02,CRDOB,-188472.3,-0.188568,-0.6409,-0.227201,0.030346,0.048684,0.038702,0.072232,-0.265902,-0.265902,-0.004512
2026-09-02,CRWVB,-84176.59,-0.096373,-0.5134,-0.009394,0.004288,0.107658,0.10693,0.130696,-0.291308,-0.291308,-0.004512
2026-09-02,DELLB,-26488.49,-0.027964,-0.13,0.066876,0.051449,0.13675,0.130066,0.138731,-0.112475,-0.056345,-0.004512
2026-09-02,DOS,225505.53,0.004656,1.0,-0.067811,-0.023645,-0.025727,0.005142,-0.043335,0.016667,0.018605,-0.004512
2026-09-02,EDGE,-169093.77,-0.001241,-1.0,0.037714,0.141019,0.533541,0.586058,0.442813,0.000677,-0.024004,-0.004512
2026-09-02,ENA,-387919.23,-0.000264,-0.3747,-0.072787,-0.002101,0.096685,0.098112,0.112211,0.001504,0.001789,-0.004512
2026-09-02,EWYB,-393793.49,-0.043338,-1.0,0.01305,0.005093,0.053128,0.052528,0.071667,-0.11421,-0.11421,-0.004512
2026-09-02,FF,580875.89,0.001833,1.0,0.018583,0.017549,0.043786,0.166001,0.16126,0.00963,0.009112,-0.004512
2026-09-02,FORTH,0.0,0.0,0.0,0.039174,0.092473,0.111538,0.123304,0.164587,0.059744,0.059744,-0.004512
2026-09-02,GLWB,-57513.43,-0.048725,-0.4957,-2.7e-05,-0.001696,0.068959,0.063479,0.094515,-0.048725,-0.048725,-0.004512
2026-09-02,GRT,48702.29,0.000275,0.2308,-0.003987,0.000647,0.045414,0.095395,0.202301,0.002714,0.001461,-0.004512
2026-09-02,IMX,93478.05,0.000378,0.2221,-0.011223,-0.001982,0.011337,0.01587,0.080956,-0.000532,-0.000774,-0.004512
2026-09-02,INTWB,-65016.56,-0.088063,-1.0,0.026656,0.012384,0.134327,0.145828,0.207091,-0.088063,-0.088063,-0.004512
2026-09-02,IRENB,-90516.17,-0.040444,-1.0,0.035833,0.018728,0.158057,0.137122,0.144912,-0.05794,-0.05794,-0.004512
2026-09-02,JASMY,16746.95,7.2e-05,0.0772,-0.04548,-0.0217,-0.071975,-0.08767,-0.087808,-0.000391,-0.000391,-0.004512
2026-09-02,LBTC,77785.9,8.5e-05,0.3354,-0.002893,-0.001176,0.033032,0.036622,0.026128,9.7e-05,9.7e-05,-0.004512
2026-09-02,LCX,-443287.97,-0.021081,-1.0,-0.093883,0.064895,0.096173,0.120755,0.124242,-0.004142,-0.00283,-0.004512
2026-09-02,LDO,-61981.82,-0.000201,-1.0,0.003935,-0.010882,0.039988,0.064579,0.088006,-0.000942,-0.000189,-0.004512
2026-09-02,LINK,-79233.49,-1e-05,-1.0,-0.018421,-0.000316,0.054127,0.080979,0.154018,0.00041,0.000474,-0.004512
2026-09-02,LIT,8062.94,9e-06,0.0155,0.028616,0.006388,0.230939,0.25768,0.245357,0.000303,0.001567,-0.004512
2026-09-02,LITEB,-339648.21,-0.094424,-1.0,-0.00786,0.014619,0.02456,0.020733,0.043228,-0.03618,-0.112634,-0.004512
2026-09-02,MASK,-101916.53,-0.002395,-1.0,-0.024468,0.017933,0.027924,0.059766,0.12472,-0.008315,-0.002939,-0.004512
2026-09-02,MNT,98541.05,5.3e-05,1.0,0.044486,0.007224,0.02007,0.049585,0.118848,-0.003361,-0.003368,-0.004512
2026-09-02,MORPHO,-144028.38,-0.000111,-0.0215,-0.006774,0.004315,0.010367,-0.002814,-0.018537,0.000507,0.000281,-0.004512
2026-09-02,MRVLB,-286809.59,-0.032407,-0.6976,-0.010115,0.000457,0.080624,0.067543,0.09075,0.001361,0.001361,-0.004512
2026-09-02,MUUB,-315675.66,-0.207624,-1.0,0.021145,0.015132,0.140549,0.146345,0.20342,-0.502504,-0.46947,-0.004512
2026-09-02,MVLLB,-77023.9,-0.052245,-1.0,-0.020353,-5.8e-05,0.161512,0.129789,0.178757,-0.091015,-0.091015,-0.004512
2026-09-02,NBISB,-123687.01,-0.015748,-0.5007,0.01141,0.006974,0.115635,0.103147,0.10756,-0.286361,-0.286361,-0.004512
2026-09-02,ONDO,399052.83,0.00024,0.7932,-0.006795,0.019874,0.051987,0.082992,0.134965,0.001325,0.004166,-0.004512
2026-09-02,PAXG,0.0,0.0,0.0,0.008093,0.001663,0.011302,0.010898,0.005725,0.00033,0.004305,-0.004512
2026-09-02,PENDLE,-143501.34,-0.000457,-0.1766,0.018634,0.013455,0.06047,0.093188,0.201006,-0.001193,-0.001193,-0.004512
2026-09-02,PEPE,870127.44,0.00062,0.8403,-0.026839,0.010139,0.056465,0.063888,0.070308,0.00069,0.000523,-0.004512
2026-09-02,PLTRB,55947.76,0.048107,1.0,-0.06591,-0.000809,0.023086,0.032606,0.039195,0.048107,0.048107,-0.004512
2026-09-02,POL,-204986.1,-0.000209,-0.5286,0.006407,0.00701,0.016595,0.040919,0.048267,-0.001876,0.000234,-0.004512
2026-09-02,PRIME,-16379.77,-0.001976,-0.1327,-0.009213,0.000195,-0.006432,0.020877,0.021604,-0.052365,-0.052365,-0.004512
2026-09-02,PROM,297913.06,0.003419,1.0,-0.065254,0.003683,0.072979,0.090683,0.171575,0.000319,-0.000369,-0.004512
2026-09-02,PUMP,15849.08,0.002658,0.3316,-0.04854,-0.012765,0.078302,0.119433,0.066693,-0.000746,-0.000746,-0.004512
2026-09-02,QCOMB,-30899.54,-0.012376,-0.385,0.019911,-0.000291,-0.008032,-0.006114,0.008975,0.018966,0.018966,-0.004512
2026-09-02,QNTB,-29144.6,-0.047928,-1.0,-0.007001,0.012314,0.036889,0.04317,0.060226,-0.047928,-0.047928,-0.004512
2026-09-02,RED,230876.03,0.004017,1.0,0.027824,-0.002902,0.066448,0.100019,0.153905,0.004682,-0.1024,-0.004512
2026-09-02,RESOLV,-60559.47,-0.007824,-1.0,0.003917,0.004109,0.052195,0.069543,0.077721,-0.0089,-0.0089,-0.004512
2026-09-02,RKLBB,-79984.49,-0.055092,-1.0,-0.00224,0.027589,0.030766,0.04453,0.038577,-0.055092,-0.055092,-0.004512
2026-09-02,RPL,87209.25,0.002432,1.0,-0.016342,0.000605,0.048675,0.082264,0.10185,0.002444,0.002444,-0.004512
2026-09-02,SKY,-70064.18,-4.3e-05,-0.1182,-0.039794,-0.021999,-0.023217,-0.00523,-0.009877,0.00021,0.00045,-0.004512
2026-09-02,SMCIB,-204833.93,-0.13638,-1.0,-0.001471,0.010206,0.089865,0.094443,0.088536,-0.407429,-0.407429,-0.004512
2026-09-02,SMHB,-64368.26,-0.062428,-0.7151,0.010136,0.000678,0.031255,0.026392,0.047784,0.035856,-0.052148,-0.004512
2026-09-02,SPK,-100060.63,-0.001612,-0.3833,0.008591,-0.005018,-0.007273,0.051832,0.046186,-0.008685,-0.01202,-0.004512
2026-09-02,SPX,-71251.22,-0.000141,-1.0,-0.026093,-0.015341,0.10787,0.110891,0.016867,-0.000228,-0.000326,-0.004512
2026-09-02,SYN,-90068.9,-0.004431,-1.0,-0.051516,-0.002679,0.064501,0.064683,0.033466,0.00574,-0.011422,-0.004512
2026-09-02,SYRUP,192135.97,0.000785,1.0,0.057496,-0.009911,0.095745,0.040242,0.092969,0.002525,0.002292,-0.004512
2026-09-02,TRAC,198078.43,0.00124,1.0,-0.011656,0.003535,0.01679,0.008517,0.060019,0.003173,0.004639,-0.004512
2026-09-02,TSMB,-149405.81,-0.039123,-1.0,-0.001435,0.007297,0.038996,0.036251,0.054769,-0.021619,-0.021619,-0.004512
2026-09-02,UNI,0.0,0.0,0.0,0.014991,0.002523,0.062903,0.234351,0.19171,-0.000187,-0.000177,-0.004512
2026-09-02,USARB,-70051.18,-0.082632,-1.0,0.013766,0.008868,-0.003375,0.002267,0.005083,-0.153895,-0.153895,-0.004512
2026-09-02,VIRTUAL,67421.83,0.000153,1.0,-0.015107,0.005047,-0.004646,0.024108,0.091425,-5e-05,-5e-05,-0.004512
2026-09-02,WBETH,-98987.85,-1.1e-05,-0.0689,-0.011648,2.3e-05,0.026223,0.034791,0.042493,-0.000269,-0.000719,-0.004512
2026-09-02,WBTC,0.0,0.0,0.0,-0.003103,3.6e-05,0.032352,0.034511,0.027484,0.000174,0.000342,-0.004512
2026-09-02,WDCB,-129987.45,-0.067892,-1.0,-0.015218,0.007918,0.051768,0.052004,0.064617,-0.097363,-0.097363,-0.004512
2026-09-02,WETH,-58530.4,-7e-06,-1.0,-0.017636,-0.00023,0.028109,0.037739,0.044751,-2.9e-05,-0.000765,-0.004512
2026-09-02,WLD,141368.73,0.000108,0.4707,-0.018706,0.011937,0.058354,0.102259,0.288479,0.004616,0.003976,-0.004512
2026-09-02,WLFI,9755136.02,0.005438,0.9623,-0.011736,-0.008057,0.007044,0.013966,-0.001749,0.005333,0.004827,-0.004512
2026-09-02,XAUt,879514.09,0.000328,0.5066,0.007387,0.002469,0.012824,0.012101,0.007942,0.000895,0.000714,-0.004512
2026-09-02,XCN,-51914.32,-0.000406,-1.0,-0.035809,0.000884,0.191977,0.302897,0.22772,-0.002224,-0.002224,-0.004512
2026-09-02,ZAMA,55220.85,0.000497,1.0,0.009282,0.059144,0.008185,-0.007806,0.000633,-0.000648,-0.000648,-0.004512
2026-09-02,ZKC,-50621.79,-0.003302,-1.0,0.00135,-0.010086,0.01857,0.016647,0.018163,-0.003788,-0.003788,-0.004512
2026-09-02,ZRO,-163358.2,-0.000434,-1.0,0.010769,0.003183,0.053416,0.05317,0.124154,-0.001651,-0.017464,-0.004512
2026-09-02,cbETH,999395.94,0.002194,0.5477,-0.018188,0.000176,0.02839,0.038379,0.045446,0.007739,0.007543,-0.004512
2026-09-02,stETH,0.0,0.0,0.0,-0.014334,-0.00176,0.026825,0.035948,0.043163,-5.2e-05,0.000135,-0.004512
2026-09-03,AAVE,218253.07,0.000111,0.1808,-0.001326,0.028269,0.060478,0.044313,0.013907,0.000531,0.001231,0.005795
2026-09-03,AERGO,-19648.51,-0.005185,-0.1823,-0.005734,0.167459,0.237022,0.200284,0.215542,0.010963,-0.004465,0.005795
2026-09-03,ALCX,-892.87,-0.000169,-0.0087,0.000722,0.034571,0.02489,0.028902,0.03051,0.009589,0.009589,0.005795
2026-09-03,ALLO,-97714.74,-0.002077,-1.0,-0.005566,0.060799,0.043302,0.022738,0.053321,-0.000937,-0.000937,0.005795
2026-09-03,ALT,-10071.95,-0.002055,-1.0,0.018875,0.032071,0.008013,0.060183,0.027388,0.131667,0.131667,0.005795
2026-09-03,AMATB,23650.55,0.011906,1.0,-0.000197,0.035895,0.041245,0.044398,0.075165,0.102075,0.102075,0.005795
2026-09-03,AMZNB,51253.77,0.032146,1.0,0.004913,0.009961,0.013523,0.012478,0.0021,0.023857,0.023857,0.005795
2026-09-03,ARKM,51836.09,0.002174,0.2546,-0.006791,0.00268,0.008019,0.019543,0.028352,0.010249,0.005501,0.005795
2026-09-03,ARMB,2432.31,0.000881,0.0429,0.009449,0.067942,0.068539,0.075942,0.1099,0.604377,0.564199,0.005795
2026-09-03,ASMLB,265053.33,0.07868,1.0,0.002999,0.018987,0.020872,0.024495,0.050568,1.310278,1.310278,0.005795
2026-09-03,ATH,-100143.62,-0.001076,-1.0,0.015929,-0.016762,0.004257,0.016054,0.033894,9.9e-05,9.9e-05,0.005795
2026-09-03,AVGOB,-1576561.1,-0.252909,-0.5473,-0.011989,-0.015684,-0.009529,-0.005215,0.011916,0.25291,0.25291,0.005795
2026-09-03,AVGOon,601.09,0.000139,0.0085,-0.012135,-0.016099,-0.00978,-0.006762,0.006697,0.002786,-0.00498,0.005795
2026-09-03,AVT,6720.26,0.005282,0.2202,-0.086585,-0.052727,-0.024783,-0.029787,-0.043601,0.015192,0.015192,0.005795
2026-09-03,AXS,-95736.37,-0.000596,-1.0,0.006885,0.010909,0.029758,0.031325,0.035612,-0.003237,-0.001998,0.005795
2026-09-03,AXTIB,39951.14,0.011879,1.0,0.015383,0.082733,0.10998,0.105732,0.216397,0.016126,0.016126,0.005795
2026-09-03,BARD,-59924.37,-0.001413,-1.0,-0.007331,0.019879,0.057166,0.062882,0.087868,-0.01963,-0.027495,0.005795
2026-09-03,BLUR,-161727.38,-0.003582,-1.0,-6e-06,0.043337,0.066744,0.109152,0.103729,0.001123,-0.000435,0.005795
2026-09-03,CBBTC,-139332.59,-1.9e-05,-0.1935,-6e-05,0.032582,0.034341,0.034519,0.016959,0.000129,-0.000979,0.005795
2026-09-03,CBRSB,-97650.19,-0.040357,-1.0,0.010458,0.139286,0.141723,0.155527,0.088273,-0.087136,-0.087125,0.005795
2026-09-03,CBXRP,66039.08,0.000399,1.0,0.010748,0.040525,0.051974,0.046305,0.054257,0.00189,0.000683,0.005795
2026-09-03,COHRB,11385.09,0.003463,0.1785,0.009322,0.04545,0.036662,0.045937,0.124735,-0.105075,-0.088725,0.005795
2026-09-03,COINB,-53002.46,-0.003454,-1.0,-0.00732,0.049355,0.058134,0.059638,0.020204,-0.015491,-0.011896,0.005795
2026-09-03,COMP,139729.21,0.000728,0.4854,0.006765,0.022856,0.062135,0.092919,0.08327,0.001157,0.001157,0.005795
2026-09-03,CRCLon,-11937.15,-0.000109,-0.0319,0.003232,0.143553,0.146549,0.177253,0.087397,0.000409,0.000409,0.005795
2026-09-03,CRDOB,213621.72,0.176394,0.6158,0.030346,0.017798,0.008109,0.011448,0.006744,-0.089508,-0.089508,0.005795
2026-09-03,CRWVB,-16191.44,-0.017539,-1.0,0.004288,0.102929,0.102204,0.118341,0.231853,-0.308847,-0.308847,0.005795
2026-09-03,DELLB,-215733.43,-0.215381,-1.0,0.051449,0.081127,0.074771,0.082933,0.098132,-0.08132,-0.271727,0.005795
2026-09-03,DOS,99652.33,0.002107,0.419,-0.023645,-0.002133,0.029484,0.014593,-0.052627,0.017661,0.020712,0.005795
2026-09-03,DRV,-121224.73,-0.001147,-1.0,0.001316,0.050345,0.266469,0.154547,0.139239,0.005628,0.002631,0.005795
2026-09-03,EIGEN,339181.47,0.001844,1.0,0.002432,-0.012098,0.023377,0.062743,0.068175,0.003613,-0.003362,0.005795
2026-09-03,ENA,-274303.03,-0.000187,-0.2951,-0.002101,0.098994,0.100425,0.177383,0.068673,0.001566,0.001602,0.005795
2026-09-03,ENS,-86231.4,-0.00038,-1.0,0.026367,0.070218,0.100023,0.148983,0.180693,-0.002118,-0.002118,0.005795
2026-09-03,ETHFI,127316.99,0.000235,1.0,0.018716,0.010541,0.009566,0.015365,0.074168,-0.00645,-0.003079,0.005795
2026-09-03,FF,368454.99,0.001115,1.0,0.017549,0.025784,0.145892,0.12867,0.386947,0.007482,0.010227,0.005795
2026-09-03,FLOKI,-56262.55,-0.000246,-1.0,0.003606,0.041977,0.107806,0.084846,0.096616,0.001689,0.001036,0.005795
2026-09-03,GALA,39537.17,0.00046,0.2521,-0.013355,0.028978,0.082486,0.095142,0.09176,0.001006,0.00069,0.005795
2026-09-03,GLWB,5642.01,0.00478,1.0,-0.001696,0.070775,0.065286,0.072567,0.159628,-0.043945,-0.043945,0.005795
2026-09-03,GRT,13434.24,7.6e-05,0.0906,0.000647,0.044738,0.094688,0.191837,0.20569,0.0022,0.001537,0.005795
2026-09-03,GRVT,-216267.82,-0.011964,-1.0,0.007504,0.0211,0.036044,0.016127,0.05817,-0.009529,-0.009529,0.005795
2026-09-03,IMX,-123544.1,-0.000501,-1.0,-0.001982,0.013345,0.017887,0.056344,0.060925,-0.000467,-0.001275,0.005795
2026-09-03,IRENB,-674.74,-0.000296,-0.0034,0.018728,0.136768,0.116218,0.108752,0.203456,-0.046048,-0.058235,0.005795
2026-09-03,JASMY,53413.2,0.000234,1.0,-0.0217,-0.051391,-0.067433,-0.057503,-0.075474,-0.000157,-0.000157,0.005795
2026-09-03,LCX,-63060.68,-0.002816,-0.0721,0.064895,0.029372,0.052456,0.030348,0.043279,-0.007777,-0.005646,0.005795
2026-09-03,LDO,-68908.25,-0.000226,-1.0,-0.010882,0.05143,0.076291,0.144231,0.056826,-0.001347,-0.000416,0.005795
2026-09-03,LINK,356812.58,4.3e-05,0.3212,-0.000316,0.054461,0.081321,0.114271,0.130238,0.000448,0.000517,0.005795
2026-09-03,LIT,4372.77,5e-06,0.0033,0.006388,0.223126,0.249697,0.178766,0.266082,0.00079,0.001572,0.005795
2026-09-03,LITEB,-197655.22,-0.054111,-1.0,0.014619,0.009798,0.006027,0.015692,0.122529,-0.022241,-0.166745,0.005795
2026-09-03,LPT,-72453.33,-0.001108,-1.0,-0.003285,0.102112,0.115444,0.08676,0.1219,-0.001861,-0.001861,0.005795
2026-09-03,MASK,-51453.31,-0.001188,-1.0,0.017933,0.009815,0.041096,0.08288,0.073164,-0.008088,-0.004127,0.005795
2026-09-03,MORPHO,-110786.16,-8.5e-05,-0.3887,0.004315,0.006025,-0.007099,0.030822,-0.051448,0.000358,0.000196,0.005795
2026-09-03,MRVLB,-132478.96,-0.014959,-1.0,0.000457,0.08013,0.067056,0.079275,0.09049,-0.039133,-0.013598,0.005795
2026-09-03,MVLLB,-67686.84,-0.045782,-0.7955,-5.8e-05,0.16158,0.129854,0.155755,0.177061,-0.136797,-0.136797,0.005795
2026-09-03,NEXO,0.0,0.0,0.0,-0.007739,-0.003142,0.004211,-0.006067,0.00397,-0.000502,-0.001085,0.005795
2026-09-03,ONDO,247873.8,0.000146,0.641,0.019874,0.031487,0.061888,0.08575,0.078136,0.001564,0.004385,0.005795
2026-09-03,PAXG,58323.11,3.1e-05,0.0642,0.001663,0.009623,0.00922,0.006114,-0.006853,9.4e-05,0.004262,0.005795
2026-09-03,PENDLE,296172.64,0.00093,1.0,0.013455,0.046391,0.078674,0.135205,0.152018,0.000836,-0.000263,0.005795
2026-09-03,PEPE,-218705.06,-0.000154,-0.3828,0.010139,0.045861,0.05321,0.050107,0.060388,0.000542,0.000369,0.005795
2026-09-03,PLTRB,-8239.39,-0.00709,-1.0,-0.000809,0.023914,0.033442,0.037262,0.001981,0.041017,0.041017,0.005795
2026-09-03,POL,-4382.2,-4e-06,-0.0092,0.00701,0.009518,0.033673,0.05499,0.039096,-0.002226,0.00023,0.005795
2026-09-03,PROM,-2450.38,-2.8e-05,-0.0051,0.003683,0.069043,0.086681,0.146303,0.213889,-0.000957,-0.000397,0.005795
2026-09-03,PUMP,10325.06,0.001754,0.1628,-0.012765,0.092245,0.133908,0.110258,0.100549,0.001887,0.001008,0.005795
2026-09-03,QCOMB,52386.53,0.020872,1.0,-0.000291,-0.007743,-0.005825,-0.001996,0.025406,0.039838,0.039838,0.005795
2026-09-03,QNTB,9462.37,0.015372,1.0,0.012314,0.024276,0.030481,0.041084,0.046791,-0.032557,-0.032557,0.005795
2026-09-03,RE,51889.44,0.000703,1.0,-0.0211,-0.059911,-0.024334,-0.01186,-0.01594,-0.002611,-0.00342,0.005795
2026-09-03,RED,141810.66,0.002475,1.0,-0.002902,0.069552,0.10322,0.119266,0.120646,0.007189,-0.097551,0.005795
2026-09-03,RKLBB,56193.97,0.037563,1.0,0.027589,0.003091,0.016486,0.012117,0.028531,-0.017528,-0.017528,0.005795
2026-09-03,SAND,105419.56,0.000915,1.0,0.004802,-0.010485,0.007643,0.011052,0.025384,0.010836,0.010836,0.005795
2026-09-03,SENT,-103207.01,-0.001089,-1.0,-0.01312,4.4e-05,0.01804,0.020638,0.149981,-0.002639,-0.001559,0.005795
2026-09-03,SHIB,-78100.73,-2.6e-05,-1.0,-0.002069,0.010415,0.060051,0.049758,0.041259,1.5e-05,-0.000142,0.005795
2026-09-03,SKHYon,-7659.5,-0.005593,-1.0,0.011957,0.073947,0.071045,0.072308,0.12184,-0.005217,-0.001265,0.005795
2026-09-03,SMCIB,-50130.38,-0.03304,-0.5146,0.010206,0.078854,0.083386,0.097414,0.103801,-0.440469,-0.440469,0.005795
2026-09-03,SMHB,15495.55,0.015018,0.4384,0.000678,0.030556,0.025697,0.041666,0.0428,0.029205,-0.073542,0.005795
2026-09-03,SOPH,82604.93,0.010707,0.0909,-0.065922,0.037514,0.044551,0.081194,0.493683,-0.012377,-0.012377,0.005795
2026-09-03,SPX,-265408.98,-0.000533,-0.7255,-0.015341,0.125131,0.128199,0.054694,-0.000472,-0.000639,-0.000858,0.005795
2026-09-03,STO,11214.57,0.001253,1.0,-0.002166,0.022732,0.045291,0.053142,0.029379,0.009845,0.009845,0.005795
2026-09-03,STRK,55625.01,0.00029,0.2179,0.00073,-0.020799,0.095072,0.142001,0.145517,-0.004341,-0.000426,0.005795
2026-09-03,SYRUP,74211.07,0.000306,1.0,-0.009911,0.106713,0.050655,0.083142,0.121053,0.001968,0.002598,0.005795
2026-09-03,TRAC,-197998.66,-0.001235,-1.0,0.003535,0.013209,0.004965,0.087351,0.058783,0.000935,0.003404,0.005795
2026-09-03,UNI,12070.34,3e-06,0.0161,0.002523,0.060228,0.231245,0.220293,0.157227,0.000141,-0.000174,0.005795
2026-09-03,WBETH,-100034.4,-1.1e-05,-0.0593,2.3e-05,0.026199,0.034767,0.040371,0.036478,-0.000251,-0.000778,0.005795
2026-09-03,WBTC,950895.33,0.000106,0.4153,3.6e-05,0.032315,0.034474,0.034209,0.015792,0.000326,0.000448,0.005795
2026-09-03,WDCB,7740.74,0.004011,0.2283,0.007918,0.043506,0.04374,0.043049,0.073729,-0.10159,-0.093352,0.005795
2026-09-03,WLD,16053.89,1.2e-05,0.015,0.011937,0.045869,0.089256,0.1366,0.275774,-0.000784,0.004025,0.005795
2026-09-03,WLFI,69743.34,3.9e-05,0.3932,-0.008057,0.015224,0.022202,0.003453,0.001204,0.005372,0.004866,0.005795
2026-09-03,WSTETH,213752.58,1.9e-05,0.4886,0.001063,0.028046,0.038031,0.043163,0.043106,1.8e-05,1.8e-05,0.005795
2026-09-03,XAUt,-160430.04,-6e-05,-0.1982,0.002469,0.01033,0.009609,0.00732,-0.004979,0.000634,0.000619,0.005795
2026-09-03,XCN,34164.31,0.000267,0.1855,0.000884,0.190924,0.301746,0.277329,0.237948,-0.001957,-0.001957,0.005795
2026-09-03,ZKC,59681.82,0.003932,1.0,-0.010086,0.028948,0.027005,0.018164,0.021815,0.000144,0.000144,0.005795
2026-09-03,ZKJ,-740.22,-0.000163,-0.0056,-0.068307,-0.005012,0.028044,0.010148,0.028265,0.000724,0.001815,0.005795
2026-09-03,ZRO,-224336.69,-0.000594,-0.3487,0.003183,0.050073,0.049828,0.081157,0.094607,-0.001778,-0.018058,0.005795
2026-09-03,cbETH,41471.64,9.1e-05,0.046,0.000176,0.028209,0.038196,0.044443,0.040824,0.00738,0.007634,0.005795
2026-09-04,AAVE,66237.49,3.3e-05,0.3121,0.028269,0.031323,0.015603,0.013232,-0.03389,0.000581,0.000139,0.016582
2026-09-04,AERGO,0.0,0.0,0.0,0.167459,0.059586,0.028117,0.011726,0.019811,-0.008659,0.003127,0.016582
2026-09-04,ALCX,-2424.24,-0.000425,-0.023,0.034571,-0.009357,-0.005479,-0.004451,-0.023868,0.009163,0.009163,0.016582
2026-09-04,AMATB,11739.73,0.005318,1.0,0.035895,0.005164,0.008208,0.014485,0.028718,0.107393,0.107393,0.016582
2026-09-04,AMDon,-13344.25,-0.001588,-1.0,0.04437,-0.005071,0.001901,0.013147,0.088672,-0.008274,-0.006965,0.016582
2026-09-04,AMZNB,-126861.58,-0.081602,-1.0,0.009961,0.003527,0.002492,-0.002246,-0.024893,-0.057745,-0.057745,0.016582
2026-09-04,ARKM,-4046.98,-0.000169,-0.0155,0.00268,0.005325,0.016818,0.058649,0.00284,0.01006,0.005331,0.016582
2026-09-04,ARMB,61036.5,0.020062,1.0,0.067942,0.00056,0.007491,0.013709,0.05015,0.611052,0.571534,0.016582
2026-09-04,ASMLB,-257241.1,-0.074336,-1.0,0.018987,0.001849,0.005405,0.017411,0.008246,0.741598,1.235941,0.016582
2026-09-04,AVGOB,-941081.98,-0.201453,-1.0,-0.015684,0.006253,0.010636,0.015013,0.01648,0.051457,0.051457,0.016582
2026-09-04,AVGOon,38419.88,0.008578,1.0,-0.016099,0.006423,0.00949,0.01595,0.017581,0.010088,0.003598,0.016582
2026-09-04,AVT,-2501.31,-0.002075,-0.0337,-0.052727,0.029499,0.024217,0.005196,-0.026803,0.013116,0.013116,0.016582
2026-09-04,AXS,-66832.35,-0.000412,-0.077,0.010909,0.018645,0.020196,0.043058,0.011482,-0.003049,-0.002481,0.016582
2026-09-04,AXTIB,94487.51,0.025584,1.0,0.082733,0.025165,0.021242,0.066286,0.110681,0.041711,0.041711,0.016582
2026-09-04,BARD,-57941.98,-0.00134,-1.0,0.019879,0.03656,0.042165,0.084178,0.074734,-0.020245,-0.028835,0.016582
2026-09-04,BEAM,-381006.33,-0.252958,-1.0,5.436389,0.091705,0.087382,-0.10619,0.019537,-0.252958,-0.252958,0.016582
2026-09-04,BEB,234945.94,0.072861,1.0,0.164826,0.047317,0.060056,0.08245,0.066742,4.1e-05,4.1e-05,0.016582
2026-09-04,BILL,801853.63,0.021807,0.7355,-0.07808,0.025865,-0.010367,0.005259,-0.116473,0.034027,0.037731,0.016582
2026-09-04,BMNRB,90752.1,0.018061,0.319,0.080699,0.014663,0.030514,0.017082,-0.026157,-0.025594,-0.025594,0.016582
2026-09-04,BNT,21570.87,0.000666,0.0411,0.047764,0.015772,0.015721,0.017413,-0.01772,0.001018,0.001018,0.016582
2026-09-04,CBBTC,-4209406.18,-0.000552,-0.5146,0.032582,0.001703,0.001876,-0.004614,-0.015695,-0.000457,-0.000905,0.016582
2026-09-04,CBRSB,-216460.31,-0.08737,-0.6313,0.139286,0.002139,0.014255,0.022339,-0.068468,-0.118658,-0.174495,0.016582
2026-09-04,CBXRP,107886.17,0.000626,1.0,0.040525,0.011003,0.005555,-0.001847,0.002983,0.001638,0.001309,0.016582
2026-09-04,CFG,0.0,0.0,0.0,-0.023556,0.020018,0.048144,0.173833,0.164509,0.0,0.0,0.016582
2026-09-04,CHZ,0.0,0.0,0.0,0.00768,0.022196,0.030091,0.053026,0.047446,-0.001376,0.002493,0.016582
2026-09-04,COHRB,47521.25,0.013559,0.6073,0.04545,-0.008406,0.000465,0.030321,0.07828,-0.07082,-0.075166,0.016582
2026-09-04,COINB,65441.43,0.003931,0.2995,0.049355,0.008366,0.009799,0.009463,-0.046804,-0.005779,-0.007965,0.016582
2026-09-04,COINon,24859.32,0.002747,0.172,0.051175,0.006059,0.006352,0.008946,-0.045364,-0.003475,-0.003475,0.016582
2026-09-04,COMP,70044.27,0.000357,1.0,0.022856,0.038401,0.068497,0.077843,0.019222,0.002079,0.001514,0.016582
2026-09-04,CRCLB,74860.41,0.000725,1.0,0.143,0.001111,0.029265,0.007584,-0.083703,0.013088,0.022899,0.016582
2026-09-04,CRCLon,122908.75,0.000996,0.3333,0.143553,0.00262,0.02947,0.008482,-0.081091,0.002401,0.001405,0.016582
2026-09-04,CRDOB,-14493.72,-0.008407,-0.0783,0.017798,-0.009519,-0.006239,0.022454,-0.019557,-0.097915,-0.097915,0.016582
2026-09-04,CRV,68961.86,0.000125,1.0,-0.021907,0.044282,0.074704,0.063621,0.004125,0.000351,0.000351,0.016582
2026-09-04,CRWVB,3199.01,0.003112,0.0277,0.102929,-0.000657,0.013974,0.020799,0.060921,-0.305735,-0.305735,0.016582
2026-09-04,CTC,50293.65,0.00094,0.178,0.068826,-0.016359,-0.019338,0.046189,-0.0232,0.00094,0.00094,0.016582
2026-09-04,CVC,-60955.76,-0.002915,-1.0,0.035761,0.022534,0.010246,0.002906,0.040685,-0.007467,-0.007467,0.016582
2026-09-04,CYBER,-129115.31,-0.005509,-1.0,0.019421,0.017398,0.035262,0.035364,0.021655,-0.008268,-0.008268,0.016582
2026-09-04,DELLB,-93112.09,-0.114875,-0.6954,0.081127,-0.005879,0.00167,0.001743,0.022972,-0.183787,-0.386601,0.016582
2026-09-04,DOS,-290761.92,-0.006161,-0.421,-0.002133,0.031685,0.016761,-0.018072,-0.121772,0.006635,0.014551,0.016582
2026-09-04,DRV,-147119.09,-0.001325,-1.0,0.050345,0.205764,0.099207,0.040858,0.117243,0.003025,0.001306,0.016582
2026-09-04,EDGE,-125408.56,-0.0006,-0.2232,0.34401,0.034245,0.030758,-0.059162,-0.010632,-0.001521,-0.024605,0.016582
2026-09-04,EIGEN,0.0,0.0,0.0,-0.012098,0.035909,0.075758,0.105243,0.053079,0.00274,-0.003362,0.016582
2026-09-04,ELA,-11126.15,-0.001452,-0.0923,0.004034,0.002381,-0.000918,0.017501,-0.012799,-0.001452,-0.001452,0.016582
2026-09-04,ENA,86545.37,5.4e-05,0.2685,0.098994,0.001302,0.071328,0.014157,-0.065778,0.001769,0.001735,0.016582
2026-09-04,ENS,-153295.08,-0.000632,-1.0,0.070218,0.02785,0.073597,0.066058,0.003345,-0.002749,-0.002749,0.016582
2026-09-04,ETHFI,58953.27,0.000108,1.0,0.010541,-0.000965,0.004774,0.038736,0.060404,-0.006129,-0.002971,0.016582
2026-09-04,EWYB,378246.16,0.035979,1.0,0.047791,-0.00057,0.001915,0.017603,0.016127,-0.078231,-0.078231,0.016582
2026-09-04,FET,81088.01,0.000226,1.0,0.021759,0.05828,0.118354,0.190806,0.111237,0.000226,0.000226,0.016582
2026-09-04,FF,130784.68,0.000386,1.0,0.025784,0.117089,0.100299,0.112546,0.395637,0.007217,0.010613,0.016582
2026-09-04,GLWB,2460.43,0.001921,0.081,0.070775,-0.005126,0.001673,0.023907,0.094619,-0.042024,-0.042024,0.016582
2026-09-04,GRT,860027.78,0.00465,1.0,0.044738,0.04781,0.1408,0.150072,0.114453,0.00546,0.006187,0.016582
2026-09-04,GRVT,86939.09,0.00471,1.0,0.0211,0.014635,-0.004871,0.030131,0.018513,-0.007043,-0.004819,0.016582
2026-09-04,IDEX,-51577.96,-0.057308,-1.0,-0.538581,0.022,0.011768,0.002312,0.077791,-0.057308,-0.057308,0.016582
2026-09-04,IMU,8674.1,0.003683,0.3997,-0.022787,0.00637,0.013753,-0.011197,-0.069758,0.003683,0.003683,0.016582
2026-09-04,IMX,-388448.42,-0.001554,-0.7297,0.013345,0.004483,0.042433,0.068839,0.022781,-0.002011,-0.00283,0.016582
2026-09-04,INTWB,3432.6,0.004039,0.2023,0.120452,0.010139,0.032904,0.064147,0.215515,-0.084024,-0.084024,0.016582
2026-09-04,IRENB,-173503.61,-0.071051,-1.0,0.136768,-0.018077,-0.024645,-0.011351,0.0184,-0.189223,-0.129286,0.016582
2026-09-04,JASMY,1064167.69,0.004922,0.8576,-0.051391,-0.016912,-0.006444,-0.01706,-0.075095,0.004766,0.004766,0.016582
2026-09-04,KAIO,0.0,0.0,0.0,-0.068325,-0.027592,-0.002296,-0.064757,-0.115621,-0.00521,-0.00521,0.016582
2026-09-04,L3,-2066.63,-0.000372,-0.0179,-0.031118,0.013541,0.014474,-0.056127,-0.051789,-0.000359,-0.000359,0.016582
2026-09-04,LA,-2427.38,-0.000187,-0.0192,0.024459,0.001934,0.013739,-0.027861,-0.061236,0.026786,0.026786,0.016582
2026-09-04,LBTC,-46088.74,-4.9e-05,-0.1479,0.034249,0.003475,-0.00021,-0.006684,-0.010165,4.8e-05,4.8e-05,0.016582
2026-09-04,LCX,450239.91,0.019533,0.3336,0.029372,0.022425,0.000948,0.025605,0.005715,-0.00433,0.013887,0.016582
2026-09-04,LDO,-444647.64,-0.001389,-1.0,0.05143,0.023645,0.088262,0.046171,-0.022843,-0.002386,-0.001805,0.016582
2026-09-04,LINK,-154842.67,-1.8e-05,-0.369,0.054461,0.025472,0.056721,0.094761,0.014309,0.000487,0.000487,0.016582
2026-09-04,LIT,-2831585.66,-0.00244,-0.8522,0.223126,0.021724,-0.036268,0.011713,0.027743,-0.00252,-0.001549,0.016582
2026-09-04,LITEB,-172824.24,-0.049261,-1.0,0.009798,-0.003735,0.005836,0.018221,0.125901,-0.336321,-0.216006,0.016582
2026-09-04,LPT,-1926.25,-2.7e-05,-0.0074,0.102112,0.012096,-0.01393,0.014843,0.006096,-0.001135,-0.001888,0.016582
2026-09-04,LRDS,-11260.33,-0.013108,-1.0,0.162481,-0.139456,-0.102403,-0.076727,-0.127543,-0.006155,-0.006155,0.016582
2026-09-04,MDT,-59397.27,-0.009432,-1.0,-0.064589,0.122556,0.054235,0.014488,-0.050539,-0.017533,-0.017533,0.016582
2026-09-04,MNT,-11580.25,-6e-06,-0.0522,0.012753,0.028935,0.05085,0.096835,0.084354,-0.00327,-0.003374,0.016582
2026-09-04,MORPHO,-4207084.33,-0.003212,-0.9248,0.006025,-0.013046,0.024648,-0.028607,-0.08067,-0.003321,-0.003016,0.016582
2026-09-04,MRVLB,19562.39,0.002001,0.0941,0.08013,-0.012104,-0.000792,0.009371,0.0499,0.000374,-0.011597,0.016582
2026-09-04,MUUB,101463.99,0.05473,1.0,0.123548,0.005081,0.015544,0.055123,0.022621,-0.31402,-0.41474,0.016582
2026-09-04,MVLLB,-32241.86,-0.019837,-0.3881,0.16158,-0.027312,-0.005015,0.014847,0.098643,-0.156634,-0.156634,0.016582
2026-09-04,NBISB,-35096.73,-0.003999,-0.2485,0.107908,-0.011194,-0.013852,-0.007238,0.067737,-0.092805,-0.29036,0.016582
2026-09-04,NEXO,73214.2,0.000136,1.0,-0.003142,0.007376,-0.002934,-0.000424,0.006103,-4.6e-05,-0.000949,0.016582
2026-09-04,ONDO,-143904.51,-8.2e-05,-0.3046,0.031487,0.029473,0.052607,0.078877,0.018242,0.001523,0.004227,0.016582
2026-09-04,ORCLB,20434.86,0.008565,0.3781,0.080985,0.010773,0.019306,0.028196,0.022628,0.008565,0.008565,0.016582
2026-09-04,PAXG,676663.0,0.000353,0.7955,0.009623,-0.0004,-0.003476,-0.005514,-0.008125,0.000418,0.003766,0.016582
2026-09-04,PENDLE,-99130.29,-0.000298,-0.4942,0.046391,0.030852,0.084877,0.132522,0.052673,0.000452,-0.000561,0.016582
2026-09-04,PEPE,-218091.24,-0.000147,-0.3173,0.045861,0.007026,0.00406,0.013103,-0.013124,0.000307,0.000701,0.016582
2026-09-04,PIEVERSE,-126938.63,-0.000433,-1.0,-0.091268,0.0263,0.036133,0.260611,0.239659,0.000402,-0.035288,0.016582
2026-09-04,PLTRB,-5641.75,-0.004778,-1.0,0.023914,0.009305,0.013036,0.015745,-0.024686,0.036239,0.036239,0.016582
2026-09-04,PLUME,144083.77,0.001617,1.0,-0.005369,-0.026548,0.009889,0.010129,0.003285,0.001617,0.001617,0.016582
2026-09-04,POL,-182793.24,-0.000183,-0.1787,0.009518,0.023927,0.045044,0.031155,0.027672,-0.002169,-0.000612,0.016582
2026-09-04,PROM,44410.55,0.000475,0.1113,0.069043,0.016499,0.072271,0.091889,0.162516,0.000181,7.8e-05,0.016582
2026-09-04,PTB,0.0,0.0,0.0,0.095134,0.014674,-0.024789,-0.040814,-0.109168,0.0,0.0,0.016582
2026-09-04,PUMP,0.0,0.0,0.0,0.092245,0.038144,0.016492,-0.010766,-0.024535,0.001883,0.001008,0.016582
2026-09-04,QCOMB,2336.26,0.000916,0.0234,-0.007743,0.001933,0.005792,0.017145,0.045936,0.040754,0.040754,0.016582
2026-09-04,QNTB,13349.61,0.020384,1.0,0.024276,0.006057,0.01641,0.022507,-0.005434,-0.012173,-0.012173,0.016582
2026-09-04,RED,173274.3,0.002816,1.0,0.069552,0.031479,0.046481,0.082008,0.050694,0.010004,0.014085,0.016582
2026-09-04,RKLBB,167018.54,0.085076,1.0,0.003091,0.013353,0.008998,0.007578,-0.016329,0.067547,0.067547,0.016582
2026-09-04,RPL,487.84,1.3e-05,0.0023,0.048041,0.032031,0.053991,0.050707,0.031094,0.002457,0.002457,0.016582
2026-09-04,SD,-94656.73,-0.011288,-1.0,0.049555,0.037208,0.030885,0.027792,0.004416,-0.016929,-0.016929,0.016582
2026-09-04,SKY,116181.65,7.3e-05,1.0,-0.001245,0.018414,0.036678,0.013657,-0.072995,0.000277,0.000523,0.016582
2026-09-04,SMCIB,40911.67,0.024993,0.4514,0.078854,0.004201,0.017203,-0.001219,-0.013155,-0.415475,-0.415475,0.016582
2026-09-04,SMHB,15094.74,0.013707,1.0,0.030556,-0.004715,0.01078,0.016028,0.01137,0.048512,0.038171,0.016582
2026-09-04,SNDKB,275941.39,0.006174,1.0,0.123127,0.017782,0.026128,0.029804,0.014776,0.02694,0.02694,0.016582
2026-09-04,SPK,-97692.24,-0.001586,-1.0,-0.002266,0.059538,0.103844,0.053851,-0.017591,-0.009958,-0.013606,0.016582
2026-09-04,SPX,91250.61,0.000163,1.0,0.125131,0.002727,-0.062603,-0.082143,-0.151542,-0.000373,-0.000696,0.016582
2026-09-04,STO,7432.29,0.000812,1.0,0.022732,0.022058,0.029735,0.036833,-0.020012,0.010657,0.010657,0.016582
2026-09-04,STRK,-709270.65,-0.003782,-0.695,-0.020799,0.118333,0.166258,0.192982,0.223522,-0.000856,-0.004208,0.016582
2026-09-04,SYRUP,171890.3,0.000641,1.0,0.106713,-0.050653,-0.021298,-0.002533,0.001635,-0.00051,0.003239,0.016582
2026-09-04,TRAC,138649.31,0.000853,0.4824,0.013209,-0.008137,0.073176,0.042515,-0.013367,0.002884,0.004258,0.016582
2026-09-04,UNI,-256307.19,-6.6e-05,-0.6955,0.060228,0.161302,0.150972,0.121184,0.049565,-7.9e-05,-0.000241,0.016582
2026-09-04,USARB,9927.03,0.011426,0.2517,-0.012135,0.005661,0.009007,0.008486,-0.028766,-0.142469,-0.142469,0.016582
2026-09-04,VIRTUAL,54700.01,0.000124,1.0,-0.009644,0.028888,0.04498,0.096519,0.022923,0.000371,7.4e-05,0.016582
2026-09-04,WBETH,277238.9,3e-05,1.0,0.026199,0.008349,0.013809,0.015854,0.003654,-0.000131,-0.000786,0.016582
2026-09-04,WBTC,81073.85,9e-06,0.2,0.032315,0.002091,0.001835,-0.004715,-0.017365,0.000335,0.000457,0.016582
2026-09-04,WDCB,-57530.41,-0.029022,-1.0,0.043506,0.000225,-0.000437,0.012217,0.033207,-0.101754,-0.122374,0.016582
2026-09-04,WLD,-54996.89,-4e-05,-0.1129,0.045869,0.041484,0.086752,0.217437,0.120932,-9.6e-05,0.004252,0.016582
2026-09-04,WLFI,493530.66,0.000273,0.8008,0.015224,0.006874,-0.011595,-0.008731,-0.016642,0.005371,0.005378,0.016582
2026-09-04,WSTETH,0.0,0.0,0.0,0.028046,0.009713,0.014704,0.016844,0.00973,1.8e-05,1.8e-05,0.016582
2026-09-04,XAUt,-442504.48,-0.000163,-0.5188,0.01033,-0.000714,-0.00298,-0.004821,-0.00759,-0.000994,0.000556,0.016582
2026-09-04,XCN,-88128.37,-0.000578,-1.0,0.190924,0.093055,0.072553,0.029987,0.008522,-0.002535,-0.002535,0.016582
2026-09-04,ZKC,58239.5,0.003724,1.0,0.028948,-0.001888,-0.010481,-0.0004,-0.002921,0.003868,0.003868,0.016582
2026-09-04,ZKJ,346.32,7.7e-05,0.0014,-0.005012,0.033223,0.015237,0.015445,0.008263,-3.8e-05,0.001891,0.016582
2026-09-04,ZRO,-23693.79,-6e-05,-0.0324,0.050073,-0.000233,0.029602,0.067151,0.057654,-0.001453,-0.000461,0.016582
2026-09-04,cbETH,24229.82,5.2e-05,0.1036,0.028209,0.009713,0.015788,0.016585,0.007748,0.00796,0.007681,0.016582
2026-09-05,AAOIB,-51468.28,-0.010318,-1.0,-0.000561,0.013203,0.038404,0.058614,-0.018002,-0.068398,-0.068398,0.00999
2026-09-05,AAVE,962507.41,0.000463,0.6697,0.031323,-0.015243,-0.017541,-0.043915,-0.086663,0.001042,-0.000111,0.00999
2026-09-05,AERGO,0.0,0.0,0.0,0.059586,-0.029699,-0.045168,-0.017365,-0.025453,-0.010068,0.00987,0.00999
2026-09-05,ARMB,-254881.68,-0.089885,-1.0,0.00056,0.006928,0.013142,0.038707,0.009867,0.485878,0.45072,0.00999
2026-09-05,ATH,-714250.83,-0.007645,-1.0,0.021377,0.011747,0.035845,0.029512,-0.033605,-0.007545,-0.007545,0.00999
2026-09-05,AVGOB,-161211.22,-0.035281,-0.7339,0.006253,0.004356,0.008706,0.021651,0.001597,-0.023235,0.016176,0.00999
2026-09-05,AVT,1580.89,0.001274,0.0589,0.029499,-0.005131,-0.023606,-0.019296,-0.076482,0.01439,0.01439,0.00999
2026-09-05,AXS,273108.93,0.001652,0.4613,0.018645,0.001522,0.023966,0.005685,-0.046006,0.000778,-0.002841,0.00999
2026-09-05,AXTIB,29091.38,0.007546,0.1503,0.025165,-0.003826,0.040111,0.095873,0.022434,0.068992,0.049257,0.00999
2026-09-05,BEB,-607264.1,-0.206299,-1.0,0.047317,0.012163,0.033546,0.053063,-0.022234,-0.206259,-0.206259,0.00999
2026-09-05,BILL,80173.14,0.002125,1.0,0.025865,-0.035319,-0.020087,-0.08864,-0.162342,0.036823,0.039857,0.00999
2026-09-05,BMNRB,-12284.68,-0.002391,-0.0639,0.014663,0.015622,0.002384,-0.017966,-0.035423,-0.01074,-0.027985,0.00999
2026-09-05,BNT,142.23,4e-06,0.0003,0.015772,-5e-05,0.001615,-0.013038,-0.051939,0.001022,0.001022,0.00999
2026-09-05,BOBA,0.0,0.0,0.0,0.034386,0.001182,0.000404,-0.004224,-0.079022,0.0,0.0,0.00999
2026-09-05,CBBTC,-152811.52,-2e-05,-0.4897,0.001703,0.000173,-0.006307,-0.016805,-0.033439,-0.000478,-0.00047,0.00999
2026-09-05,CBRSB,-434426.21,-0.21275,-0.7018,0.002139,0.012091,0.020157,-0.046815,-0.088872,-0.359814,-0.387246,0.00999
2026-09-05,CBXRP,320458.9,0.00184,1.0,0.011003,-0.005389,-0.012711,0.00217,-0.046203,0.003403,0.003149,0.00999
2026-09-05,CFG,81325.64,0.001368,1.0,0.020018,0.027574,0.150796,0.119309,0.030944,0.001368,0.001368,0.00999
2026-09-05,COHRB,-54104.2,-0.015808,-1.0,-0.008406,0.008947,0.039056,0.084958,0.054275,-0.072309,-0.090974,0.00999
2026-09-05,COINB,-94184.56,-0.005616,-1.0,0.008366,0.001421,0.001088,-0.035846,-0.06926,0.000279,-0.013582,0.00999
2026-09-05,CRCLB,-1966999.8,-0.019355,-0.5621,0.001111,0.028123,0.006466,-0.050853,-0.107295,-0.011912,0.003544,0.00999
2026-09-05,CRCLon,-25970.8,-0.00021,-0.0339,0.00262,0.026779,0.005846,-0.051591,-0.107963,0.00423,0.001195,0.00999
2026-09-05,CRDOB,-127686.36,-0.080584,-1.0,-0.009519,0.003311,0.03228,-0.001355,-0.050733,-0.1785,-0.1785,0.00999
2026-09-05,CRO,86193.75,3.1e-05,1.0,0.010543,0.013729,0.010687,0.0512,-0.007104,3.1e-05,3.1e-05,0.00999
2026-09-05,CRV,883656.42,0.001539,1.0,0.044282,0.029132,0.018518,-0.011181,-0.077131,0.00189,0.00189,0.00999
2026-09-05,CRWVB,-56565.85,-0.057479,-1.0,-0.000657,0.014641,0.02147,0.117627,-0.00078,-0.265268,-0.363214,0.00999
2026-09-05,CVC,60756.98,0.002841,1.0,0.022534,-0.012017,-0.019196,0.009092,-0.012195,-0.004625,-0.004625,0.00999
2026-09-05,CYBER,-236472.0,-0.009918,-1.0,0.017398,0.017559,0.017659,0.026206,-0.042006,-0.018185,-0.018185,0.00999
2026-09-05,DELLB,-31631.05,-0.040746,-1.0,-0.005879,0.007594,0.007667,0.021736,-0.021825,-0.295749,-0.427347,0.00999
2026-09-05,DOS,4924.93,0.000101,0.0348,0.031685,-0.014465,-0.048229,-0.07976,-0.166858,0.002279,0.014652,0.00999
2026-09-05,EDGE,61342.33,0.000284,1.0,0.034245,-0.003371,-0.090315,-0.096517,-0.130605,-0.000377,-0.024321,0.00999
2026-09-05,ELA,52257.38,0.006805,0.2004,0.002381,-0.003291,0.015085,0.013993,-0.064671,0.005353,0.005353,0.00999
2026-09-05,ENA,-152095.55,-9.2e-05,-0.2713,0.001302,0.069935,0.012839,-0.028854,-0.123502,0.00011,0.001939,0.00999
2026-09-05,ENS,-124528.62,-0.000499,-1.0,0.02785,0.044508,0.037172,0.073334,-0.060365,-0.002867,-0.003249,0.00999
2026-09-05,ETHFI,-158868.97,-0.00029,-0.5014,-0.000965,0.005745,0.03974,0.06399,0.248764,-0.006322,-0.006245,0.00999
2026-09-05,FET,0.0,0.0,0.0,0.05828,0.056765,0.125227,0.08421,0.000442,0.000226,0.000226,0.00999
2026-09-05,FF,52715.18,0.000139,1.0,0.117089,-0.01503,-0.004067,0.210365,0.399357,0.004211,0.010752,0.00999
2026-09-05,FLOKI,-239381.12,-0.000945,-1.0,0.063177,-0.020726,-0.00247,-0.010101,-0.097459,-0.000877,9.1e-05,0.00999
2026-09-05,GALA,-100226.49,-0.001075,-1.0,0.052001,0.011692,0.035573,0.008567,-0.082567,0.001226,-0.000385,0.00999
2026-09-05,GLWB,-24507.99,-0.019496,-1.0,-0.005126,0.006834,0.029183,0.08856,0.065711,-0.061521,-0.061521,0.00999
2026-09-05,GRVT,-59847.25,-0.003196,-1.0,0.014635,-0.019224,0.015273,0.021356,0.032889,-0.006466,-0.008015,0.00999
2026-09-05,IDEX,5024.57,0.005463,1.0,0.022,-0.010012,-0.019264,-0.060011,0.030351,-0.051845,-0.051845,0.00999
2026-09-05,IMU,0.0,0.0,0.0,0.00637,0.007337,-0.017455,-0.071962,-0.088537,0.003683,0.003683,0.00999
2026-09-05,IMX,41142.93,0.000164,0.0317,0.004483,0.037781,0.064069,0.042282,-0.02934,-0.001057,-0.002666,0.00999
2026-09-05,INTWB,-106227.86,-0.140424,-1.0,0.010139,0.022537,0.053465,0.172672,0.076584,-0.224448,-0.224448,0.00999
2026-09-05,IRENB,-174555.22,-0.07832,-1.0,-0.018077,-0.006689,0.00685,0.078156,0.000955,-0.218844,-0.207607,0.00999
2026-09-05,KORUB,-317855.64,-0.1096,-1.0,-0.00306,0.009569,0.058964,0.029098,-0.080264,-0.132653,-0.132653,0.00999
2026-09-05,L3,-1022.95,-0.000181,-0.0091,0.013541,0.000921,-0.068737,-0.072463,-0.135258,-0.00054,-0.00054,0.00999
2026-09-05,LA,185319.86,0.014225,0.4409,0.001934,0.011782,-0.029737,-0.077686,-0.085791,0.041011,0.041011,0.00999
2026-09-05,LCX,-432384.0,-0.018347,-1.0,0.022425,-0.021006,0.003111,-0.00872,-0.028253,-0.003123,-0.00446,0.00999
2026-09-05,LINK,-10551.45,-1e-06,-0.0473,0.025472,0.030472,0.067568,0.045238,-0.032445,0.000596,0.000482,0.00999
2026-09-05,LIT,71457.54,6e-05,0.3379,0.021724,-0.056759,-0.009799,0.013111,-0.046212,-0.001981,-0.001428,0.00999
2026-09-05,LITEB,-120172.05,-0.035647,-1.0,-0.003735,0.009607,0.022038,0.115804,0.068503,-0.348898,-0.251653,0.00999
2026-09-05,LPT,-111220.17,-0.001525,-0.4944,0.012096,-0.025715,0.002714,0.005788,-0.063636,-0.00266,-0.003413,0.00999
2026-09-05,MAVIA,25313.06,0.00336,1.0,0.012312,-0.020181,-0.037617,-0.049105,-0.121825,0.00336,0.00336,0.00999
2026-09-05,MITO,0.0,0.0,0.0,0.001488,-0.039198,-0.073369,-0.116843,-0.280894,0.0,0.0,0.00999
2026-09-05,MORPHO,-50508.15,-3.9e-05,-1.0,-0.013046,0.038192,-0.015767,-0.044666,-0.079379,-0.003321,-0.003174,0.00999
2026-09-05,MRVLB,-370347.47,-0.039901,-1.0,-0.012104,0.011451,0.021738,0.021961,0.031152,-0.078523,-0.051498,0.00999
2026-09-05,MUUB,-58939.4,-0.032376,-1.0,0.005081,0.01041,0.049789,-0.030181,-0.077301,-0.180256,-0.447115,0.00999
2026-09-05,MVLLB,-128581.36,-0.088293,-1.0,-0.027312,0.022924,0.043343,0.041781,0.058662,-0.295068,-0.244928,0.00999
2026-09-05,NBISB,-176202.42,-0.020722,-1.0,-0.011194,-0.002688,0.004001,0.091218,0.022189,-0.170249,-0.311082,0.00999
2026-09-05,NEXO,-167988.8,-0.00031,-1.0,0.007376,-0.010235,-0.007743,-0.00024,-0.002345,-0.000493,-0.0009,0.00999
2026-09-05,NOKB,391954.05,0.175729,1.0,0.010406,0.002456,0.012499,0.049482,0.046339,0.175729,0.175729,0.00999
2026-09-05,NOM,55671.62,0.010756,0.0522,0.14453,0.014087,-0.039039,-0.03343,-0.133162,0.010756,0.010756,0.00999
2026-09-05,ONDO,306470.04,0.00017,0.1582,0.029473,0.022471,0.04799,0.0153,-0.060164,0.000592,0.004362,0.00999
2026-09-05,ORCLB,-60206.77,-0.025393,-1.0,0.010773,0.008442,0.017237,0.014886,-0.040339,-0.016828,-0.016828,0.00999
2026-09-05,PAXG,72125.27,3.8e-05,1.0,-0.0004,-0.003078,-0.005117,-0.015926,-0.02393,0.000597,0.000456,0.00999
2026-09-05,PEPE,215368.61,0.000144,0.6607,0.007026,-0.002946,0.006035,0.006816,-0.082607,0.000254,0.000929,0.00999
2026-09-05,PLTRB,-52470.06,-0.045977,-1.0,0.009305,0.003696,0.00638,-0.030443,-0.05502,-0.009737,-0.009737,0.00999
2026-09-05,POL,369112.8,0.000361,0.6375,0.023927,0.020623,0.007059,0.005247,-0.021992,0.000505,-0.001293,0.00999
2026-09-05,PROM,131977.95,0.001389,0.3685,0.016499,0.054866,0.074166,0.117061,0.057109,0.003993,0.001466,0.00999
2026-09-05,PUMP,-5041.98,-0.00075,-1.0,0.038144,-0.020857,-0.047113,-0.02942,-0.085993,0.001133,0.000258,0.00999
2026-09-05,QCOMB,-9239.49,-0.003628,-1.0,0.001933,0.003851,0.015182,0.031415,0.049601,0.037126,0.037126,0.00999
2026-09-05,QNTB,-5671.11,-0.00868,-1.0,0.006057,0.01029,0.016351,0.015828,-0.02238,-0.020853,-0.020853,0.00999
2026-09-05,RED,18234.01,0.000287,0.0385,0.031479,0.014544,0.048987,0.015795,-0.046135,0.007323,0.027093,0.00999
2026-09-05,RKLBB,76108.59,0.036856,0.5751,0.013353,-0.004298,-0.005699,0.01185,-0.047398,0.104403,0.104403,0.00999
2026-09-05,RPL,52737.99,0.001359,1.0,0.032031,0.021279,0.018097,-0.001376,0.000704,0.003816,0.003816,0.00999
2026-09-05,SD,33725.29,0.003878,1.0,0.037208,-0.006096,-0.009078,-0.001829,-0.080872,-0.013052,-0.013052,0.00999
2026-09-05,SMCIB,-59562.65,-0.036235,-1.0,0.004201,0.012948,-0.005397,0.018844,-0.055832,-0.451711,-0.451711,0.00999
2026-09-05,SMHB,-38771.41,-0.036454,-1.0,-0.004715,0.015569,0.020841,0.016675,-0.006718,-0.011358,0.028879,0.00999
2026-09-05,SNDKB,949100.59,0.030837,1.0,0.017782,0.0082,0.011812,-0.015074,-0.039661,0.057777,0.057777,0.00999
2026-09-05,SNXXB,-1277620.51,-0.31806,-1.0,0.034969,0.017207,0.024218,-0.028482,-0.084122,-0.406951,-0.406951,0.00999
2026-09-05,SPK,-40830.76,-0.000625,-0.2655,0.059538,0.041817,-0.005367,-0.053797,-0.111264,-0.009382,-0.014231,0.00999
2026-09-05,SPX,34071.09,6.1e-05,0.0464,0.002727,-0.065152,-0.084639,-0.11405,-0.20361,-0.000443,-0.000635,0.00999
2026-09-05,STRK,255419.1,0.001218,1.0,0.118333,0.042854,0.06675,0.046065,-0.012477,0.00012,-0.00299,0.00999
2026-09-05,SYRUP,800044.83,0.003142,0.8528,-0.050653,0.030921,0.050687,0.067004,0.028443,0.003122,0.006382,0.00999
2026-09-05,TQQQB,-62837.02,-0.033583,-1.0,0.002504,-0.002017,-0.004057,-0.007819,-0.04687,-0.11553,-0.11553,0.00999
2026-09-05,TRAC,-93189.63,-0.000578,-0.2796,-0.008137,0.081979,0.051068,0.053552,-0.016181,0.001596,0.003679,0.00999
2026-09-05,TSMB,84394.1,0.020594,1.0,-0.002642,0.005392,0.01787,0.027868,0.003484,-0.001025,-0.001025,0.00999
2026-09-05,UNI,-77619.78,-1.7e-05,-1.0,0.161302,-0.008895,-0.034546,-0.060116,-0.15521,-6.5e-05,-0.000258,0.00999
2026-09-05,USARB,-65682.87,-0.081065,-1.0,0.005661,0.003327,0.002809,0.003305,-0.093211,-0.223534,-0.223534,0.00999
2026-09-05,WBETH,667005.83,7.2e-05,0.2581,0.008349,0.005415,0.007443,0.001653,-0.00559,9.6e-05,-0.000484,0.00999
2026-09-05,WBTC,-238536.81,-2.6e-05,-1.0,0.002091,-0.000256,-0.006792,-0.018059,-0.033631,4.6e-05,0.000431,0.00999
2026-09-05,WDCB,-64226.25,-0.033491,-1.0,0.000225,-0.000662,0.011989,0.028732,-0.013974,-0.1343,-0.155865,0.00999
2026-09-05,WLD,-16796.01,-1.2e-05,-0.0656,0.041484,0.043464,0.168944,0.171235,0.012452,0.00026,0.004225,0.00999
2026-09-05,WLFI,-52002.5,-2.9e-05,-1.0,0.006874,-0.018342,-0.015498,-0.020542,-0.019777,0.005784,0.005557,0.00999
2026-09-05,XAUt,2425270.75,0.000894,0.6953,-0.000714,-0.002267,-0.00411,-0.014449,-0.022523,0.001142,0.001422,0.00999
2026-09-05,XCN,-147567.91,-0.000885,-0.4618,0.093055,-0.018757,-0.057699,-0.04901,-0.100562,-0.00237,-0.00342,0.00999
2026-09-05,ZKC,-138523.56,-0.008868,-0.3756,-0.001888,-0.008609,0.001491,-0.005054,-0.070707,-0.001126,-0.005,0.00999
2026-09-05,ZKJ,-2453.53,-0.000525,-0.0198,0.033223,-0.017407,-0.017206,0.000215,-0.036792,-0.000639,0.001367,0.00999
2026-09-05,cbETH,414900.84,0.000878,1.0,0.009713,0.006017,0.006806,0.002532,-0.005621,0.004184,0.009514,0.00999
2026-09-05,stETH,2897324.44,0.000121,1.0,0.008885,0.005356,0.006965,0.000667,-0.006059,6.8e-05,0.000257,0.00999
2026-09-06,AAVE,118639.47,5.8e-05,1.0,-0.015243,-0.002334,-0.029116,-0.048732,-0.061462,0.000734,0.001242,0.035007
2026-09-06,AERGO,0.0,0.0,0.0,-0.029699,-0.015943,0.012711,-0.008079,-0.00114,-0.007354,-0.008837,0.035007
2026-09-06,ALLO,-44408.9,-0.000923,-0.2919,-0.01971,0.027424,0.029903,-0.034216,-0.063644,0.001323,-0.00186,0.035007
2026-09-06,AVGOB,259158.86,0.053458,1.0,0.004356,0.004331,0.01722,0.005783,0.001086,0.048084,0.069634,0.035007
2026-09-06,AVT,3517.96,0.00285,0.1404,-0.005131,-0.018571,-0.014238,-0.049813,-0.029289,0.01724,0.01724,0.035007
2026-09-06,AXTIB,77544.98,0.019805,0.4592,-0.003826,0.044107,0.100082,0.087579,0.030697,0.105366,0.069062,0.035007
2026-09-06,BEAM,2304588.29,1.407105,0.9432,-0.00396,-0.178016,-0.856491,-0.062393,-0.853228,1.154148,1.154148,0.035007
2026-09-06,BILL,494278.62,0.013583,1.0,-0.035319,0.015789,-0.055274,-0.107217,-0.100688,0.04882,0.05344,0.035007
2026-09-06,BOBA,-194.7,-2e-05,-0.002,0.001182,-0.000777,-0.005399,-0.018626,-0.073115,-2e-05,-2e-05,0.035007
2026-09-06,CAP,-64583.21,-0.000965,-1.0,-0.046578,0.090624,0.084496,0.086595,0.028428,0.006487,0.006487,0.035007
2026-09-06,CBBTC,-2111134.88,-0.000276,-1.0,0.000173,-0.006478,-0.016975,-0.017538,-0.031572,-0.000702,-0.000757,0.035007
2026-09-06,CBRSB,-56125.72,-0.027899,-1.0,0.012091,0.00797,-0.058202,-0.08156,-0.101016,-0.359948,-0.444871,0.035007
2026-09-06,CBXRP,65811.97,0.00038,1.0,-0.005389,-0.007362,0.0076,-0.002559,-0.034221,0.003245,0.005861,0.035007
2026-09-06,CFG,-64393.8,-0.001054,-1.0,0.027574,0.119916,0.089274,0.11102,-0.00667,0.000314,0.000314,0.035007
2026-09-06,COHRB,14287.8,0.004121,1.0,0.008947,0.029842,0.075338,0.077778,0.082007,-0.048763,-0.086854,0.035007
2026-09-06,CREO,47.7,0.000118,0.0021,0.025721,0.001826,0.159156,0.683069,1.144864,0.000118,0.000118,0.035007
2026-09-06,CRV,0.0,0.0,0.0,0.029132,-0.010313,-0.039171,-0.065673,-0.107647,0.001941,0.00189,0.035007
2026-09-06,CVC,61803.08,0.002926,1.0,-0.012017,-0.007266,0.021366,0.03013,0.00012,-0.0017,-0.0017,0.035007
2026-09-06,CYBER,-65796.57,-0.002712,-1.0,0.017559,9.8e-05,0.008498,-0.013144,-0.097472,-0.020897,-0.020897,0.035007
2026-09-06,EDGE,51498.25,0.000239,1.0,-0.003371,-0.087237,-0.09346,-0.040155,0.003077,-0.000856,-0.024082,0.035007
2026-09-06,ELA,1527.66,0.0002,0.0049,-0.003291,0.018437,0.017341,-0.011892,-0.066218,0.005552,0.005552,0.035007
2026-09-06,ENA,417953.31,0.000236,0.8059,0.069935,-0.053364,-0.092332,-0.127977,-0.188187,-0.000254,0.0016,0.035007
2026-09-06,ERA,0.0,0.0,0.0,0.011466,0.01983,0.018441,0.007952,-0.035887,-0.037951,-0.037951,0.035007
2026-09-06,FARM,25382.1,0.006408,0.7001,-0.026009,0.018286,-0.006346,-0.017471,0.012957,0.006408,0.006408,0.035007
2026-09-06,FET,194085.3,0.000485,0.5122,0.056765,0.064784,0.02597,-0.006364,-0.033994,0.000711,0.000711,0.035007
2026-09-06,GROVE,-43357.55,-0.007561,-1.0,0.039244,0.012156,0.034266,0.043957,-0.025151,-0.007561,-0.007561,0.035007
2026-09-06,GRT,-99451.83,-0.000471,-1.0,0.088746,0.008128,0.011623,-0.023095,-0.079121,0.00483,0.005716,0.035007
2026-09-06,HFT,0.0,0.0,0.0,-0.005598,-0.039264,-0.046145,-0.053121,-0.072189,-0.059502,-0.059502,0.035007
2026-09-06,HOPR,-1057.5,-0.000264,-0.0186,-0.012105,0.004381,-0.007368,-0.011674,-0.021498,-0.01445,-0.01445,0.035007
2026-09-06,IDEX,103.27,0.000113,0.0102,-0.010012,-0.009345,-0.050504,0.065255,0.01483,-0.051732,-0.051732,0.035007
2026-09-06,IMX,64602.46,0.000248,1.0,0.037781,0.025331,0.004337,-0.018853,-0.069629,-0.001265,-0.002418,0.035007
2026-09-06,INTWB,14337.95,0.018117,1.0,0.022537,0.030247,0.146826,0.176794,0.104188,-0.206331,-0.206331,0.035007
2026-09-06,JASMY,99699.77,0.000464,1.0,0.010648,-0.010686,-0.019068,-0.069096,-0.082587,0.005278,0.00523,0.035007
2026-09-06,KAIO,5710.85,0.000518,1.0,0.026014,-0.062605,-0.141889,-0.113587,-0.128459,-0.004692,-0.004692,0.035007
2026-09-06,L3,56970.12,0.010097,1.0,0.000921,-0.069594,-0.073316,-0.065318,-0.155407,0.018498,0.009556,0.035007
2026-09-06,LA,389645.12,0.02956,1.0,0.011782,-0.041036,-0.088427,-0.073959,-0.066379,0.044708,0.070571,0.035007
2026-09-06,LCX,-14550.31,-0.000631,-0.0162,-0.021006,0.024634,0.01255,0.004763,0.024863,-0.023342,-0.000889,0.035007
2026-09-06,LINK,-36906.35,-4e-06,-0.0842,0.030472,0.035998,0.014329,-0.040136,-0.061584,1.1e-05,0.000439,0.035007
2026-09-06,LIT,256132.28,0.000229,0.7005,-0.056759,0.049786,0.074074,0.06642,0.000833,-0.002137,-0.001443,0.035007
2026-09-06,LMWR,-5725.4,-0.000853,-1.0,-0.027542,-0.005818,-0.026109,-0.035322,-0.070325,-0.002297,-0.002297,0.035007
2026-09-06,LRDS,7837.19,0.010164,1.0,0.043057,0.028605,-0.021382,-0.028008,-0.060386,0.004009,0.004009,0.035007
2026-09-06,MAVIA,-2529.37,-0.000343,-0.1419,-0.020181,-0.017795,-0.02952,-0.034834,-0.087042,0.003017,0.003017,0.035007
2026-09-06,MDT,5831.5,0.000878,0.1563,-0.060862,-0.037702,-0.043418,-0.099383,-0.209739,-0.038605,-0.016654,0.035007
2026-09-06,MLN,0.0,0.0,0.0,-0.024814,0.035068,-0.00316,0.000169,-0.015591,0.0,0.0,0.035007
2026-09-06,MNT,-62067.04,-3.1e-05,-1.0,0.021298,0.04376,0.061035,0.031883,-0.021403,-0.003261,-0.003405,0.035007
2026-09-06,MORPHO,102984.23,7.7e-05,1.0,0.038192,-0.051974,-0.07981,-0.102785,-0.101083,-0.003371,-0.002786,0.035007
2026-09-06,MUUB,5717.66,0.003098,1.0,0.01041,0.038973,-0.040173,0.006968,-0.093196,-0.131759,-0.444017,0.035007
2026-09-06,NOM,85464.76,0.016283,0.3633,0.014087,-0.052388,-0.046858,-0.021361,-0.112693,0.027039,0.027039,0.035007
2026-09-06,ONDO,55057.2,3e-05,1.0,0.022471,0.024958,-0.007013,-0.032647,-0.065964,0.000505,0.004468,0.035007
2026-09-06,PAXG,778257.13,0.000407,0.7371,-0.003078,-0.002045,-0.012888,-0.004665,-0.01579,0.000828,0.001202,0.035007
2026-09-06,PIEVERSE,-65780.29,-0.000217,-0.2098,0.00958,0.21665,0.175401,0.196429,0.169461,0.000181,-0.035505,0.035007
2026-09-06,PROM,197209.35,0.001967,1.0,0.054866,0.018297,0.05896,0.084163,-0.053311,0.007223,0.003434,0.035007
2026-09-06,PTB,1187.75,0.00019,0.0272,-0.038892,-0.016432,-0.039943,-0.086524,-0.127623,0.00019,0.00019,0.035007
2026-09-06,QCOMB,0.0,0.0,0.0,0.003851,0.011288,0.027458,0.039913,0.074667,0.005784,0.037126,0.035007
2026-09-06,RED,-74386.06,-0.00115,-1.0,0.014544,0.033948,0.001233,0.004025,-0.009663,0.008444,0.022274,0.035007
2026-09-06,RESOLV,-17269.64,-0.002056,-1.0,0.013544,-0.005818,-0.005317,0.002201,-0.050555,-0.010956,-0.010956,0.035007
2026-09-06,RKLBB,-69485.34,-0.034962,-1.0,-0.004298,-0.001407,0.016217,-0.025101,-0.026503,0.069442,0.069442,0.035007
2026-09-06,RPL,-56739.73,-0.001431,-1.0,0.021279,-0.003116,-0.022183,-0.021724,-0.012126,0.002385,0.002385,0.035007
2026-09-06,SAND,-99132.38,-0.000851,-1.0,0.003383,0.029297,0.014175,-0.037228,-0.10546,0.006488,0.009985,0.035007
2026-09-06,SD,-15316.35,-0.001772,-0.1496,-0.006096,-0.003,0.004293,-0.025675,-0.056333,-0.014824,-0.014824,0.035007
2026-09-06,SOPH,-170978.83,-0.020497,-0.4214,0.03508,0.286236,0.381512,0.05789,0.083329,-0.032874,-0.032874,0.035007
2026-09-06,SPK,1490847.08,0.02192,1.0,0.041817,-0.04529,-0.091776,-0.110011,-0.1175,0.015011,0.007689,0.035007
2026-09-06,SPX,121495.33,0.000231,0.1453,-0.065152,-0.020844,-0.052305,-0.094878,-0.13263,-0.000219,-0.000404,0.035007
2026-09-06,STO,13447.7,0.001426,1.0,0.007511,0.006893,-0.022564,-0.04831,-0.06144,0.009562,0.012083,0.035007
2026-09-06,SWELL,0.0,0.0,0.0,-0.004197,-0.010807,0.001954,0.04478,-0.045993,-0.015108,-0.015108,0.035007
2026-09-06,SYRUP,166399.51,0.000634,1.0,0.030921,0.019173,0.035001,0.023432,-0.004134,0.005509,0.007016,0.035007
2026-09-06,TRAC,348.58,2e-06,0.003,0.081979,-0.02857,-0.026273,-0.080642,-0.021212,0.000282,0.003617,0.035007
2026-09-06,TREE,-100271.03,-0.0148,-1.0,0.009694,-0.00938,0.016037,-0.014528,-0.095965,-0.0148,-0.0148,0.035007
2026-09-06,UNI,0.0,0.0,0.0,-0.008895,-0.025881,-0.051681,-0.088106,-0.147362,-8e-05,-0.000258,0.035007
2026-09-06,WBETH,-240681.34,-2.6e-05,-0.5019,0.005415,0.002017,-0.003742,-0.010017,0.019933,5.4e-05,-0.000457,0.035007
2026-09-06,WBTC,0.0,0.0,0.0,-0.000256,-0.006538,-0.017808,-0.019165,-0.030167,8.9e-05,0.000235,0.035007
2026-09-06,WLFI,-342313.84,-0.000192,-0.5773,-0.018342,0.002897,-0.002241,-0.005107,-0.040516,0.00553,0.005429,0.035007
2026-09-06,ZAMA,27003.14,0.000219,0.1877,0.118842,-0.098617,-0.097866,-0.067082,-0.17908,-0.000429,-0.000429,0.035007
2026-09-06,ZKC,-151158.01,-0.009749,-1.0,-0.008609,0.010188,0.003586,0.00764,-0.048387,-0.014263,-0.014749,0.035007
2026-09-06,ZKJ,91.9,2e-05,0.0009,-0.017407,0.000205,0.017935,-0.006869,0.02309,-0.000562,0.001387,0.035007
2026-09-06,cbETH,577745.61,0.001218,0.4819,0.006017,0.000785,-0.003465,-0.007915,0.02014,0.004434,0.00992,0.035007
2026-09-07,AAVE,-2479311.6,-0.001214,-0.8739,-0.002334,-0.026844,-0.046507,-0.070355,-0.047391,-0.000549,-6.4e-05,-0.001666
2026-09-07,AERGO,37852.34,0.008456,0.6885,-0.015943,0.029119,0.007991,0.020648,0.007553,0.003272,0.002234,-0.001666
2026-09-07,ALCX,-5795.69,-0.001022,-0.0372,0.001034,0.000529,-0.019503,-0.023037,-0.012121,0.008142,0.008142,-0.001666
2026-09-07,ALT,24012.45,0.004569,0.4346,0.011443,-0.041897,-0.069896,-0.107677,-0.078889,0.136236,0.136236,-0.001666
2026-09-07,API3,-2.59,-0.0,-0.0,0.014165,-0.011746,-0.030359,-0.065367,-0.019227,0.014438,0.014438,-0.001666
2026-09-07,ARKM,-42606.01,-0.001684,-0.107,0.04114,-0.031215,-0.052718,-0.132954,-0.099603,0.002435,0.010702,-0.001666
2026-09-07,ATH,223427.4,0.002309,1.0,0.023818,-0.006113,0.038451,-0.067046,-0.041355,-0.008503,-0.005237,-0.001666
2026-09-07,AVGOB,-11706.17,-0.002409,-1.0,0.004331,0.012833,0.001445,-0.007048,-0.00617,-0.438593,0.067225,-0.001666
2026-09-07,AVGOon,15394.2,0.003394,1.0,0.006399,0.007106,0.001605,-0.007134,-0.004087,0.014743,0.006992,-0.001666
2026-09-07,AVT,-1859.38,-0.001535,-0.0271,-0.018571,0.004414,-0.031834,-0.054155,-0.027868,0.005796,0.015705,-0.001666
2026-09-07,AXS,-201515.17,-0.00119,-1.0,0.02241,-0.017854,-0.030273,-0.068335,-0.047081,-0.001613,-0.004753,-0.001666
2026-09-07,BAL,25.57,3e-06,0.0005,0.004387,0.00267,-0.003658,-0.013284,-0.004324,3e-06,3e-06,-0.001666
2026-09-07,BARD,-363805.86,-0.00776,-1.0,0.040313,-0.016154,-0.00871,-0.079489,-0.028436,-0.021196,-0.036595,-0.001666
2026-09-07,BEAM,-414191.44,-0.30766,-0.1554,-0.178016,-0.825412,0.140664,-0.830703,0.207713,0.846488,0.846488,-0.001666
2026-09-07,BILL,300017.14,0.008117,0.7143,0.015789,-0.069959,-0.121095,-0.14517,-0.123032,0.052518,0.061557,-0.001666
2026-09-07,BMNRB,106804.54,0.020309,1.0,-0.013034,-0.020302,-0.042513,-0.037718,-0.008234,0.009831,-0.007676,-0.001666
2026-09-07,BNT,-3462.09,-0.000105,-0.0035,0.001666,-0.01463,-0.034531,-0.053468,-0.036946,0.000917,0.000917,-0.001666
2026-09-07,BOBA,287511.43,0.029411,0.2337,-0.000777,-0.004626,-0.017864,-0.079394,-0.066123,0.029391,0.029391,-0.001666
2026-09-07,CAP,-56825.94,-0.000778,-1.0,0.090624,-0.005618,-0.003694,-0.012756,-0.034755,0.005708,0.005708,-0.001666
2026-09-07,CBBTC,61223.7,8e-06,0.0317,-0.006478,-0.010565,-0.011132,-0.027305,-0.026835,-0.000859,-0.000712,-0.001666
2026-09-07,CBXRP,31.96,0.0,0.0002,-0.007362,0.015073,0.004839,-0.033923,-0.025816,0.003245,0.005286,-0.001666
2026-09-07,CFG,133052.87,0.001945,1.0,0.119916,-0.027361,-0.007943,-0.104147,-0.094923,0.002259,0.002259,-0.001666
2026-09-07,COHRB,-7144.01,-0.002005,-0.3333,0.029842,0.044178,0.046547,0.014647,0.051438,0.003329,-0.088858,-0.001666
2026-09-07,COINon,10414.91,0.001152,0.2187,0.002577,-0.036453,-0.053829,-0.069483,-0.053786,-0.002323,-0.002323,-0.001666
2026-09-07,COMP,-99765.98,-0.000471,-1.0,0.008746,-0.017424,-0.054387,-0.034525,-0.054942,0.001628,0.001043,-0.001666
2026-09-07,CREO,0.0,0.0,0.0,0.001826,0.157043,0.680001,0.630833,1.953052,0.000118,0.000118,-0.001666
2026-09-07,CRO,-150058.98,-5.4e-05,-1.0,-0.003001,0.040085,0.029741,-0.017603,0.025162,-2.3e-05,-2.3e-05,-0.001666
2026-09-07,CRV,252481.77,0.000432,0.372,-0.010313,-0.029159,-0.055937,-0.09391,-0.112977,0.001862,0.002322,-0.001666
2026-09-07,CTC,-125174.23,-0.002236,-1.0,0.066819,-0.024817,-0.066325,-0.070314,-0.018868,-0.001296,-0.001296,-0.001666
2026-09-07,CVC,-60847.03,-0.002901,-0.3299,-0.007266,0.028842,0.03767,0.007138,0.058399,-0.004601,-0.004601,-0.001666
2026-09-07,CYBER,-66101.3,-0.002724,-1.0,9.8e-05,0.008399,-0.013241,-0.05863,-0.093901,-0.023621,-0.023621,-0.001666
2026-09-07,EDGE,2167962.76,0.011028,0.8447,-0.087237,-0.006818,0.051582,-0.04429,0.065572,0.00971,-0.013053,-0.001666
2026-09-07,ELA,-40593.95,-0.005208,-0.0876,0.018437,-0.001076,-0.029779,-0.078571,-0.059822,0.000345,0.000345,-0.001666
2026-09-07,ENA,-53823.31,-3.2e-05,-0.0124,-0.053364,-0.041164,-0.078819,-0.134613,-0.152819,-2.2e-05,0.001482,-0.001666
2026-09-07,ENS,-143791.11,-0.000556,-0.4896,-0.007023,0.034866,-0.058826,-0.094041,-0.058423,-0.002298,-0.003804,-0.001666
2026-09-07,ERA,-34846.44,-0.003857,-0.5797,0.01983,-0.001362,-0.011647,-0.075968,-0.036971,-0.041808,-0.041808,-0.001666
2026-09-07,ETHFI,36843.17,6.5e-05,0.251,0.033801,0.023323,0.02086,0.201036,0.222441,1.4e-05,-0.006382,-0.001666
2026-09-07,FARM,-2103.63,-0.000522,-0.0237,0.018286,-0.02419,-0.035115,-0.071894,0.078462,0.005887,0.005887,-0.001666
2026-09-07,FET,-283452.29,-0.000665,-0.6726,0.064784,-0.036452,-0.06682,-0.110898,-0.096109,4.6e-05,4.6e-05,-0.001666
2026-09-07,FF,245204.59,0.00065,0.6999,0.01113,0.215307,0.254453,0.405071,0.247797,0.004123,0.011402,-0.001666
2026-09-07,FLOKI,-80457.65,-0.000319,-0.4034,0.018642,-0.007649,-0.049703,-0.095224,-0.066461,-0.000785,-0.000228,-0.001666
2026-09-07,FORT,-8663.88,-0.000883,-0.0388,0.013177,0.002409,-0.008178,-0.035558,-0.02836,-0.000883,-0.000883,-0.001666
2026-09-07,FORTH,-66940.62,-0.019126,-0.7611,0.022511,0.003768,-0.004525,-0.054069,-0.011548,0.040618,0.040618,-0.001666
2026-09-07,GALA,-198022.59,-0.00205,-1.0,0.023605,-0.026078,-0.071689,-0.114082,-0.131139,-0.001866,-0.002435,-0.001666
2026-09-07,GFI,772.75,0.000317,0.0141,-0.037888,0.011303,0.007149,-0.00398,-0.010291,0.024904,0.024904,-0.001666
2026-09-07,GHST,9828.32,0.003002,1.0,-0.006498,-0.026937,-0.030422,0.016014,0.044797,-0.040402,-0.040402,-0.001666
2026-09-07,GROVE,-6528.78,-0.001089,-0.0784,0.012156,0.021844,0.03142,-0.035289,-0.030668,-0.00865,-0.00865,-0.001666
2026-09-07,GRT,-93740.07,-0.000441,-1.0,0.008128,0.003466,-0.030971,-0.071492,-0.068249,0.004089,0.005275,-0.001666
2026-09-07,GRVT,12602.29,0.000663,0.1045,0.035173,0.005991,-0.011279,0.017351,0.031749,-0.009386,-0.007352,-0.001666
2026-09-07,GTC,-11257.23,-0.0016,-0.2869,-0.015501,0.015336,0.002533,-0.055985,-0.032968,0.005105,0.005105,-0.001666
2026-09-07,HFT,7928.06,0.001373,0.0601,-0.039264,-0.007162,-0.014424,-0.031572,-0.025382,-0.058129,-0.058129,-0.001666
2026-09-07,HIGH,0.0,0.0,0.0,-0.099829,0.000457,0.074989,0.11078,0.073768,0.024178,0.024178,-0.001666
2026-09-07,HOPR,2572.45,0.00064,0.0227,0.004381,-0.011698,-0.015985,-0.026821,-0.025399,-0.01381,-0.01381,-0.001666
2026-09-07,IDEX,-2.99,-3e-06,-0.0003,-0.009345,-0.041547,0.075304,0.050589,0.045482,-0.051735,-0.051735,-0.001666
2026-09-07,IMU,8160.58,0.003505,1.0,-0.024612,-0.055475,-0.059224,-0.072344,-0.065644,0.007188,0.007188,-0.001666
2026-09-07,IMX,130509.75,0.000489,0.3191,0.025331,-0.020475,-0.043092,-0.087785,-0.092501,-0.001155,-0.001687,-0.001666
2026-09-07,IRENB,-5386.82,-0.00241,-1.0,0.01363,0.07082,0.030093,-0.005855,-0.020444,-0.192521,-0.210016,-0.001666
2026-09-07,JASMY,448557.49,0.002111,0.3302,-0.010686,-0.008472,-0.059041,-0.093046,-0.072626,0.007803,0.007341,-0.001666
2026-09-07,KAIO,30216.51,0.002923,1.0,-0.062605,-0.084579,-0.054387,-0.080486,-0.078032,-0.001769,-0.001769,-0.001666
2026-09-07,L3,69261.64,0.013193,0.2524,-0.069594,-0.004,0.004596,-0.071431,-0.118419,0.031825,0.02275,-0.001666
2026-09-07,LA,302804.82,0.023955,0.7188,-0.041036,-0.049419,-0.034331,-0.057771,-0.029615,0.053633,0.094526,-0.001666
2026-09-07,LBTC,-530952.97,-0.000567,-1.0,-0.006475,-0.008965,-0.003505,-0.026012,-0.025936,-0.000601,-0.000518,-0.001666
2026-09-07,LCX,-2318.59,-9.8e-05,-0.0025,0.024634,-0.011794,-0.019394,-0.031266,-0.012066,-0.002359,-0.006501,-0.001666
2026-09-07,LDO,92882.12,0.000277,1.0,-0.038677,-0.039228,-0.065969,-0.07526,-0.070315,-0.001877,-0.001527,-0.001666
2026-09-07,LINK,-127153.69,-1.3e-05,-0.2375,0.035998,-0.020916,-0.073489,-0.093683,-0.104807,7e-06,0.000416,-0.001666
2026-09-07,LIT,1311233.87,0.001117,0.4936,0.049786,0.023136,0.015845,-0.036774,-0.0967,-0.001029,-0.000726,-0.001666
2026-09-07,LPT,-119217.88,-0.00163,-1.0,0.029179,0.003066,-0.008619,-0.066171,-0.070019,-0.00429,-0.005043,-0.001666
2026-09-07,LRDS,11942.78,0.015058,1.0,0.028605,-0.048597,-0.055038,-0.074907,-0.130287,0.03823,0.019066,-0.001666
2026-09-07,MASK,-50778.36,-0.001061,-1.0,0.02034,-0.028728,-0.054548,-0.100643,-0.021177,-0.010361,-0.005188,-0.001666
2026-09-07,MAVIA,-34562.9,-0.004767,-1.0,-0.017795,-0.011937,-0.017348,-0.0875,-0.041428,-0.00175,-0.00175,-0.001666
2026-09-07,MDT,20197.13,0.003162,0.4035,-0.037702,-0.00594,-0.064097,-0.151172,-0.038569,-0.035444,-0.013493,-0.001666
2026-09-07,METH,1989831.85,0.003377,0.942,4.7e-05,-0.004701,-0.008646,-0.013962,0.012069,0.001928,0.001928,-0.001666
2026-09-07,MITO,520554.5,0.174735,0.2898,-0.035565,-0.046915,-0.150699,-0.223956,-0.143662,0.174735,0.174735,-0.001666
2026-09-07,MLN,29437.13,0.006211,0.1934,0.035068,-0.036932,-0.033716,-0.050272,-0.058984,0.006211,0.006211,-0.001666
2026-09-07,MNT,-18037.37,-9e-06,-0.0706,0.04376,0.016551,-0.011379,-0.082518,-0.088284,4.9e-05,-0.003414,-0.001666
2026-09-07,MORPHO,1588996.5,0.001249,0.3668,-0.051974,-0.029362,-0.053597,-0.064632,-0.088181,-0.002011,-0.001504,-0.001666
2026-09-07,MRVLB,-8414.98,-0.000886,-0.367,0.010171,0.000218,0.040152,0.009213,0.038536,-0.086152,-0.052384,-0.001666
2026-09-07,MUUB,-715.5,-0.000373,-0.0667,0.038973,-0.076177,-0.030804,-0.121062,-0.136857,-0.182545,-0.44439,-0.001666
2026-09-07,NBISB,8842.86,0.001034,1.0,0.006707,0.08687,0.075522,0.018116,-0.004621,-0.047632,-0.310048,-0.001666
2026-09-07,NOM,7074.39,0.001422,0.0871,-0.052388,0.005836,0.032742,-0.097947,-0.063778,0.028461,0.028461,-0.001666
2026-09-07,ONDO,-428497.31,-0.000227,-0.6605,0.024958,-0.031193,-0.056202,-0.103201,-0.102024,3.7e-05,0.001362,-0.001666
2026-09-07,PAXG,155697.4,8.2e-05,0.525,-0.002045,-0.010865,-0.002625,-0.01891,-0.012628,0.00091,0.00124,-0.001666
2026-09-07,PENDLE,-1026283.51,-0.002719,-0.7177,0.043918,-0.027882,-0.070505,-0.079859,-0.004848,-0.002267,-0.00328,-0.001666
2026-09-07,PEPE,-469034.59,-0.000312,-0.3893,0.009007,0.000776,-0.025888,-0.08811,-0.058663,0.000151,0.000327,-0.001666
2026-09-07,PIEVERSE,-26858.5,-7.3e-05,-0.144,0.21665,-0.033904,-0.01662,-0.028809,-0.042555,-0.000466,-0.035578,-0.001666
2026-09-07,PLUME,-253051.65,-0.002811,-0.7154,0.000238,-0.017794,-0.006775,-0.089275,-0.059662,-0.001194,-0.001194,-0.001666
2026-09-07,POL,-272614.72,-0.000265,-0.1428,-0.01329,-0.0018,-0.003378,-0.028847,-0.001403,-0.0003,-0.002312,-0.001666
2026-09-07,PRIME,0.0,0.0,0.0,-0.024974,0.007844,-0.001677,-0.058257,-0.061297,-0.052365,-0.052365,-0.001666
2026-09-07,PROM,-54611.84,-0.000535,-1.0,0.018297,0.039932,0.064683,-0.01588,0.045911,0.003268,0.003587,-0.001666
2026-09-07,PUMP,-14611.52,-0.002281,-0.3077,-0.026815,0.018568,-0.01392,-0.040802,0.001586,0.001381,-0.002023,-0.001666
2026-09-07,RED,74395.15,0.00111,0.2921,0.033948,-0.031641,-0.02894,-0.09068,-0.017805,0.005537,0.010219,-0.001666
2026-09-07,RESOLV,5155.92,0.000617,1.0,-0.005818,0.000503,0.008066,-0.030675,-0.025749,-0.010339,-0.010339,-0.001666
2026-09-07,RLS,12765.46,0.004092,0.0725,0.03219,-0.006871,0.01153,0.047724,0.082262,-0.021153,-0.021153,-0.001666
2026-09-07,RPL,-411.97,-1e-05,-0.0036,-0.003116,-0.019127,-0.018666,-0.017084,0.018735,0.002361,0.002374,-0.001666
2026-09-07,SD,4043.9,0.000465,0.0292,-0.003,0.007315,-0.022743,-0.072452,-0.060633,-0.014358,-0.014358,-0.001666
2026-09-07,SENT,-160628.76,-0.001556,-1.0,0.066718,0.056256,-0.005818,-0.016401,-0.002794,-0.005319,-0.003115,-0.001666
2026-09-07,SHIB,83099.09,2.6e-05,1.0,0.007523,-0.015502,-0.032228,-0.068501,-0.033312,1.6e-05,-0.000116,-0.001666
2026-09-07,SOPH,980807.77,0.091414,0.9085,0.286236,0.074074,-0.17753,-0.145196,-0.123771,0.05854,0.05854,-0.001666
2026-09-07,SPK,267146.45,0.004114,0.638,-0.04529,-0.048691,-0.067792,-0.106469,-0.086401,0.022211,0.012857,-0.001666
2026-09-07,SPX,87238.0,0.00017,1.0,-0.020844,-0.032131,-0.07561,-0.129972,-0.112975,9.1e-05,-0.000136,-0.001666
2026-09-07,STO,17423.21,0.001835,0.4093,0.006893,-0.029256,-0.054826,-0.108071,-0.056079,0.010842,0.013919,-0.001666
2026-09-07,STRK,-240154.22,-0.001073,-0.1711,0.022914,-0.019391,0.0256,-0.07427,-0.078436,-0.001527,-0.005933,-0.001666
2026-09-07,SWELL,6314.15,0.001617,0.1401,-0.010807,0.0129,0.056193,-0.030219,-0.041123,-0.013491,-0.013491,-0.001666
2026-09-07,TRAC,92689.46,0.000547,0.1527,-0.02857,0.002364,-0.053604,-0.063981,-0.036415,-0.00041,0.002763,-0.001666
2026-09-07,TREE,111487.67,0.016611,0.4424,-0.00938,0.025658,-0.005197,-0.090605,0.023085,0.001811,0.001811,-0.001666
2026-09-07,UNI,-44645.37,-1e-05,-0.2579,-0.025881,-0.026486,-0.063878,-0.124982,-0.092613,-9.1e-05,-0.000278,-0.001666
2026-09-07,WBETH,-104422.03,-1.1e-05,-1.0,0.002017,-0.005747,-0.01201,-0.012937,0.009213,5.4e-05,-0.000215,-0.001666
2026-09-07,WLD,-561235.54,-0.000329,-0.605,0.120253,0.001959,-0.079269,-0.133874,-0.136993,-0.00026,0.004066,-0.001666
2026-09-07,WLFI,317615.31,0.000177,0.3413,0.002897,-0.005123,-0.007981,-0.004346,0.02763,0.000269,0.005602,-0.001666
2026-09-07,XAUt,113713.36,4.2e-05,0.3997,-0.001847,-0.010382,-0.002783,-0.018489,-0.013136,0.001042,0.001701,-0.001666
2026-09-07,XCN,237197.87,0.00151,1.0,-0.039687,0.009222,-0.020839,-0.045487,0.044854,-9.2e-05,-0.00191,-0.001666
2026-09-07,ZAMA,69189.37,0.000622,1.0,-0.098617,0.000834,0.034986,-0.081546,-0.043037,0.000193,0.000193,-0.001666
2026-09-07,ZKC,9057.26,0.000578,0.0309,0.010188,-0.006535,-0.002522,-0.07209,-0.045488,-0.010383,-0.014171,-0.001666
2026-09-07,ZKJ,-16899.88,-0.003677,-0.0709,0.000205,0.017726,-0.007073,-0.019928,0.035356,-0.004268,-0.018834,-0.001666
2026-09-07,ZRO,-48772.23,-0.000115,-0.0839,0.03647,-0.023184,-0.0089,-0.080566,-0.099612,-0.00092,-0.002396,-0.001666
2026-09-07,cbETH,128339.23,0.00027,0.2042,0.000785,-0.004246,-0.008693,-0.012343,0.010351,0.00251,0.010249,-0.001666
2026-09-07,stETH,405165.69,1.7e-05,0.343,0.0016,-0.006254,-0.011405,-0.012934,0.009602,9e-05,0.000198,-0.001666
2026-09-08,A8,-11550.27,-0.00387,-0.3333,-0.03563,0.04078,-0.02766,-0.014473,0.046676,-0.00387,-0.00387,0.01178
2026-09-08,AAOIB,-30439.94,-0.005733,-1.0,0.019463,-0.032993,-0.072374,-0.054032,-0.082032,-0.07413,-0.07413,0.01178
2026-09-08,AAVE,395221.23,0.000199,1.0,-0.026844,-0.020205,-0.044711,-0.033316,-0.020435,-0.000461,6.9e-05,0.01178
2026-09-08,AERGO,7179.31,0.001559,0.2311,0.029119,-0.02053,-0.008231,-0.013677,-0.030209,0.010015,0.020978,0.01178
2026-09-08,ALCX,31568.76,0.005562,0.244,0.000529,-0.020022,-0.023554,-0.019667,-0.018629,0.013946,0.013704,0.01178
2026-09-08,ALLO,235337.27,0.00475,1.0,0.002413,-0.062258,-0.141503,-0.090831,-0.117309,-0.002275,0.00289,0.01178
2026-09-08,AMATB,30600.01,0.013079,1.0,0.023089,-0.008855,-0.037463,-0.0323,-0.038018,0.120472,0.120472,0.01178
2026-09-08,ARKM,-58952.14,-0.002405,-1.0,-0.031215,-0.022195,-0.105016,-0.069983,-0.045936,6e-06,0.005795,0.01178
2026-09-08,ARMB,-21484.61,-0.007322,-1.0,0.025234,0.010451,-0.027765,0.010461,-0.004956,-0.075205,0.495965,0.01178
2026-09-08,ASMLB,2826680.83,0.44072,1.0,0.013348,-0.022063,-0.043363,-0.038017,-0.042971,0.681146,1.676661,0.01178
2026-09-08,ATH,-135068.91,-0.001404,-0.4934,-0.006113,0.044838,-0.061308,-0.030504,-0.008733,-0.009907,-0.006641,0.01178
2026-09-08,AVGOB,304132.95,0.05592,0.549,0.012833,-0.011244,-0.019629,-0.015861,-0.033828,-0.129764,0.123146,0.01178
2026-09-08,AVT,-876.06,-0.00072,-0.0295,0.004414,-0.036089,-0.058312,-0.015268,0.002135,-0.000206,0.014985,0.01178
2026-09-08,AXS,294639.44,0.001772,0.5931,-0.017854,-0.012645,-0.051399,-0.040223,-0.001164,0.001225,-0.002034,0.01178
2026-09-08,AXTIB,-3776.46,-0.00083,-0.1295,0.053611,-0.011366,-0.067014,-0.063073,-0.105751,0.063984,0.068231,0.01178
2026-09-08,BAL,-999.41,-0.00013,-0.0373,0.00267,-0.006311,-0.015912,0.010285,0.012118,-0.000127,-0.000127,0.01178
2026-09-08,BEAM,-504481.12,-0.006307,-1.0,-0.825412,5.533458,-0.030304,0.022738,0.09013,0.84018,0.84018,0.01178
2026-09-08,BEB,16837.67,0.005363,0.1077,0.018884,-0.032776,-0.071502,-0.012371,-0.051257,-0.200896,-0.200896,0.01178
2026-09-08,BILL,326857.23,0.009508,0.4817,-0.069959,-0.054983,-0.080869,-0.048071,-0.085618,0.05514,0.07268,0.01178
2026-09-08,BMNRB,6501.51,0.00122,1.0,-0.020302,-0.022672,-0.017777,0.014771,-0.004655,0.041032,-0.006456,0.01178
2026-09-08,BOBA,24536.2,0.002522,0.2685,-0.004626,-0.013299,-0.075115,-0.068083,-0.051808,0.031913,0.031913,0.01178
2026-09-08,CAP,-60353.79,-0.000831,-1.0,-0.005618,0.001935,-0.007178,-0.051699,0.009973,0.004158,0.004877,0.01178
2026-09-08,CBBTC,54727.67,7e-06,0.0321,-0.010565,-0.000573,-0.016918,-0.014849,-0.015388,-0.000832,-0.000704,0.01178
2026-09-08,CBRSB,71807.29,0.028921,0.7063,-0.065648,-0.024802,-0.044123,-0.04546,-0.066134,-0.339456,-0.439036,0.01178
2026-09-08,CBXRP,-136871.17,-0.000777,-0.2988,0.015073,-0.010082,-0.048269,-0.041505,-0.046874,0.002069,0.003959,0.01178
2026-09-08,CFG,126675.65,0.001904,1.0,-0.027361,0.019964,-0.078946,-0.088081,-0.065887,0.004162,0.004162,0.01178
2026-09-08,CHZ,0.0,0.0,0.0,0.004218,-0.009477,-0.034858,-0.025766,0.044428,-0.000999,0.000453,0.01178
2026-09-08,COHRB,7514.45,0.001993,1.0,0.044178,0.00227,-0.028281,0.006202,-0.022019,0.00186,-0.103214,0.01178
2026-09-08,COMP,-306120.64,-0.001471,-0.4623,-0.017424,-0.037619,-0.017404,-0.019134,-0.052113,-0.00037,-0.000429,0.01178
2026-09-08,CRDOB,10224.95,0.006249,1.0,-0.032583,-0.008792,-0.049445,-0.038515,-0.06331,-0.094917,-0.172251,0.01178
2026-09-08,CREO,5616.22,0.011963,0.3333,0.157043,0.451978,0.409483,0.850367,1.639507,0.012081,0.012081,0.01178
2026-09-08,CRO,-50030.79,-1.7e-05,-1.0,0.040085,-0.009945,-0.055464,-0.052177,-0.02368,-4e-05,-4e-05,0.01178
2026-09-08,CVC,62778.33,0.00291,1.0,0.028842,0.008581,-0.021096,-0.020801,0.678793,0.00286,-0.001691,0.01178
2026-09-08,DELLB,30794.53,0.037566,1.0,0.013962,0.007131,-0.042634,0.058401,0.031107,-0.3614,-0.372832,0.01178
2026-09-08,EDGE,-63433.9,-0.000325,-1.0,-0.006818,0.058801,-0.037729,0.10649,0.10247,0.010626,0.011304,0.01178
2026-09-08,EIGEN,-98125.06,-0.000498,-1.0,-0.021703,-0.02606,0.035749,0.002068,-0.032351,0.001617,-0.003861,0.01178
2026-09-08,ELA,591.53,7.6e-05,0.0046,-0.001076,-0.028734,-0.077578,-0.082135,-0.081962,0.000421,0.000421,0.01178
2026-09-08,ENA,1626754.45,0.001012,0.925,-0.041164,-0.039271,-0.09746,-0.105606,-0.128472,0.001177,0.002743,0.01178
2026-09-08,ENS,-582936.51,-0.002177,-1.0,0.034866,-0.090536,-0.124564,-0.097246,-0.105977,-0.004244,-0.005981,0.01178
2026-09-08,ERA,-8969.18,-0.000994,-0.0828,-0.001362,-0.010299,-0.074707,-0.053344,-0.025373,-0.042802,-0.042802,0.01178
2026-09-08,EWYB,-48211.34,-0.004567,-1.0,-0.008731,0.007344,-0.034596,-0.004767,-0.017372,-0.050911,-0.082799,0.01178
2026-09-08,FARM,29974.36,0.007616,1.0,-0.02419,-0.011196,-0.048886,0.019427,0.02698,0.013502,0.013502,0.01178
2026-09-08,FET,-130479.75,-0.000317,-1.0,-0.036452,-0.031516,-0.077262,-0.058446,-0.037063,-0.000271,-0.000271,0.01178
2026-09-08,FF,735400.95,0.001605,1.0,0.215307,0.032211,0.156145,0.063448,-0.013476,0.003895,0.013525,0.01178
2026-09-08,FORT,-12775.37,-0.001299,-0.0932,0.002409,-0.010561,-0.037876,-0.026144,-0.039795,-0.002181,-0.002181,0.01178
2026-09-08,FORTH,-8435.98,-0.002401,-0.4521,0.003768,-0.008261,-0.05762,-0.087554,0.966476,0.038216,0.038216,0.01178
2026-09-08,GALA,75849.43,0.000806,1.0,-0.026078,-0.046833,-0.090361,-0.110604,-0.097578,-0.003008,0.001876,0.01178
2026-09-08,GHST,28303.38,0.008884,0.5554,-0.026937,-0.003582,0.04414,0.069299,0.058206,-0.031518,-0.031518,0.01178
2026-09-08,GLWB,8986.53,0.006463,0.2341,0.057694,0.010747,-0.02099,-0.003727,-0.058257,-0.055058,-0.055058,0.01178
2026-09-08,GROVE,-12157.4,-0.001985,-0.2648,0.021844,0.009371,-0.055912,-0.057448,-0.05965,-0.010635,-0.010635,0.01178
2026-09-08,GRT,-101439.77,-0.000475,-1.0,0.003466,-0.034319,-0.074699,-0.089701,-0.035565,0.003339,0.006052,0.01178
2026-09-08,GTC,-9153.2,-0.001281,-0.3664,0.015336,-0.012609,-0.070244,-0.067885,-0.032741,0.003824,0.003824,0.01178
2026-09-08,HFT,0.0,0.0,0.0,-0.007162,-0.007314,-0.024586,-0.027304,-0.027822,-0.058129,-0.058129,0.01178
2026-09-08,HIGH,-18858.49,-0.007151,-1.0,0.000457,0.074498,0.110273,0.073459,0.036594,0.017027,0.017027,0.01178
2026-09-08,HOPR,358.57,9e-05,0.0063,-0.011698,-0.004338,-0.015302,-0.014235,0.001225,-0.01372,-0.01372,0.01178
2026-09-08,IDEX,5295.21,0.006124,1.0,-0.041547,0.121916,0.09613,0.068809,0.119907,-0.045611,-0.045611,0.01178
2026-09-08,IMU,5091.9,0.002315,1.0,-0.055475,-0.003969,-0.01786,0.01147,-0.021998,0.009503,0.009503,0.01178
2026-09-08,IRENB,36606.64,0.014875,1.0,0.07082,-0.038034,-0.071604,-0.073679,-0.114729,-0.137202,-0.195141,0.01178
2026-09-08,KAIO,0.0,0.0,0.0,-0.084579,0.032982,0.004471,0.01565,-0.054321,-0.001769,-0.001769,0.01178
2026-09-08,L3,-61389.96,-0.011741,-1.0,-0.004,0.00863,-0.067702,-0.088586,-0.113386,0.010996,0.011009,0.01178
2026-09-08,LA,173368.92,0.014428,1.0,-0.049419,0.015872,-0.008787,0.024187,0.046285,0.081982,0.108955,0.01178
2026-09-08,LBTC,-17001.74,-1.8e-05,-0.0221,-0.008965,0.00551,-0.017201,-0.018243,-0.018384,-0.000582,-0.000536,0.01178
2026-09-08,LCX,449893.68,0.019258,1.0,-0.011794,-0.007691,-0.019705,0.01216,0.002483,0.019716,0.011939,0.01178
2026-09-08,LINK,1429.37,0.0,0.0114,-0.020916,-0.053695,-0.074321,-0.074841,-0.091149,-3.6e-05,0.000412,0.01178
2026-09-08,LIT,575786.66,0.000479,0.8511,0.023136,-0.007126,-0.058555,-0.06819,-0.127083,-0.000555,0.000236,0.01178
2026-09-08,LITEB,-9717.59,-0.002582,-0.1085,0.091744,0.012832,-0.042392,-0.050458,-0.072021,-0.236024,-0.254235,0.01178
2026-09-08,LMWR,68042.29,0.010294,0.866,-0.02041,-0.009459,-0.011992,-0.045401,-0.102137,0.007997,0.007997,0.01178
2026-09-08,MAVIA,-20245.5,-0.002826,-1.0,-0.011937,-0.005476,-0.076475,-0.059272,0.045481,-0.004576,-0.004576,0.01178
2026-09-08,MDT,0.0,0.0,0.0,-0.00594,-0.058505,-0.1461,-0.173869,-0.09066,-0.017406,-0.013493,0.01178
2026-09-08,METH,95009.55,0.000161,0.01,-0.004701,-0.003964,-0.009305,0.033619,0.009879,0.00262,0.002089,0.01178
2026-09-08,MITO,1397.46,0.000492,0.002,-0.046915,-0.108892,-0.185756,-0.133861,-0.114826,0.175227,0.175227,0.01178
2026-09-08,MLN,-1518.2,-0.000333,-0.0137,-0.036932,0.003339,-0.013852,-0.012471,-0.02997,0.005878,0.005878,0.01178
2026-09-08,MORPHO,2174583.48,0.001761,0.9551,-0.029362,-0.024967,-0.036336,-0.023118,-0.086471,-0.000165,0.000193,0.01178
2026-09-08,MRVLB,-369218.27,-0.040401,-0.6226,0.000218,0.039926,0.008993,0.046793,0.011584,-0.094146,-0.092785,0.01178
2026-09-08,NBISB,79274.17,0.008474,0.3848,0.08687,-0.010441,-0.063259,-0.078274,-0.110444,-0.030961,-0.301574,0.01178
2026-09-08,NOM,226789.9,0.045332,0.6398,0.005836,0.02675,-0.103181,-0.069071,-0.065186,0.073793,0.073793,0.01178
2026-09-08,ONDO,-372226.92,-0.000204,-0.6112,-0.031193,-0.025815,-0.074327,-0.059367,-0.066973,-0.000313,0.001251,0.01178
2026-09-08,ORCLB,88158.87,0.035227,0.2798,-0.002311,-0.003112,-0.054416,-0.073832,-0.08454,0.018399,0.018399,0.01178
2026-09-08,PAXG,246269.9,0.000131,1.0,-0.010865,0.00833,-0.008133,-0.00294,-0.003189,0.00101,0.001103,0.01178
2026-09-08,PENDLE,112133.32,0.000305,1.0,-0.027882,-0.043845,-0.053468,-0.053364,0.000167,-0.002239,-0.002976,0.01178
2026-09-08,PIEVERSE,192949.9,0.000541,0.5729,-0.033904,0.01789,0.005273,-0.005054,-0.042316,7.5e-05,-0.035037,0.01178
2026-09-08,PLTRB,603984.38,0.351114,0.9628,-0.03659,-0.003336,-0.025348,-0.016655,-0.032381,0.341376,0.341376,0.01178
2026-09-08,PLUME,-60347.28,-0.000682,-1.0,-0.017794,0.011218,-0.072776,-0.038595,-0.055149,-0.001876,-0.001876,0.01178
2026-09-08,POL,-124109.23,-0.000121,-0.1003,-0.0018,-0.001581,-0.027097,0.00082,0.014582,-0.000212,-0.002088,0.01178
2026-09-08,PRIME,28483.31,0.003338,1.0,0.007844,-0.009447,-0.065586,-0.07663,-0.064624,-0.049027,-0.049027,0.01178
2026-09-08,PROM,-49450.78,-0.000466,-0.325,0.039932,0.0238,-0.053669,-0.10602,-0.013703,0.00283,0.001874,0.01178
2026-09-08,PTB,-11887.09,-0.001982,-0.4703,-0.023904,-0.048518,-0.124012,-0.091328,-0.110081,-0.001792,-0.001792,0.01178
2026-09-08,QCOMB,88965.98,0.032968,0.4709,0.01599,0.012122,0.017632,0.045947,0.031341,0.051128,0.070094,0.01178
2026-09-08,RED,89208.22,0.001372,1.0,-0.031641,0.002789,-0.060967,-0.010882,0.021851,0.004434,0.011623,0.01178
2026-09-08,RESOLV,7903.49,0.000945,0.0564,0.000503,0.007559,-0.031162,-0.04548,-0.03143,-0.009395,-0.009395,0.01178
2026-09-08,RKLBB,7386.62,0.003397,0.26,0.017649,-0.040659,-0.058554,-0.042039,-0.057551,0.12793,0.072838,0.01178
2026-09-08,RPL,-54586.81,-0.001408,-1.0,-0.019127,0.000469,0.002083,0.010285,0.032763,-0.001478,0.000966,0.01178
2026-09-08,SD,-163.92,-1.9e-05,-0.0023,0.007315,-0.02984,-0.079187,-0.060367,-0.075557,-0.008736,-0.014377,0.01178
2026-09-08,SENT,22029.57,0.000202,0.1073,0.056256,-0.058768,-0.068788,-0.069873,-0.041188,-0.004395,-0.002913,0.01178
2026-09-08,SHIB,-53709.86,-1.7e-05,-1.0,-0.015502,-0.016989,-0.053833,-0.038123,-0.027302,1.7e-05,-0.000133,0.01178
2026-09-08,SKHYon,28970.72,0.021489,1.0,0.016381,0.077838,0.024105,0.028815,-0.020278,0.017965,0.020224,0.01178
2026-09-08,SMHB,-2295.56,-0.002085,-0.171,-0.004081,-0.000505,-0.023009,-0.009075,-0.022941,-0.072242,0.00893,0.01178
2026-09-08,SNXXB,77840.23,0.018427,1.0,-0.051454,0.023693,-0.057271,-0.124182,-0.19558,-0.388524,-0.388524,0.01178
2026-09-08,SOPH,0.0,0.0,0.0,0.074074,-0.234252,-0.204148,-0.215838,-0.249188,0.074358,0.05854,0.01178
2026-09-08,SPX,-53109.45,-0.000107,-1.0,-0.032131,-0.044922,-0.10109,-0.084758,-0.08129,0.000518,-0.000122,0.01178
2026-09-08,STO,-17537.7,-0.001903,-0.4123,-0.029256,-0.026341,-0.08119,-0.039773,-0.028241,0.003423,0.012016,0.01178
2026-09-08,SWELL,-50135.79,-0.012677,-0.264,0.0129,0.042742,-0.042571,-0.047854,-0.055724,-0.026168,-0.026168,0.01178
2026-09-08,SYRUP,-156905.98,-0.000578,-1.0,0.01553,-0.011178,-0.036139,-0.037812,-0.068038,0.004146,0.006671,0.01178
2026-09-08,TMX,18858.53,0.035525,0.6455,-0.167765,0.008973,0.004046,0.011963,-0.020571,0.05547,0.05547,0.01178
2026-09-08,TREE,-22952.78,-0.003334,-0.1305,0.025658,-0.030083,-0.113354,-0.110234,-0.010704,-0.001523,-0.001523,0.01178
2026-09-08,UNI,416560.55,9.9e-05,1.0,-0.026486,-0.038409,-0.101175,-0.100895,-0.076693,5e-06,0.000146,0.01178
2026-09-08,VIRTUAL,-51929.88,-0.000111,-1.0,-0.025838,-0.042375,-0.110371,-0.109863,-0.134068,0.000107,-3.7e-05,0.01178
2026-09-08,WBETH,-1819551.49,-0.000197,-1.0,-0.005747,-0.006299,-0.007231,0.023763,0.010143,-0.000132,-0.000382,0.01178
2026-09-08,WDCB,28275.04,0.014177,1.0,0.016545,0.004125,-0.041514,-0.067141,-0.08349,-0.112218,-0.141688,0.01178
2026-09-08,WLD,-243203.39,-0.000142,-0.4479,0.001959,-0.08107,-0.135568,-0.133345,-0.16528,-0.000511,0.004105,0.01178
2026-09-08,WLFI,93093.28,5.2e-05,0.1326,-0.005123,-0.002872,0.000781,-0.038361,0.015887,0.000283,0.005654,0.01178
2026-09-08,XAUt,-2079879.45,-0.000778,-1.0,-0.010382,0.007679,-0.008193,-0.00374,-0.00367,-6.5e-05,0.00083,0.01178
2026-09-08,XCN,-65485.24,-0.000413,-1.0,0.009222,-0.029787,-0.05421,0.105059,-0.001675,-9.9e-05,-0.002323,0.01178
2026-09-08,ZAMA,0.0,0.0,0.0,0.000834,0.034123,-0.082311,-0.090025,-0.040962,0.002815,0.000193,0.01178
2026-09-08,ZKC,140147.89,0.008998,1.0,-0.006535,0.004039,-0.065986,-0.051788,-0.022928,-0.005316,-0.005172,0.01178
2026-09-08,ZKJ,-9432.45,-0.002017,-0.0705,0.017726,-0.024367,-0.036999,0.005064,0.107794,-0.006122,-0.005398,0.01178
2026-09-08,ZRO,-66925.19,-0.000162,-0.0562,-0.023184,0.014623,-0.058744,-0.096673,-0.072531,-0.001366,-0.002745,0.01178
2026-09-08,cbETH,0.0,0.0,0.0,-0.004246,-0.004466,-0.008132,0.023687,0.009307,0.002419,0.009799,0.01178
2026-09-08,stETH,73808.26,3e-06,1.0,-0.006254,-0.005183,-0.006722,0.025514,0.010606,0.000179,0.000169,0.01178
2026-09-09,A8,-21789.0,-0.007014,-0.3333,0.04078,-0.065758,-0.053088,-0.03036,-0.020546,-0.010884,-0.010884,0.031145
2026-09-09,AAVE,-74266.82,-3.8e-05,-1.0,-0.020205,-0.025012,-0.013382,-0.000928,0.053646,-0.000532,4.8e-05,0.031145
2026-09-09,AERGO,9211.66,0.002042,0.466,-0.02053,0.012556,0.006996,-0.000434,-0.007688,0.012057,0.003398,0.031145
2026-09-09,ALCX,475.75,8.6e-05,0.006,-0.020022,-0.003604,0.000362,0.00753,0.008781,0.004032,0.01379,0.031145
2026-09-09,ALLO,50076.38,0.001078,1.0,-0.062258,-0.084507,-0.03047,-0.026357,-0.040618,0.000675,0.003968,0.031145
2026-09-09,AMATB,31743.55,0.013379,1.0,-0.008855,-0.028864,-0.023655,-0.026336,-0.089735,0.133852,0.133852,0.031145
2026-09-09,AMDon,-16369.57,-0.001806,-1.0,0.032087,-0.030624,-0.007344,-0.004254,-0.048022,-0.008981,-0.008772,0.031145
2026-09-09,API3,-74757.9,-0.003753,-1.0,-0.018834,-0.036104,-0.021396,0.01148,0.067514,0.015723,0.010685,0.031145
2026-09-09,ARMB,-171165.18,-0.060738,-0.7431,0.010451,-0.037821,9e-06,0.009264,-0.08973,-0.137002,0.458427,0.031145
2026-09-09,ASM,0.0,0.0,0.0,-0.016686,-0.034058,-0.00907,-0.015995,0.00541,-0.002532,-0.012038,0.031145
2026-09-09,ASMLB,-2763020.88,-0.787323,-0.9963,-0.022063,-0.021781,-0.016314,-0.015212,-0.082146,-0.360498,0.889337,0.031145
2026-09-09,AVGOB,49835.86,0.006971,0.0145,-0.011244,-0.008481,-0.004669,-0.007605,-0.05031,0.07866,0.130116,0.031145
2026-09-09,AVT,1340.84,0.001143,0.0469,-0.036089,-0.023055,0.0216,0.004096,-0.001999,0.003013,0.016129,0.031145
2026-09-09,AXTIB,27365.54,0.006449,1.0,-0.011366,-0.056288,-0.052301,-0.06381,-0.163811,0.058554,0.07468,0.031145
2026-09-09,BAL,243.83,3.2e-05,0.0087,-0.006311,-0.009661,0.016702,-0.000668,0.018473,-9.5e-05,-9.5e-05,0.031145
2026-09-09,BARD,-72701.38,-0.001564,-1.0,0.007566,-0.0714,-0.070355,-0.019899,-0.028521,-0.019482,-0.034635,0.031145
2026-09-09,BEB,-151991.51,-0.052703,-1.0,-0.032776,-0.040038,0.021097,0.020851,-0.043642,-0.234081,-0.253599,0.031145
2026-09-09,BILL,351888.11,0.010832,1.0,-0.054983,-0.027393,0.007314,-0.002205,-0.043824,0.044165,0.078192,0.031145
2026-09-09,BOBA,33819.2,0.003522,0.3323,-0.013299,-0.062649,-0.055522,-0.049137,-0.049068,0.035435,0.035435,0.031145
2026-09-09,CAP,50909.69,0.0007,1.0,0.001935,-0.009096,-0.053531,-0.031176,0.261457,0.001284,0.005577,0.031145
2026-09-09,CBBTC,-360079.09,-4.8e-05,-0.2849,-0.000573,-0.016355,-0.014284,-0.01588,0.010263,-0.000329,-0.000785,0.031145
2026-09-09,CBRSB,130218.04,0.050094,1.0,-0.024802,-0.019812,-0.021183,-0.019112,-0.069386,-0.249005,-0.336141,0.031145
2026-09-09,CBXRP,-71598.64,-0.000407,-0.1015,-0.010082,-0.038576,-0.031744,-0.030508,0.051738,0.001036,0.002674,0.031145
2026-09-09,CFG,-54850.79,-0.000808,-1.0,0.019964,-0.096974,-0.10593,-0.087677,-0.076646,0.003354,0.003354,0.031145
2026-09-09,CHZ,-137192.94,-0.000924,-0.5388,-0.009477,-0.025624,-0.016445,0.007515,0.040076,-0.001758,-0.001406,0.031145
2026-09-09,COHRB,-69058.31,-0.0186,-0.4313,0.00227,-0.030481,0.003924,0.004673,-0.111764,-0.030299,-0.101118,0.031145
2026-09-09,COINon,-23498.48,-0.002741,-1.0,-0.018033,-0.016545,-0.002358,4.6e-05,0.093335,-0.005064,-0.005064,0.031145
2026-09-09,CVC,-96271.15,-0.004424,-0.4402,0.008581,-0.029424,-0.029132,0.019976,0.496099,0.001351,-0.006115,0.031145
2026-09-09,DELLB,-18803.92,-0.023285,-1.0,0.007131,-0.049413,0.050907,0.049044,0.004048,-0.356721,-0.469196,0.031145
2026-09-09,DRV,0.0,0.0,0.0,0.030065,-0.098803,-0.114554,-0.107262,-0.145455,0.003421,0.001306,0.031145
2026-09-09,EDGE,225825.15,0.001092,1.0,0.058801,-0.091169,0.045041,0.013303,0.031663,0.012319,0.010798,0.031145
2026-09-09,ELA,-111.05,-1.5e-05,-0.0009,-0.028734,-0.050289,-0.05498,-0.030965,-0.072466,0.001858,0.000406,0.031145
2026-09-09,ENA,0.0,0.0,0.0,-0.039271,-0.060568,-0.069047,-0.080332,-0.033196,0.001124,0.002893,0.031145
2026-09-09,ENS,-53893.38,-0.000221,-1.0,-0.090536,-0.037416,-0.007379,0.000428,0.015608,-0.004084,-0.006202,0.031145
2026-09-09,ERA,-42506.78,-0.00476,-0.2707,-0.010299,-0.065078,-0.043493,-0.025622,-0.00982,-0.047562,-0.047562,0.031145
2026-09-09,ETHFI,59692.66,0.000103,0.2771,-0.002408,0.176494,0.147437,0.197462,0.088722,0.00022,-0.006179,0.031145
2026-09-09,EWYB,-929609.3,-0.09579,-1.0,0.007344,-0.041635,-0.012023,-0.011962,-0.072602,-0.113808,-0.178589,0.031145
2026-09-09,FARM,-6871.93,-0.001766,-0.0862,-0.011196,-0.038117,0.030969,0.11771,0.098691,0.011737,0.011737,0.031145
2026-09-09,FET,-121057.85,-0.000304,-0.1933,-0.031516,-0.047234,-0.027807,-0.031387,-0.006681,-0.000802,-0.000575,0.031145
2026-09-09,FF,-3462.92,-7e-06,-0.0287,0.032211,0.120066,0.030262,-0.005306,-0.160186,0.002773,0.010255,0.031145
2026-09-09,FORT,-214.4,-2.2e-05,-0.0028,-0.010561,-0.027606,-0.015749,-0.020349,-0.009871,-0.002203,-0.002203,0.031145
2026-09-09,FORTH,0.0,0.0,0.0,-0.008261,-0.04977,-0.079953,-0.007055,0.171812,0.038216,0.038216,0.031145
2026-09-09,GALA,0.0,0.0,0.0,-0.046833,-0.045666,-0.066904,-0.06404,-0.02614,-0.00186,-0.001895,0.031145
2026-09-09,GHST,5726.5,0.001804,1.0,-0.003582,0.047894,0.073142,0.07758,0.062512,-0.029714,-0.029714,0.031145
2026-09-09,GLWB,177453.85,0.124634,0.7776,0.010747,-0.0314,-0.01432,-0.038551,-0.142521,0.118301,0.069576,0.031145
2026-09-09,GROVE,22378.05,0.003619,0.222,0.009371,-0.064677,-0.066198,-0.060196,-0.06959,-0.007016,-0.007016,0.031145
2026-09-09,GRT,-98507.93,-0.000478,-1.0,-0.034319,-0.041816,-0.057351,-0.038469,-0.013622,0.002785,0.004985,0.031145
2026-09-09,HFT,-17335.98,-0.003046,-0.4387,-0.007314,-0.017399,-0.020137,-0.011119,-0.053638,-0.061174,-0.061174,0.031145
2026-09-09,HOPR,-697.08,-0.000176,-0.0121,-0.004338,-0.011012,-0.00994,-0.009567,0.027678,-0.013896,-0.013896,0.031145
2026-09-09,IDEX,-243.33,-0.000251,-0.0235,0.121916,-0.022984,-0.047336,-0.027734,-0.004477,0.011446,-0.045862,0.031145
2026-09-09,IMU,-251.88,-0.000115,-0.0112,-0.003969,-0.013946,0.015501,-0.006825,-0.025684,0.009388,0.009388,0.031145
2026-09-09,IMX,0.0,0.0,0.0,-0.023089,-0.046706,-0.051752,-0.051634,-0.020605,-0.000654,-0.001121,0.031145
2026-09-09,INTWB,12697.1,0.014475,1.0,0.026131,-0.105318,-0.061698,-0.075571,-0.160208,-0.191856,-0.191856,0.031145
2026-09-09,KAIO,9160.82,0.000937,1.0,0.032982,-0.027601,-0.016778,-0.025006,-0.103418,0.004378,-0.000832,0.031145
2026-09-09,KORUB,21503.73,0.008939,1.0,0.021707,-0.125258,-0.045533,-0.04618,-0.222178,-0.123713,-0.123713,0.031145
2026-09-09,L3,62826.89,0.011913,0.3929,0.00863,-0.075679,-0.096385,-0.122452,-0.148343,0.02328,0.022922,0.031145
2026-09-09,LA,408.62,3.3e-05,0.0038,0.015872,-0.024273,0.008185,0.004884,0.120069,0.082202,0.108988,0.031145
2026-09-09,LBTC,78063.32,8.4e-05,1.0,0.00551,-0.022586,-0.023623,-0.02251,0.001953,-0.000465,-0.000453,0.031145
2026-09-09,LCX,-272.58,-1.2e-05,-0.0003,-0.007691,-0.012107,0.020005,0.007473,0.047481,0.00017,-0.00416,0.031145
2026-09-09,LINK,76063.8,9e-06,1.0,-0.053695,-0.021796,-0.022345,-0.033803,0.003264,-1e-05,0.000477,0.031145
2026-09-09,LIT,-19129.81,-1.6e-05,-0.0358,-0.007126,-0.051798,-0.061502,-0.110789,-0.03193,0.001869,-0.00065,0.031145
2026-09-09,LITEB,171424.24,0.042977,0.1935,0.012832,-0.054524,-0.062489,-0.05772,-0.151373,-0.098623,-0.134803,0.031145
2026-09-09,LMWR,5044.31,0.00077,1.0,-0.009459,-0.002557,-0.036285,-0.075985,-0.193061,0.008767,0.008767,0.031145
2026-09-09,LPT,0.0,0.0,0.0,-0.011649,-0.058052,-0.060616,-0.061934,-0.018825,-0.00429,-0.005043,0.031145
2026-09-09,MASK,-99432.02,-0.002197,-1.0,-0.026583,-0.048754,-0.021493,0.035296,0.037335,-0.009767,-0.007385,0.031145
2026-09-09,MAVIA,-43281.94,-0.006075,-1.0,-0.005476,-0.071391,-0.054092,-0.024506,0.069904,-0.010651,-0.010651,0.031145
2026-09-09,METH,2210475.95,0.003775,1.0,-0.003964,-0.005362,0.037732,0.020896,0.050321,0.006494,0.005864,0.031145
2026-09-09,MITO,169402.72,0.066953,0.427,-0.108892,-0.086256,-0.02802,0.008285,0.0315,0.242181,0.242181,0.031145
2026-09-09,MLN,-11310.84,-0.00247,-0.19,0.003339,-0.017134,-0.015757,-0.02615,-0.046282,0.003409,0.003409,0.031145
2026-09-09,MORPHO,4904.38,4e-06,0.0142,-0.024967,-0.01166,0.001897,-0.036543,-0.046982,0.003051,-0.00027,0.031145
2026-09-09,MRVLB,-584717.35,-0.065903,-0.6323,0.039926,-0.029745,0.006604,-0.001554,-0.059868,-0.14509,-0.184223,0.031145
2026-09-09,MUUB,105816.99,0.031021,1.0,0.049115,-0.093127,-0.099472,-0.109424,-0.190154,0.0561,-0.446404,0.031145
2026-09-09,MVLLB,5397.08,0.004777,1.0,0.084194,-0.06271,0.008195,-0.006702,-0.12662,-0.201381,-0.240151,0.031145
2026-09-09,NBISB,-1506938.89,-0.193113,-0.8904,-0.010441,-0.053375,-0.068549,-0.074515,-0.114848,-0.208326,-0.494687,0.031145
2026-09-09,NEXO,-215086.12,-0.000397,-1.0,-0.001024,-0.001082,-0.004556,-0.012698,-0.005723,-0.000566,-0.001305,0.031145
2026-09-09,NOM,-7661.41,-0.001492,-0.3575,0.02675,-0.126546,-0.093325,-0.09346,-0.099176,0.072301,0.072301,0.031145
2026-09-09,ONDO,-293084.81,-0.000165,-0.7298,-0.025815,-0.049798,-0.034442,-0.048551,-0.002604,-0.000396,0.001127,0.031145
2026-09-09,ORCLB,82758.5,0.031632,0.6049,-0.003112,-0.051464,-0.070941,-0.075341,-0.1049,0.050031,0.050031,0.031145
2026-09-09,PAXG,-70492.41,-3.7e-05,-0.2168,0.00833,-0.016327,-0.011177,-0.010029,-0.021509,0.00062,0.001038,0.031145
2026-09-09,PLTRB,28062.98,0.015893,1.0,-0.003336,-0.022086,-0.013363,-0.01132,0.021725,0.309162,0.35727,0.031145
2026-09-09,POL,61007.31,5.9e-05,0.2187,-0.001581,-0.025556,0.002405,0.001981,0.022128,-0.000148,-0.002374,0.031145
2026-09-09,PRIME,-10387.2,-0.001229,-1.0,-0.009447,-0.056675,-0.067823,-0.05972,-0.047495,0.006388,-0.050256,0.031145
2026-09-09,PROM,257368.11,0.002368,0.7092,0.0238,-0.075668,-0.126803,-0.017632,-0.053982,0.004724,0.004904,0.031145
2026-09-09,PTB,-8645.04,-0.001515,-0.1837,-0.048518,-0.079343,-0.044992,-0.040514,-0.02183,-0.003307,-0.003307,0.031145
2026-09-09,QCOMB,-13757.01,-0.004981,-0.0769,0.012122,0.005444,0.03342,0.02934,0.025878,0.025275,0.065113,0.031145
2026-09-09,QNTB,8103.6,0.011976,1.0,-0.026825,-0.011085,-0.002775,0.003382,0.010718,-0.008877,-0.008877,0.031145
2026-09-09,RE,97716.21,0.001459,0.2871,-0.078328,0.027889,0.058408,0.04876,0.036436,-0.000127,-0.001961,0.031145
2026-09-09,RESOLV,11621.88,0.001378,0.3866,0.007559,-0.038431,-0.052641,-0.033545,-0.051426,-0.006941,-0.008017,0.031145
2026-09-09,RKLBB,86635.69,0.032351,1.0,-0.040659,-0.018653,-0.001438,-0.004024,-0.007162,0.122718,0.105189,0.031145
2026-09-09,RLS,8362.79,0.00265,0.2508,0.018528,0.035781,0.044406,0.069925,0.079202,-0.018503,-0.018503,0.031145
2026-09-09,RPL,54621.03,0.001408,1.0,0.000469,0.001613,0.009811,0.038113,0.025888,-8.3e-05,0.002374,0.031145
2026-09-09,SD,33073.99,0.003894,0.3228,-0.02984,-0.050865,-0.031465,-0.038771,-0.021516,0.006446,-0.010483,0.031145
2026-09-09,SENT,-0.43,-0.0,-0.0,-0.058768,-0.010646,-0.011798,0.003042,0.10862,-0.00332,-0.002913,0.031145
2026-09-09,SHIB,20659.1,7e-06,0.1707,-0.016989,-0.037481,-0.021499,-0.00112,0.015326,2.4e-05,-0.000141,0.031145
2026-09-09,SMHB,-17899.52,-0.016108,-1.0,-0.000505,-0.022515,-0.008574,-0.007568,-0.053502,-0.025923,0.009933,0.031145
2026-09-09,SNDKB,312281.24,0.010907,1.0,0.012306,-0.036816,-0.073825,-0.075892,-0.115685,0.066477,0.068683,0.031145
2026-09-09,SNXXB,83222.48,0.016185,1.0,0.023693,-0.07909,-0.144452,-0.147894,-0.223853,-0.372339,-0.372339,0.031145
2026-09-09,SOPH,358611.8,0.040638,1.0,-0.234252,0.039313,0.024047,0.065363,-0.064812,0.122262,0.099178,0.031145
2026-09-09,STO,0.0,0.0,0.0,-0.026341,-0.056333,-0.013796,-0.001326,-0.004726,0.00217,0.012016,0.031145
2026-09-09,STRK,271993.11,0.001185,1.0,0.045881,-0.097377,-0.08982,-0.101439,-0.069023,-0.002162,-0.005986,0.031145
2026-09-09,SWELL,0.0,0.0,0.0,0.042742,-0.081815,-0.086882,-0.092139,-0.095124,-0.026168,-0.026168,0.031145
2026-09-09,SYN,-52387.4,-0.002494,-0.3347,0.001961,-0.097461,-0.091589,-0.098359,-0.005771,0.000994,-0.013917,0.031145
2026-09-09,TQQQB,10916.0,0.005875,1.0,-0.008741,-0.030888,-0.004482,-0.008101,-0.027272,-0.109655,-0.109655,0.031145
2026-09-09,TREE,12402.68,0.001858,0.1496,-0.030083,-0.085854,-0.082637,0.02843,0.027143,0.000335,0.000335,0.031145
2026-09-09,UNI,482810.78,0.000119,0.8023,-0.038409,-0.065273,-0.064982,-0.030696,0.042189,0.000191,0.000112,0.031145
2026-09-09,WBETH,-654593.38,-7.1e-05,-0.332,-0.006299,-0.000938,0.030252,0.021481,0.054238,-0.000233,-0.000364,0.031145
2026-09-09,WDCB,-652.73,-0.000322,-0.0078,0.004125,-0.045451,-0.070973,-0.075382,-0.1069,-0.044647,-0.14201,0.031145
2026-09-09,WLD,-153209.42,-9.8e-05,-1.0,-0.08107,-0.059307,-0.056887,-0.062694,-0.069585,-0.000621,-0.001405,0.031145
2026-09-09,WLFI,-151572.42,-8.5e-05,-0.3723,-0.002872,0.003663,-0.035591,0.035897,0.039581,-7.6e-05,0.005295,0.031145
2026-09-09,WSTETH,0.0,0.0,0.0,-0.004848,-0.004686,0.026773,0.018883,0.044034,1.8e-05,1.8e-05,0.031145
2026-09-09,XAUt,-992979.51,-0.000369,-1.0,0.007679,-0.01575,-0.011332,-0.010382,-0.021721,-0.000373,0.00026,0.031145
2026-09-09,ZKC,151795.52,0.009705,1.0,0.004039,-0.069744,-0.055603,-0.043075,-0.030669,0.000665,0.004533,0.031145
2026-09-09,ZKJ,19190.13,0.004205,0.1406,-0.024367,-0.012947,0.030166,0.042731,0.185338,-0.001993,-0.002031,0.031145
2026-09-09,ZRO,-209544.99,-0.0005,-1.0,0.014623,-0.07231,-0.109692,-0.091526,-0.088165,-0.001431,-0.003082,0.031145
2026-09-09,cbETH,-194166.77,-0.000413,-0.1578,-0.004466,-0.003683,0.028278,0.01921,0.045525,0.001954,0.009914,0.031145
2026-09-09,stETH,-114506.56,-5e-06,-1.0,-0.005183,-0.001547,0.030857,0.02125,0.051584,0.000136,6.5e-05,0.031145
2026-09-10,A8,16652.42,0.005738,1.0,-0.065758,0.013562,0.03789,0.076451,0.059361,-0.005146,-0.005146,-0.016392
2026-09-10,AAOIB,-445505.71,-0.099265,-1.0,-0.040725,0.019774,0.010022,-0.010411,-0.077527,-0.143225,-0.173395,-0.016392
2026-09-10,AAVE,-2785389.34,-0.001467,-0.8868,-0.025012,0.011928,0.024702,0.025412,0.005378,-0.002463,-0.001421,-0.016392
2026-09-10,AERGO,-21243.07,-0.00465,-0.3326,0.012556,-0.005491,-0.01283,-0.022161,0.006798,0.007407,-0.002661,-0.016392
2026-09-10,ALCX,40614.76,0.007329,0.2012,-0.003604,0.003981,0.011174,0.005044,-0.006624,0.011529,0.021118,-0.016392
2026-09-10,ALLO,215582.19,0.005068,1.0,-0.084507,0.059025,0.063517,0.028182,-0.010028,0.007895,0.009036,-0.016392
2026-09-10,ALT,5317.41,0.001134,1.0,-0.04062,-0.013427,0.032262,0.032298,0.021179,0.137369,0.137369,-0.016392
2026-09-10,AMATB,23718.53,0.010138,0.5598,-0.028864,0.005364,0.002603,-0.000576,-0.073974,0.053821,0.14399,-0.016392
2026-09-10,AMDon,-13944.07,-0.00162,-1.0,-0.030624,0.024016,0.027203,-0.002911,0.001989,-0.007387,-0.010391,-0.016392
2026-09-10,AMZNB,5917.6,0.003162,1.0,-0.002667,0.021874,0.020031,0.009364,-0.014352,-0.054583,-0.054583,-0.016392
2026-09-10,ARKM,1.43,0.0,0.0,-0.084701,0.039144,0.038464,0.066013,0.000634,-0.002083,0.008291,-0.016392
2026-09-10,ARMB,-108264.38,-0.041313,-0.8036,-0.037821,0.039317,0.048936,0.023461,-0.051611,-0.179196,0.425181,-0.016392
2026-09-10,ASMLB,25748.97,0.007441,1.0,-0.021781,0.005588,0.006715,0.00041,-0.057703,-0.33482,0.896778,-0.016392
2026-09-10,ATH,66807.68,0.00074,0.2663,-0.101591,0.032815,0.027538,0.056008,-0.057692,-0.007077,-0.005901,-0.016392
2026-09-10,AVGOB,359872.18,0.048238,0.3266,-0.008481,0.003844,0.000884,-0.014483,-0.059865,0.162178,0.138944,-0.016392
2026-09-10,AVGOon,-5011.09,-0.001111,-1.0,-0.008725,0.00425,0.003068,-0.010525,-0.060977,0.012149,0.00588,-0.016392
2026-09-10,AVT,-4185.69,-0.003653,-0.0447,-0.023055,0.045709,0.027792,0.064189,-0.04183,-0.001915,0.012476,-0.016392
2026-09-10,AXS,63539.56,0.000403,0.0768,-0.03925,0.011781,0.022812,0.052957,0.008979,0.002224,-0.001012,-0.016392
2026-09-10,AXTIB,-46120.98,-0.011566,-0.446,-0.056288,0.004225,-0.007971,-0.041519,-0.105525,0.021403,0.063114,-0.016392
2026-09-10,BAL,5635.51,0.000746,0.0643,-0.009661,0.02662,0.009081,0.028483,0.018141,0.000651,0.000651,-0.016392
2026-09-10,BEAM,68184.76,0.000879,0.0334,-0.85158,0.054699,6.133675,0.124197,0.047859,0.841059,0.841059,-0.016392
2026-09-10,BEB,5478.88,0.001985,0.0864,-0.040038,0.063685,0.063429,0.021805,0.00173,-0.178794,-0.251614,-0.016392
2026-09-10,BILL,132423.32,0.004191,1.0,-0.027393,0.035684,0.025898,-0.005167,-0.016043,0.04623,0.083054,-0.016392
2026-09-10,BLUR,-59388.59,-0.001261,-1.0,-0.08804,0.08853,0.033472,0.112535,0.026402,-0.000675,-0.001696,-0.016392
2026-09-10,BMNRB,5415.21,0.000955,1.0,0.005008,0.033137,0.030639,0.01336,-0.026288,0.038154,-0.005501,-0.016392
2026-09-10,BNT,3832.3,0.000123,0.0037,-0.019614,0.016468,0.017455,0.016458,-0.01666,0.00104,0.00104,-0.016392
2026-09-10,BOBA,13730.7,0.001526,0.0603,-0.062649,0.007603,0.014416,0.0252,-0.001876,0.036961,0.036961,-0.016392
2026-09-10,CBBTC,-226973.61,-3.1e-05,-1.0,-0.016355,0.002104,0.000482,0.001557,-0.01569,-0.00034,-0.000818,-0.016392
2026-09-10,CBRSB,-62960.21,-0.024118,-0.3042,-0.019812,-0.001399,0.000714,-0.023027,-0.039413,-0.185753,-0.304411,-0.016392
2026-09-10,CBXRP,-72615.42,-0.000429,-0.0532,-0.038576,0.007106,0.008392,0.001465,-0.039477,-0.001233,0.00217,-0.016392
2026-09-10,CFG,118571.3,0.001935,1.0,-0.096974,-0.009917,0.010296,0.014179,-0.027993,0.003921,0.005289,-0.016392
2026-09-10,CHZ,-142229.36,-0.000983,-0.2194,-0.025624,0.00942,0.03401,0.08215,0.009869,-0.001907,-0.002389,-0.016392
2026-09-10,COHRB,-85660.12,-0.024372,-0.6471,-0.030481,0.035487,0.03626,0.006444,-0.078982,-0.038862,-0.111172,-0.016392
2026-09-10,COMP,-165429.31,-0.000809,-1.0,0.021004,-0.00176,-0.021148,-0.035323,-0.073734,-0.001668,-0.001238,-0.016392
2026-09-10,CRCLB,92568.67,0.001008,1.0,-0.024665,0.000108,0.000983,-0.002966,-0.051745,-0.016455,0.004552,-0.016392
2026-09-10,CRCLon,0.0,0.0,0.0,-0.0267,0.000928,0.002347,-0.003738,-0.05145,0.007764,0.001195,-0.016392
2026-09-10,CRDOB,-16831.69,-0.008731,-0.0778,-0.041014,0.011499,0.013885,-0.014586,-0.064129,0.084921,-0.180982,-0.016392
2026-09-10,CREO,9196.65,0.013899,0.2002,-0.029267,0.312798,0.810763,0.872677,0.75849,0.02598,0.02598,-0.016392
2026-09-10,CRV,-236956.73,-0.000447,-1.0,-0.040223,-0.004898,-0.021043,0.023309,-0.023383,0.001649,0.001875,-0.016392
2026-09-10,CRWVB,23846.97,0.025343,1.0,-0.058776,-0.003007,-0.004785,-0.036988,-0.093472,-0.142935,-0.33787,-0.016392
2026-09-10,CTC,-4.09,-0.0,-0.0,-0.004272,0.049962,0.055337,0.133072,0.042599,-0.001296,-0.001296,-0.016392
2026-09-10,CVC,117506.9,0.005563,1.0,-0.029424,0.000301,0.050898,0.714971,0.294944,0.004073,-0.000552,-0.016392
2026-09-10,DELLB,14730.18,0.019156,0.4196,-0.049413,0.105535,0.103575,0.077025,0.064949,-0.122183,-0.203503,-0.016392
2026-09-10,DOS,0.0,0.0,0.0,-0.021279,0.032794,0.077237,0.078935,0.020251,0.000703,0.014652,-0.016392
2026-09-10,DRV,536998.02,0.004803,1.0,-0.098803,-0.017477,-0.009386,-0.036194,-0.084873,0.007036,0.006109,-0.016392
2026-09-10,EDGE,59914.51,0.000319,1.0,-0.091169,0.149874,0.114953,0.145696,0.129383,0.012354,0.011977,-0.016392
2026-09-10,EIGEN,-103670.45,-0.000507,-1.0,0.063463,-0.032518,-0.034506,-0.06575,-0.123548,0.000355,-0.004367,-0.016392
2026-09-10,ELA,-7232.0,-0.001007,-0.0192,-0.050289,-0.00494,0.020348,-0.004753,-0.093701,-0.005954,-0.000601,-0.016392
2026-09-10,ENA,-231908.06,-0.00016,-0.3715,-0.060568,-0.009026,-0.021039,-0.034361,-0.019713,0.001056,0.001165,-0.016392
2026-09-10,ERA,-38841.53,-0.004653,-0.1169,-0.065078,0.023088,0.042203,0.053318,0.00584,-0.014264,-0.052214,-0.016392
2026-09-10,ETHFI,-71936.66,-0.000105,-1.0,0.176494,-0.024698,0.017823,-0.093003,-0.160917,-0.00012,-0.006571,-0.016392
2026-09-10,EWYB,-56615.24,-0.006121,-1.0,-0.041635,0.030898,0.030962,0.017841,-0.034961,-0.113837,-0.18471,-0.016392
2026-09-10,FARM,-29765.38,-0.007951,-0.2113,-0.038117,0.071824,0.162002,0.079766,0.076691,0.003785,0.003785,-0.016392
2026-09-10,FLOKI,103749.35,0.000454,1.0,-0.047902,0.021977,0.031791,0.028012,-0.015017,-0.001069,0.000488,-0.016392
2026-09-10,FORT,79586.31,0.008408,0.1983,-0.027606,0.012194,0.007463,-0.001995,-0.024287,0.006205,0.006205,-0.016392
2026-09-10,FORTH,-14092.7,-0.004257,-0.185,-0.04977,-0.031764,0.044952,1.086713,0.388893,-0.025784,0.03396,-0.016392
2026-09-10,GALA,57256.97,0.000668,1.0,-0.045666,-0.022254,-0.019253,-0.007934,-0.043009,-0.001651,-0.000645,-0.016392
2026-09-10,GFI,5409.72,0.002227,1.0,-0.011051,-0.021846,-0.006336,-0.006882,-0.041067,0.027131,0.027131,-0.016392
2026-09-10,GHST,-31150.72,-0.009364,-0.1912,0.047894,0.024095,0.028329,0.013471,0.055493,-0.039079,-0.039079,-0.016392
2026-09-10,GLWB,-198726.98,-0.147603,-1.0,-0.0314,0.017633,-0.007383,-0.038065,-0.120027,-0.034081,-0.078027,-0.016392
2026-09-10,GROVE,0.0,0.0,0.0,-0.064677,-0.001627,0.00479,-0.003959,-0.026395,-0.007016,-0.007016,-0.016392
2026-09-10,GTC,-5250.5,-0.000791,-0.1412,-0.058371,0.002537,0.024383,0.040336,-0.016548,0.003033,0.003033,-0.016392
2026-09-10,HFT,-71732.13,-0.012803,-0.2238,-0.017399,-0.002787,0.006392,-0.003318,-0.074827,-0.014476,-0.073977,-0.016392
2026-09-10,HIGH,2327.4,0.000795,0.0185,0.033294,-0.033158,-0.03332,-0.066361,-0.100122,0.017822,0.017822,-0.016392
2026-09-10,HOPR,-2475.16,-0.000632,-0.0148,-0.011012,0.001084,0.001461,0.016784,0.017162,-0.000343,-0.014528,-0.016392
2026-09-10,IDEX,0.0,0.0,0.0,-0.022984,-0.024925,-0.004862,0.021691,-0.039902,0.005984,-0.045862,-0.016392
2026-09-10,IMU,-66.61,-3.1e-05,-0.0011,-0.013946,0.029864,0.007222,-0.004213,-0.021448,0.005674,0.009357,-0.016392
2026-09-10,IMX,-405926.73,-0.001666,-0.7353,-0.046706,-0.005293,-0.00517,0.019774,-0.010127,-0.000766,-0.002776,-0.016392
2026-09-10,INTWB,-55765.57,-0.075641,-0.8391,-0.105318,0.048754,0.033249,-0.026248,-0.07046,-0.179434,-0.267497,-0.016392
2026-09-10,IRENB,35294.21,0.017152,1.0,-0.034897,-0.002235,-0.014675,-0.04645,-0.052476,-0.119755,-0.165803,-0.016392
2026-09-10,KAIO,532.89,5.6e-05,0.042,-0.027601,0.011129,0.002669,-0.058531,-0.069522,0.004434,-0.000776,-0.016392
2026-09-10,KORUB,145149.78,0.041189,1.0,-0.125258,0.091141,0.090402,0.05015,-0.122217,-0.082524,-0.082524,-0.016392
2026-09-10,L3,-59787.67,-0.012265,-0.2994,-0.075679,-0.022401,-0.050602,-0.049002,0.030208,0.011197,0.010657,-0.016392
2026-09-10,LA,-50726.3,-0.004259,-1.0,-0.024273,0.033266,0.029883,0.05556,-0.007805,0.063718,0.104729,-0.016392
2026-09-10,LBTC,-15313.6,-1.7e-05,-0.03,-0.022586,-0.001061,7.8e-05,-0.001204,-0.015362,-0.000567,-0.00047,-0.016392
2026-09-10,LCX,451061.29,0.019696,0.3347,-0.012107,0.032506,0.019821,0.022633,0.008566,0.038214,0.035091,-0.016392
2026-09-10,LINK,-220056.62,-2.5e-05,-1.0,-0.021796,-0.000562,-0.012275,-0.018179,-0.045827,-3.4e-05,0.000562,-0.016392
2026-09-10,LIT,-1321930.85,-0.001169,-0.6337,-0.051798,-0.010234,-0.062214,-0.07279,-0.078834,0.00064,-0.001341,-0.016392
2026-09-10,LITEB,238264.77,0.057905,0.1894,-0.054524,-0.008424,-0.003379,-0.030941,-0.101931,0.013392,-0.008848,-0.016392
2026-09-10,MAVIA,-10198.11,-0.001541,-1.0,-0.071391,0.018628,0.050489,0.132055,0.089376,-0.015553,-0.012193,-0.016392
2026-09-10,MDT,10820.53,0.001995,0.2893,-0.093038,-0.032521,0.132657,0.064926,-0.008138,-0.003397,-0.011497,-0.016392
2026-09-10,METH,6804495.9,0.01156,1.0,-0.005362,0.043327,0.026399,0.019364,-0.022253,0.018414,0.017424,-0.016392
2026-09-10,MITO,90288.11,0.039053,0.2116,-0.086256,0.063734,0.103466,0.087111,0.087151,0.281234,0.281234,-0.016392
2026-09-10,MLN,-9747.99,-0.002166,-0.0526,-0.017134,0.0014,-0.009173,-0.016344,-0.034143,0.001243,0.001243,-0.016392
2026-09-10,MNT,-62959.53,-3.3e-05,-1.0,-0.071958,0.021893,-0.006284,-0.014994,-0.057394,-2.6e-05,-0.003483,-0.016392
2026-09-10,MORPHO,127486.06,0.000107,1.0,-0.01166,0.013716,-0.025176,-0.052025,-0.07884,0.003198,-0.000124,-0.016392
2026-09-10,MRVLB,-285069.43,-0.034878,-0.3668,-0.029745,0.037463,0.029056,0.002567,-0.02538,-0.18197,-0.181596,-0.016392
2026-09-10,MUUB,127937.27,0.039768,0.5768,-0.093127,-0.006996,-0.017971,-0.081083,-0.107627,0.041138,-0.272882,-0.016392
2026-09-10,MVLLB,4035.35,0.00394,0.0205,-0.06271,0.075649,0.059756,0.00485,-0.056849,-0.145196,-0.236211,-0.016392
2026-09-10,NBISB,-570366.15,-0.084116,-0.5129,-0.053375,-0.016029,-0.022332,-0.050371,-0.091571,-0.288443,-0.381249,-0.016392
2026-09-10,NOKB,7991.41,0.004279,1.0,-0.014499,0.044475,0.044342,0.021587,-0.072939,0.180008,0.180008,-0.016392
2026-09-10,NOM,7478.34,0.001667,0.2637,-0.126546,0.038034,0.037879,0.042366,0.002544,0.063212,0.073968,-0.016392
2026-09-10,ONDO,-296298.8,-0.000175,-0.7311,-0.049798,0.016161,0.001312,0.007944,-0.035297,-0.000741,-0.000149,-0.016392
2026-09-10,ORCLB,-79155.08,-0.03293,-0.7096,-0.051464,-0.020534,-0.025173,-0.031858,-0.084433,0.017101,0.017101,-0.016392
2026-09-10,PAXG,-151822.19,-8.1e-05,-1.0,-0.016327,0.005236,0.006403,0.004984,-0.007551,0.000501,0.001098,-0.016392
2026-09-10,PENDLE,-61133.34,-0.000175,-1.0,-0.010064,0.000109,0.081521,0.056664,0.125477,-0.001958,-0.003151,-0.016392
2026-09-10,PEPE,346012.23,0.000253,0.3576,-0.063875,-0.004505,0.032292,0.029017,0.017599,-0.000217,0.000474,-0.016392
2026-09-10,PIEVERSE,0.0,0.0,0.0,-0.012395,-0.010273,-0.014153,-0.04734,-0.078352,-0.000182,0.000653,-0.016392
2026-09-10,PLTRB,93513.69,0.051306,1.0,-0.022086,0.008919,0.011009,-0.007215,0.03697,0.367559,0.408575,-0.016392
2026-09-10,PLUME,0.0,0.0,0.0,-0.083062,0.036864,0.032516,0.01901,-0.005215,-0.001876,-0.001876,-0.016392
2026-09-10,POL,-176448.24,-0.000176,-0.1901,-0.025556,0.028695,0.028259,0.042839,0.011769,-0.000141,-0.00231,-0.016392
2026-09-10,PRIME,26663.98,0.003344,0.7072,-0.056675,-0.011819,-0.003228,0.00103,-0.004581,0.003477,-0.046912,-0.016392
2026-09-10,PROM,180127.94,0.001793,1.0,-0.075668,-0.05532,0.062787,0.042233,0.02596,0.005128,0.009121,-0.016392
2026-09-10,PTB,-13774.17,-0.002621,-1.0,-0.079343,0.037311,0.042175,0.015903,0.025202,-0.005928,-0.005928,-0.016392
2026-09-10,QCOMB,-14112.54,-0.005106,-0.09,0.005444,0.027825,0.023767,0.013472,0.060264,0.019252,0.060007,-0.016392
2026-09-10,QNTB,-7909.33,-0.011769,-1.0,-0.011085,0.008403,0.014629,0.003319,-0.000737,0.027282,-0.020646,-0.016392
2026-09-10,RE,-208085.44,-0.003023,-0.5675,0.027889,0.029691,0.020305,-0.003372,-0.016331,-0.002018,-0.004984,-0.016392
2026-09-10,RED,4.8,0.0,0.0,-0.063579,0.053337,0.080142,0.088195,0.113626,0.001619,0.011623,-0.016392
2026-09-10,RESOLV,0.0,0.0,0.0,-0.038431,-0.014778,0.005081,-0.000277,-0.072092,0.000883,-0.008017,-0.016392
2026-09-10,RKLBB,45048.97,0.017758,1.0,-0.018653,0.017542,0.014907,0.001065,0.025058,0.0554,0.122947,-0.016392
2026-09-10,RLS,-16201.0,-0.004957,-0.0988,0.035781,0.008327,0.032965,0.072604,0.056434,-0.02346,-0.02346,-0.016392
2026-09-10,RPL,-62330.99,-0.001605,-1.0,0.001613,0.008185,0.036442,0.030616,-0.034802,-0.003046,0.00077,-0.016392
2026-09-10,SAND,677688.5,0.006525,1.0,-0.073939,0.003313,0.022852,0.016857,-0.047899,0.012486,0.01651,-0.016392
2026-09-10,SD,4457.58,0.000553,0.0206,-0.050865,0.020439,0.012742,0.003942,-0.058467,0.003122,-0.00993,-0.016392
2026-09-10,SENT,-434543.04,-0.00428,-1.0,-0.010646,-0.001165,0.013835,0.029639,0.047281,-0.006723,-0.007194,-0.016392
2026-09-10,SHIB,-203004.5,-6.8e-05,-1.0,-0.037481,0.016604,0.037777,0.02804,-0.017479,-7.8e-05,-3e-06,-0.016392
2026-09-10,SMHB,11046.97,0.009858,1.0,-0.022515,0.014262,0.015291,7e-05,-0.033465,-0.031083,-0.001877,-0.016392
2026-09-10,SNXXB,47020.73,0.009503,1.0,-0.07909,-0.070976,-0.074713,-0.146712,-0.186252,-0.260774,-0.362837,-0.016392
2026-09-10,SOPH,-153132.07,-0.016697,-0.2025,0.039313,-0.014689,0.025065,-0.056593,-0.20014,0.094858,0.082481,-0.016392
2026-09-10,SPK,-1184702.3,-0.020419,-0.1232,-0.041489,0.034507,0.022458,0.010775,-0.028399,0.003404,-0.00528,-0.016392
2026-09-10,SPX,-79090.62,-0.000177,-0.2197,-0.058809,0.018169,0.019537,0.022026,-0.03513,0.000178,-0.000195,-0.016392
2026-09-10,STRK,420982.1,0.002033,1.0,-0.097377,0.008372,-0.0045,-0.003278,-0.054391,-0.00042,-0.00476,-0.016392
2026-09-10,SWELL,-43103.02,-0.011383,-0.3913,-0.081815,-0.005518,-0.011244,-0.013738,-0.021025,-0.022443,-0.037551,-0.016392
2026-09-10,SYN,52818.27,0.00278,1.0,-0.097461,0.006506,-0.000995,-0.015435,-0.009268,0.00078,-0.011136,-0.016392
2026-09-10,TMX,-46600.82,-0.08743,-1.0,-0.004883,0.007885,-0.011063,-0.024518,0.058026,-0.031961,-0.031961,-0.016392
2026-09-10,TRAC,189118.24,0.001193,1.0,-0.010965,0.076446,0.029451,0.024557,-0.028413,0.002017,0.002952,-0.016392
2026-09-10,TREE,155854.37,0.025535,0.4175,-0.085854,0.003519,0.125017,0.115773,0.030607,0.02587,0.02587,-0.016392
2026-09-10,TSMB,11746.1,0.002939,1.0,-0.013757,0.00901,0.005931,-0.005126,-0.03492,0.001914,0.001914,-0.016392
2026-09-10,UNI,-381031.25,-0.000101,-0.3399,-0.065273,0.000312,0.036992,0.027238,0.050764,0.000107,4.2e-05,-0.016392
2026-09-10,USARB,50529.28,0.063418,1.0,-0.061069,-0.030613,-0.023079,-0.046837,-0.042869,-0.160116,-0.160116,-0.016392
2026-09-10,VIRTUAL,0.0,0.0,0.0,-0.071005,0.000571,-0.016564,-0.026637,-0.061729,0.000286,-3.7e-05,-0.016392
2026-09-10,WBETH,-259431.59,-2.8e-05,-0.2953,-0.000938,0.03122,0.02244,0.0175,-0.019754,-0.000334,-0.000238,-0.016392
2026-09-10,WBTC,-62636.03,-7e-06,-1.0,-0.014497,0.003328,0.000579,0.002641,-0.014851,8.2e-05,0.000256,-0.016392
2026-09-10,WDCB,-46023.36,-0.024356,-0.8162,-0.045451,-0.026738,-0.031356,-0.043795,-0.10569,-0.073015,-0.174605,-0.016392
2026-09-10,WETH,0.0,0.0,0.0,-0.004021,0.031437,0.023103,0.017353,-0.022512,-3.8e-05,-0.000765,-0.016392
2026-09-10,WLD,1367339.62,0.000935,0.5457,-0.059307,0.002572,-0.003601,-0.034371,-0.085379,0.000354,0.000259,-0.016392
2026-09-10,WLFI,616449.43,0.000346,0.8294,0.003663,-0.039111,0.032115,0.015094,0.015291,0.000298,0.006082,-0.016392
2026-09-10,WSTETH,-18185.91,-2e-06,-0.0842,-0.004686,0.031607,0.02368,0.016072,-0.02227,8e-06,1.6e-05,-0.016392
2026-09-10,XAUt,-610649.26,-0.00023,-1.0,-0.01575,0.004489,0.005454,0.00456,-0.007804,-0.000441,-0.001434,-0.016392
2026-09-10,XCN,-59671.86,-0.000398,-1.0,-0.025173,0.168397,0.094646,0.055545,0.100938,-0.000764,-0.002721,-0.016392
2026-09-10,ZAMA,-18279.41,-0.000179,-0.1429,-0.112592,-0.008406,0.041927,0.045057,0.004322,0.001159,1.4e-05,-0.016392
2026-09-10,ZKC,463.35,3.2e-05,0.0008,-0.069744,0.015201,0.028669,0.0461,-0.139353,0.009564,0.008438,-0.016392
2026-09-10,ZKJ,64586.75,0.01434,0.2203,-0.012947,0.043679,0.056408,0.150355,0.178758,0.012871,0.012232,-0.016392
2026-09-10,ZRO,218063.17,0.000561,0.0627,-0.07231,-0.040296,-0.020714,-0.014647,-0.068736,-0.000276,-0.002054,-0.016392
2026-09-10,cbETH,879227.09,0.001877,0.668,-0.003683,0.032079,0.022978,0.017582,-0.022578,0.002953,0.007137,-0.016392
2026-09-10,stETH,-499683.02,-2.1e-05,-1.0,-0.001547,0.032454,0.022831,0.017445,-0.022864,0.000115,6.3e-05,-0.016392
2026-09-11,A8,-20375.25,-0.006927,-0.3333,0.013562,0.024002,0.062047,0.034367,0.034301,-0.012073,-0.012073,0.109129
2026-09-11,AAOIB,-17469.58,-0.003823,-0.3367,0.019774,-0.009563,-0.029599,-0.087117,-0.085576,-0.119704,-0.177218,0.109129
2026-09-11,AAVE,-294572.2,-0.000153,-0.4044,0.011928,0.012623,0.013325,0.067937,-0.063617,-0.002674,-0.00194,0.109129
2026-09-11,AERGO,12316.06,0.002711,0.1505,-0.005491,-0.007379,-0.016761,-0.014582,0.015141,0.010117,0.002763,0.109129
2026-09-11,AIOZ,-482711.39,-0.005304,-1.0,0.025845,0.034397,0.027104,0.03948,-0.071088,-0.005304,-0.005304,0.109129
2026-09-11,ALCX,-40570.63,-0.007292,-0.3352,0.003981,0.007165,0.001059,0.008415,-0.014257,0.004663,0.013827,0.109129
2026-09-11,ALLO,54593.28,0.001212,1.0,0.059025,0.004242,-0.029124,-0.010467,-0.098793,0.011185,0.010248,0.109129
2026-09-11,ALT,10601.15,0.002291,1.0,-0.013427,0.046311,0.046348,0.097141,0.022914,0.008117,0.139661,0.109129
2026-09-11,AMATB,31707.64,0.013308,0.6696,0.005364,-0.002747,-0.005909,-0.067681,-0.093556,0.055223,0.157298,0.109129
2026-09-11,APE,-1188060.69,-0.008912,-0.3749,-0.011183,0.019139,0.012501,-0.002003,-0.069813,-0.010856,-0.010856,0.109129
2026-09-11,API3,-96539.61,-0.004953,-0.3333,0.015259,0.033595,0.085246,0.090854,-0.002873,-0.00236,0.005732,0.109129
2026-09-11,ARKM,315037.99,0.013818,0.4345,0.039144,-0.000654,0.025857,0.026934,-0.058529,0.00956,0.019809,0.109129
2026-09-11,ARMB,-33205.01,-0.012232,-0.2302,0.039317,0.009255,-0.015257,-0.089738,-0.07802,-0.21149,0.399563,0.109129
2026-09-11,AVGOB,-826949.7,-0.124194,-0.9595,0.003844,-0.002949,-0.018257,-0.045854,-0.063195,-0.015474,0.03261,0.109129
2026-09-11,AVT,-15299.25,-0.012769,-0.3398,0.045709,-0.017134,0.017672,-0.0231,-0.141258,-0.017533,-0.000293,0.109129
2026-09-11,AXS,-321942.41,-0.002017,-0.6928,0.011781,0.010903,0.040697,0.052845,-0.017898,0.000619,-0.00243,0.109129
2026-09-11,AXTIB,-282611.07,-0.074754,-1.0,0.004225,-0.012144,-0.045551,-0.117664,-0.013979,-0.060897,0.008095,0.109129
2026-09-11,BAL,-14998.61,-0.001934,-0.3706,0.02662,-0.017085,0.001814,0.001743,-0.012733,-0.001283,-0.001283,0.109129
2026-09-11,BEAM,1051281.76,0.012852,0.6866,0.054699,5.763705,0.065894,5.373284,6.55499,1.106869,0.853911,0.109129
2026-09-11,BEB,-53540.64,-0.018345,-0.366,0.063685,-0.00024,-0.039373,-0.063401,-0.02173,-0.269999,-0.269958,0.109129
2026-09-11,BILL,-321462.52,-0.009823,-1.0,0.035684,-0.00945,-0.039444,-0.050766,-0.064703,0.022824,0.071644,0.109129
2026-09-11,BLUR,97368.68,0.001899,1.0,0.08853,-0.050581,0.022053,-0.010327,-0.049174,-0.001621,0.000203,0.109129
2026-09-11,BMNRB,5341.88,0.00111,1.0,0.033137,-0.002418,-0.019143,0.039993,-0.094635,0.021202,-0.004392,0.109129
2026-09-11,BNT,-2129.6,-6.7e-05,-0.0041,0.016468,0.000971,-9e-06,0.024851,-0.044658,0.000621,0.000973,0.109129
2026-09-11,BOBA,-58301.63,-0.006429,-0.2332,0.007603,0.006761,0.017464,0.006834,-0.015919,0.030551,0.030532,0.109129
2026-09-11,CBBTC,-14828310.85,-0.001993,-0.9062,0.002104,-0.001619,-0.000546,0.024903,-0.019024,-0.002056,-0.002758,0.109129
2026-09-11,CBRSB,203087.62,0.072666,0.716,-0.001399,0.002115,-0.021659,-0.049246,-0.004685,0.099663,-0.260151,0.109129
2026-09-11,CBXRP,-54693.25,-0.000321,-1.0,0.007106,0.001277,-0.005601,0.086218,-0.046687,-0.001934,0.001311,0.109129
2026-09-11,CFG,-106882.08,-0.001761,-1.0,-0.009917,0.020416,0.024338,0.032753,-0.023896,0.003214,0.003528,0.109129
2026-09-11,COHRB,-19910.27,-0.005482,-0.2621,0.035487,0.000747,-0.028048,-0.115236,-0.047577,-0.048465,-0.097228,0.109129
2026-09-11,COINon,-12277.68,-0.001427,-1.0,0.014425,0.00241,-0.011622,0.09592,-0.062942,-0.006492,-0.006492,0.109129
2026-09-11,COMP,-976983.66,-0.004788,-1.0,-0.00176,-0.019422,-0.033623,-0.031824,-0.076663,-0.007183,-0.006026,0.109129
2026-09-11,CRDOB,30187.87,0.014808,0.3226,0.011499,0.002359,-0.025788,-0.069819,-0.008688,-0.076665,-0.166173,0.109129
2026-09-11,CREO,9610.9,0.011064,1.0,0.312798,0.379316,0.426478,0.535568,0.272553,0.037044,0.037044,0.109129
2026-09-11,CRO,-55823.1,-2e-05,-1.0,0.00348,0.039912,0.030066,0.063186,-0.009879,-6e-05,-6e-05,0.109129
2026-09-11,CRV,59544.15,0.000113,1.0,-0.004898,-0.016224,0.028346,0.05237,-0.08317,0.001637,0.001988,0.109129
2026-09-11,CRWVB,-33579.24,-0.034471,-0.3047,-0.003007,-0.001784,-0.034084,-0.063467,-0.062396,-0.081033,-0.372341,0.109129
2026-09-11,CVC,52153.27,0.002468,0.2974,0.000301,0.050582,0.714456,0.540992,0.240393,0.003616,0.001917,0.109129
2026-09-11,CYBER,174421.82,0.007965,1.0,-0.041356,0.004055,0.063935,0.040532,-0.059329,-0.012897,-0.015656,0.109129
2026-09-11,DELLB,40514.15,0.043112,0.2753,0.105535,-0.001773,-0.025788,-0.044589,-0.005204,0.035804,-0.147984,0.109129
2026-09-11,DOS,-572108.62,-0.013656,-1.0,0.032794,0.043032,0.044676,0.024459,-0.085112,-0.017609,-0.000942,0.109129
2026-09-11,EDGE,141832.22,0.000657,1.0,0.149874,-0.030369,-0.003633,-0.012801,-0.014564,0.012771,0.011916,0.109129
2026-09-11,EIGEN,103072.23,0.000521,1.0,-0.032518,-0.002055,-0.034349,-0.018883,-0.119351,0.00136,-0.003847,0.109129
2026-09-11,ELA,-35171.32,-0.004921,-0.1403,-0.00494,0.025413,0.000188,-0.018503,-0.08797,-0.011074,-0.005522,0.109129
2026-09-11,ENA,328268.1,0.000228,0.0903,-0.009026,-0.012123,-0.025566,0.038509,0.028192,0.001048,0.000794,0.109129
2026-09-11,ENS,-88056.85,-0.000363,-1.0,0.031205,0.007865,-0.009671,0.023157,-0.075101,-0.003816,-0.006565,0.109129
2026-09-11,ERA,48472.3,0.005675,0.1929,0.023088,0.018684,0.029548,0.035204,-0.038526,-0.008589,-0.046539,0.109129
2026-09-11,ETHFI,9423.26,1.4e-05,0.0371,-0.024698,0.043597,-0.070035,-0.051171,-0.152975,-0.000214,-0.006343,0.109129
2026-09-11,FARM,-42116.51,-0.010497,-1.0,0.071824,0.084135,0.007409,0.065688,0.025416,-0.01312,-0.006712,0.109129
2026-09-11,FET,49061.06,0.000127,0.1222,0.020391,-0.003682,0.022711,0.02173,-0.089227,-0.000675,-0.000449,0.109129
2026-09-11,FF,65557.34,0.000135,0.1784,-0.080178,-0.034523,-0.072334,-0.184854,-0.138388,0.002522,0.009739,0.109129
2026-09-11,FORT,-51665.53,-0.005393,-0.3891,0.012194,-0.004674,-0.014018,0.005972,-0.043888,0.000812,0.000812,0.109129
2026-09-11,FORTH,-14902.24,-0.004649,-0.2294,-0.031764,0.079233,1.15517,0.273644,0.227912,-0.030433,0.029311,0.109129
2026-09-11,GALA,97087.7,0.001158,1.0,-0.022254,0.003069,0.014646,0.043687,-0.058477,0.000582,0.001808,0.109129
2026-09-11,GFI,-6331.84,-0.002664,-1.0,-0.021846,0.015856,0.015297,0.021077,-0.056856,0.024467,0.024467,0.109129
2026-09-11,GHST,-37224.28,-0.010927,-0.638,0.024095,0.004135,-0.010374,-0.009906,-0.046684,-0.006602,-0.050005,0.109129
2026-09-11,GLWB,-86441.84,-0.067403,-1.0,0.017633,-0.024583,-0.054734,-0.130064,-0.13143,-0.103405,-0.14543,0.109129
2026-09-11,GROVE,5095.76,0.000883,1.0,-0.001627,0.006427,-0.002336,-0.003633,-0.045342,0.001428,-0.006133,0.109129
2026-09-11,GRVT,-767611.85,-0.038739,-1.0,0.024333,-0.009939,-0.008034,-0.009301,-0.039892,-0.048526,-0.046091,0.109129
2026-09-11,GTC,-7030.57,-0.001056,-0.3429,0.002537,0.02179,0.037703,0.032966,-0.024114,0.001978,0.001978,0.109129
2026-09-11,HFT,-13129.47,-0.002345,-0.091,-0.002787,0.009204,-0.000533,-0.034189,-0.105274,-0.01682,-0.076322,0.109129
2026-09-11,HOPR,-26323.14,-0.006719,-0.337,0.001084,0.000376,0.015683,0.037995,0.001401,-0.006797,-0.021247,0.109129
2026-09-11,IDEX,0.0,0.0,0.0,-0.024925,0.020576,0.047808,0.044989,-0.035872,0.00587,-0.045862,0.109129
2026-09-11,IMU,34712.76,0.015604,0.1705,0.029864,-0.021985,-0.033088,-0.040556,-0.068013,0.021278,0.024961,0.109129
2026-09-11,IMX,18446.72,7.6e-05,0.0462,-0.005293,0.000124,0.0252,0.032847,-0.034144,-0.000853,-0.001911,0.109129
2026-09-11,INTWB,-7320.05,-0.009405,-0.0439,0.048754,-0.014785,-0.071515,-0.104987,-0.045193,-0.192878,-0.276902,0.109129
2026-09-11,IRENB,-217152.09,-0.115683,-0.7824,-0.002235,-0.012468,-0.044315,-0.008304,-0.027325,-0.164386,-0.353609,0.109129
2026-09-11,JASMY,13618.85,6.9e-05,0.0255,0.022458,5.6e-05,-0.016182,-0.015887,-0.088715,0.007801,0.00741,0.109129
2026-09-11,KAIO,-85681.32,-0.008915,-0.8661,0.011129,-0.008368,-0.068894,-0.088118,0.007822,-0.004999,-0.009691,0.109129
2026-09-11,KORUB,12544.8,0.002947,1.0,0.091141,-0.000678,-0.037567,-0.185072,-0.21168,-0.079577,-0.079577,0.109129
2026-09-11,L3,61902.89,0.012989,0.3651,-0.022401,-0.028848,-0.02721,-0.0575,-0.012539,0.01409,0.032588,0.109129
2026-09-11,LA,124519.52,0.010118,1.0,0.033266,-0.003275,0.021577,0.110975,0.019383,0.044276,0.088984,0.109129
2026-09-11,LBTC,52616.14,5.8e-05,0.1461,-0.001061,0.00114,-0.000144,0.026194,-0.015872,-0.00046,-0.000412,0.109129
2026-09-11,LCX,465888.47,0.019703,0.3355,0.032506,-0.012286,-0.009561,0.026938,-0.036611,0.058548,0.035206,0.109129
2026-09-11,LINK,-623198.48,-7.2e-05,-0.5615,-0.000562,-0.01172,-0.017627,0.026195,-0.060125,-0.000102,-9.1e-05,0.109129
2026-09-11,LIT,217265.05,0.000194,0.2078,-0.010234,-0.052517,-0.063203,0.03151,-0.000394,0.000605,-0.001532,0.109129
2026-09-11,LITEB,223334.69,0.051974,0.4095,-0.008424,0.005087,-0.022708,-0.094809,-0.009868,0.114627,-0.221694,0.109129
2026-09-11,LMWR,5157.88,0.000817,1.0,-0.033815,-0.041194,-0.059434,-0.162678,-0.208471,0.018398,0.009585,0.109129
2026-09-11,LRDS,-9677.91,-0.013358,-1.0,-0.012549,-0.047917,-0.060325,-0.051028,-0.068134,0.011265,0.005709,0.109129
2026-09-11,MDT,-8030.59,-0.001531,-0.2011,-0.032521,0.17073,0.100722,0.039321,-0.026363,0.004505,-0.013028,0.109129
2026-09-11,METH,1733128.6,0.002815,1.0,0.043327,-0.016225,-0.022968,0.012131,-0.0616,0.021688,0.020239,0.109129
2026-09-11,MITO,83650.1,0.034014,0.1858,0.063734,0.037352,0.021976,0.061235,0.010444,0.315249,0.315249,0.109129
2026-09-11,MLN,9994.17,0.002217,0.1151,0.0014,-0.010559,-0.01772,-0.031013,0.110583,0.00346,0.00346,0.109129
2026-09-11,MNT,-62120.53,-3.2e-05,-1.0,0.021893,-0.027573,-0.036097,-0.017079,-0.07071,-0.000112,-0.003473,0.109129
2026-09-11,MORPHO,-33941.32,-2.8e-05,-0.2346,0.013716,-0.038367,-0.064852,-0.048786,-0.111005,0.003093,-0.000278,0.109129
2026-09-11,MRVLB,-222495.6,-0.02692,-0.3781,0.037463,-0.008104,-0.033636,-0.066035,-0.028726,-0.168989,-0.247512,0.109129
2026-09-11,MUUB,-27235.44,-0.00846,-0.5168,-0.006996,-0.011052,-0.074608,-0.1007,-0.105957,0.065053,-0.115203,0.109129
2026-09-11,MVLLB,-5920.71,-0.005046,-0.2488,0.075649,-0.014775,-0.065819,-0.133719,-0.065558,-0.10446,-0.241257,0.109129
2026-09-11,NBISB,-97600.29,-0.014635,-0.7161,-0.016029,-0.006406,-0.034901,-0.049707,-0.066474,-0.282356,-0.452605,0.109129
2026-09-11,NOKB,94915.43,0.048403,1.0,0.044475,-0.000128,-0.021913,-0.123474,-0.088404,0.228411,0.228411,0.109129
2026-09-11,NOM,198055.58,0.042526,0.3735,0.038034,-0.000149,0.004173,-0.006454,-0.044045,0.089455,0.116493,0.109129
2026-09-11,ONDO,-80634.98,-4.7e-05,-0.0435,0.016161,-0.014613,-0.008086,0.032973,-0.041698,-0.000818,-0.000314,0.109129
2026-09-11,ORCLB,335185.84,0.121236,0.7818,-0.020534,-0.004736,-0.011561,-0.036552,-0.04796,0.129772,0.138337,0.109129
2026-09-11,PAXG,-116127.47,-6.2e-05,-0.0313,0.005236,0.00116,-0.00025,-0.010449,-0.017333,3.2e-05,0.000861,0.109129
2026-09-11,PENDLE,34553.61,9.9e-05,0.0564,0.000109,0.081403,0.056549,0.174262,0.12248,-0.002789,-0.001952,0.109129
2026-09-11,PEPE,3426.56,3e-06,0.0041,-0.004505,0.036964,0.033673,0.085963,0.026362,-6e-05,0.000482,0.109129
2026-09-11,PIEVERSE,967.23,3e-06,0.0041,-0.010273,-0.003921,-0.037452,-0.047657,-0.040939,0.000254,0.000656,0.109129
2026-09-11,PLTRB,17481.41,0.009321,1.0,0.008919,0.002071,-0.015992,0.035564,0.038227,0.381657,0.417896,0.109129
2026-09-11,PLUME,18328.76,0.000216,0.1489,0.036864,-0.004194,-0.017219,0.00364,-0.087125,-0.001661,-0.001661,0.109129
2026-09-11,POL,-262153.41,-0.000255,-0.5371,0.028695,-0.000423,0.01375,0.019676,-0.037546,-0.000757,-0.000252,0.109129
2026-09-11,PRIME,-34826.73,-0.00442,-0.248,-0.011819,0.008693,0.013002,0.021807,0.012013,0.001033,-0.051332,0.109129
2026-09-11,PTB,-27533.85,-0.005051,-0.681,0.037311,0.004689,-0.020638,0.024253,-0.062338,-0.010979,-0.010979,0.109129
2026-09-11,QCOMB,-80647.68,-0.029098,-0.8689,0.027825,-0.003948,-0.013964,-0.007298,0.015615,-0.006217,0.030909,0.109129
2026-09-11,QNTB,25671.41,0.036668,1.0,0.008403,0.006174,-0.005042,0.013531,0.056813,0.048578,0.016022,0.109129
2026-09-11,RE,-185479.22,-0.002617,-1.0,0.029691,-0.009115,-0.032109,-0.020759,-0.016087,-0.003337,-0.006259,0.109129
2026-09-11,RKLBB,106301.64,0.038828,0.764,0.017542,-0.00259,-0.016193,-0.005732,0.001494,0.057372,0.161775,0.109129
2026-09-11,RLS,2073.04,0.000629,0.0154,0.008327,0.024434,0.063746,0.033316,0.047257,-0.022831,-0.022831,0.109129
2026-09-11,RPL,402.71,1e-05,0.0036,0.008185,0.028027,0.022249,0.015921,-0.069285,-0.001605,0.00078,0.109129
2026-09-11,SAND,-145688.81,-0.001398,-0.2597,0.003313,0.019475,0.013499,0.020002,-0.061289,0.009706,0.015112,0.109129
2026-09-11,SD,-37491.31,-0.004557,-0.1887,0.020439,-0.007543,-0.016167,0.010272,-0.069164,0.000336,-0.014488,0.109129
2026-09-11,SENT,-164254.88,-0.00162,-1.0,-0.001165,0.015017,0.03084,0.121856,0.077304,-0.007254,-0.009894,0.109129
2026-09-11,SHIB,65082.06,2.1e-05,1.0,0.016604,0.020827,0.01125,0.037635,-0.063698,-3.1e-05,-1.6e-05,0.109129
2026-09-11,SKY,1507837.95,0.001053,0.6276,0.009021,0.025567,0.032194,0.062687,-0.083354,0.001258,0.001336,0.109129
2026-09-11,SMCIB,-3571.25,-0.002163,-0.1202,0.063867,-0.002409,-0.009352,-0.074574,-0.082674,-0.182825,-0.453873,0.109129
2026-09-11,SMHB,10011.41,0.008687,1.0,0.014262,0.001015,-0.013993,-0.045316,-0.042566,-0.036103,0.012409,0.109129
2026-09-11,SNDKB,163028.33,0.004888,1.0,-0.038423,-0.002232,-0.040931,-0.045197,-0.069478,0.056788,0.073572,0.109129
2026-09-11,SNXXB,11966.11,0.002459,1.0,-0.070976,-0.004023,-0.081522,-0.092807,-0.139602,-0.271487,-0.360378,0.109129
2026-09-11,SOPH,-89242.2,-0.009875,-0.1462,-0.014689,0.040346,-0.042529,-0.086772,-0.084465,0.10548,0.072606,0.109129
2026-09-11,SPK,1186008.65,0.01976,1.0,0.034507,-0.011646,-0.02294,-0.027692,-0.088668,0.024749,0.014792,0.109129
2026-09-11,STO,-12569.9,-0.001421,-1.0,0.045077,0.012644,0.012009,0.009197,-0.049239,-6.2e-05,0.010595,0.109129
2026-09-11,STRK,91375.71,0.000438,0.0614,0.008372,-0.012765,-0.011553,0.022849,-0.080613,0.0038,0.002944,0.109129
2026-09-11,SWELL,-23508.32,-0.006243,-0.3344,-0.005518,-0.005758,-0.008266,-0.009026,-0.012378,-0.028686,-0.043794,0.109129
2026-09-11,SYRUP,-235.46,-1e-06,-0.0023,-0.001735,0.00248,-0.031414,-0.003223,-0.124574,0.003839,0.005807,0.109129
2026-09-11,TMX,-71462.38,-0.133026,-0.3907,0.007885,-0.018799,-0.032149,-0.09567,-0.031745,-0.184931,-0.164986,0.109129
2026-09-11,TQQQB,23719.45,0.011708,1.0,0.027248,-0.003636,-0.024128,-0.022892,-0.045563,-0.097947,-0.097947,0.109129
2026-09-11,TRAC,179734.99,0.001053,1.0,0.076446,-0.043658,-0.048204,-0.028175,-0.117219,0.002217,0.005101,0.109129
2026-09-11,TREE,18891.65,0.003084,0.0534,0.003519,0.121072,0.111861,0.119669,0.022937,0.043754,0.028954,0.109129
2026-09-11,TSMB,-42494.65,-0.010636,-1.0,0.00901,-0.003051,-0.01401,-0.031067,-0.037172,0.006517,-0.008722,0.109129
2026-09-11,UNI,-158947.05,-4.2e-05,-0.2294,0.000312,0.036669,0.026918,0.114618,0.045555,6.5e-05,-1.5e-05,0.109129
2026-09-11,USARB,31352.92,0.035261,0.7152,-0.030613,0.007773,-0.016736,0.011647,-0.030328,-0.053592,-0.124855,0.109129
2026-09-11,VIRTUAL,98922.66,0.000237,1.0,0.000571,-0.017125,-0.027192,0.000712,-0.070636,0.000403,0.0002,0.109129
2026-09-11,WBTC,-732266.94,-8.1e-05,-0.6206,0.003328,-0.00274,-0.000684,0.026718,-0.019003,-0.000105,0.00022,0.109129
2026-09-11,WDCB,174948.92,0.086869,0.4052,-0.026738,-0.004745,-0.017526,-0.038672,-0.068621,0.042877,-0.058877,0.109129
2026-09-11,WETH,-196754.94,-2.3e-05,-0.5599,0.031437,-0.00808,-0.013655,0.017877,-0.054516,-4.3e-05,-0.000788,0.109129
2026-09-11,WLD,49240.52,3.4e-05,0.0353,0.002572,-0.006157,-0.036848,-0.013463,-0.087638,0.0004,0.000659,0.109129
2026-09-11,WLFI,-96693.93,-5.6e-05,-0.1463,-0.039111,0.074126,0.056412,0.077946,0.056544,0.000434,0.005964,0.109129
2026-09-11,WSTETH,164567.95,1.4e-05,0.1519,0.031607,-0.007684,-0.01506,0.016811,-0.055529,3.1e-05,3e-05,0.109129
2026-09-11,XAUt,-499747.99,-0.000188,-0.2637,0.004489,0.000961,7.1e-05,-0.010508,-0.016983,-0.001522,-0.00038,0.109129
2026-09-11,XCN,661358.04,0.003775,1.0,0.168397,-0.063122,-0.096587,-0.080671,-0.121804,0.003588,0.001054,0.109129
2026-09-11,ZAMA,-52205.05,-0.000516,-1.0,-0.008406,0.05076,0.053916,0.025667,0.011454,0.000147,-0.000502,0.109129
2026-09-11,ZKC,-829.44,-5.6e-05,-0.0049,0.015201,0.013266,0.030436,0.026402,-0.186677,0.019257,0.004995,0.109129
2026-09-11,ZKJ,-62125.92,-0.013216,-1.0,0.043679,0.012197,0.102212,0.150628,0.140845,-0.000365,-0.000927,0.109129
2026-09-11,ZRO,136714.43,0.000366,1.0,-0.040296,0.020404,0.026726,0.02418,-0.016558,0.00015,-0.001304,0.109129
2026-09-11,cbETH,-128404.6,-0.000265,-0.3362,0.032079,-0.008819,-0.014047,0.016772,-0.054804,0.001469,0.005903,0.109129
2026-09-11,stETH,-2375653.0,-9.7e-05,-0.8982,0.032454,-0.00932,-0.014537,0.020107,-0.053053,-0.000103,-3.5e-05,0.109129
2026-09-12,AAOIB,-21705.29,-0.004819,-1.0,-0.009563,-0.02023,-0.078302,-0.08668,-0.062448,-0.123957,-0.182036,-0.015701
2026-09-12,AAVE,121886.69,6.3e-05,0.4653,0.012623,0.000693,0.054625,-0.018858,0.013984,-0.001397,-0.001946,-0.015701
2026-09-12,AIOZ,516811.53,0.005489,1.0,0.034397,-0.007051,0.004914,-0.09006,-0.053989,0.000185,0.000185,-0.015701
2026-09-12,ALLO,-98469.8,-0.002177,-1.0,0.004242,-0.033225,-0.014647,-0.069152,-0.095272,0.009931,0.011254,-0.015701
2026-09-12,API3,2770.88,0.000138,0.02,0.033595,0.049972,0.055398,-0.024684,-0.000867,-0.008569,0.005869,-0.015701
2026-09-12,ARKM,11893.42,0.000522,0.0727,-0.000654,0.026528,0.027605,-0.036429,-0.001157,0.010251,0.020312,-0.015701
2026-09-12,ARMB,-57361.41,-0.021324,-1.0,0.009255,-0.024286,-0.098085,-0.095856,-0.007081,-0.142928,0.34295,-0.015701
2026-09-12,AVGOB,-16351.74,-0.002464,-0.5969,-0.002949,-0.015354,-0.043033,-0.060696,-0.036298,-0.015529,-0.454122,-0.015701
2026-09-12,AXTIB,-54283.24,-0.01467,-1.0,-0.012144,-0.033818,-0.106817,-0.098338,0.054353,-0.095371,0.009995,-0.015701
2026-09-12,BAL,-14034.33,-0.001841,-1.0,-0.017085,0.019227,0.019154,0.008979,0.019848,-0.003127,-0.003124,-0.015701
2026-09-12,BEAM,618684.26,0.380518,0.3966,5.763705,-0.84241,-0.057723,-0.853111,0.25729,0.080281,1.234429,-0.015701
2026-09-12,BEB,-30974.93,-0.010725,-1.0,-0.00024,-0.039142,-0.063175,-0.058019,0.017268,-0.074425,-0.280683,-0.015701
2026-09-12,BILL,-16749.6,-0.000517,-0.059,-0.00945,-0.03028,-0.041711,-0.040881,0.016403,0.014191,0.066709,-0.015701
2026-09-12,BLUR,-262735.32,-0.005396,-1.0,-0.050581,0.076503,0.042398,-0.00684,0.017563,-0.009896,-0.005184,-0.015701
2026-09-12,BMNRB,-75224.76,-0.015897,-0.1037,-0.002418,-0.016766,0.042514,-0.055235,-0.045965,0.007697,-0.003043,-0.015701
2026-09-12,CBBTC,155715.88,2.1e-05,0.0491,-0.001619,0.001074,0.026565,-0.016164,-0.008172,-0.002043,-0.002902,-0.015701
2026-09-12,CBRSB,-17279.74,-0.006149,-0.2662,0.002115,-0.023724,-0.051253,-0.040098,0.014767,0.121413,-0.238535,-0.015701
2026-09-12,CBXRP,-50252.2,-0.000295,-1.0,0.001277,-0.006869,0.084833,-0.04747,-0.049578,-0.002229,0.001016,-0.015701
2026-09-12,CHZ,52988.42,0.000354,0.1022,0.024361,0.046556,0.032318,-0.023347,0.008156,-0.001552,0.000355,-0.015701
2026-09-12,COHRB,-22098.03,-0.006118,-1.0,0.000747,-0.028773,-0.115896,-0.11121,-0.032476,-0.052578,-0.049249,-0.015701
2026-09-12,COINB,-127104.91,-0.007883,-1.0,0.000813,-0.013586,0.094298,-0.017448,-0.010155,-0.015837,-0.021465,-0.015701
2026-09-12,COINon,17669.84,0.002051,1.0,0.00241,-0.013998,0.093285,-0.021192,-0.011809,0.001781,-0.00444,-0.015701
2026-09-12,COMP,-89078.85,-0.000445,-1.0,-0.019422,-0.014482,-0.012647,-0.053722,-0.025922,-0.007985,-0.005906,-0.015701
2026-09-12,CRCLB,-846857.14,-0.009172,-0.4824,0.000875,-0.003945,0.071648,-0.052676,-0.065936,-0.02619,-0.012403,-0.015701
2026-09-12,CREO,4516.2,0.003769,0.2639,0.379316,0.034192,0.113283,-0.028867,0.086184,0.040695,0.040813,-0.015701
2026-09-12,CRWVB,-25316.41,-0.026566,-1.0,-0.001784,-0.032358,-0.061793,-0.089113,-0.098633,-0.09006,-0.398907,-0.015701
2026-09-12,CTC,-241651.44,-0.0044,-0.4558,0.005119,0.073659,0.05581,-0.01207,-0.048855,-0.005697,-0.005697,-0.015701
2026-09-12,CYBER,685531.17,0.03118,0.8498,0.004055,0.059638,0.036329,-0.042205,-0.024807,0.023792,0.015524,-0.015701
2026-09-12,DELLB,-111549.9,-0.135077,-1.0,-0.001773,-0.024058,-0.042892,-0.035001,0.050713,-0.058527,-0.354276,-0.015701
2026-09-12,DOS,50122.66,0.001147,1.0,0.043032,0.001576,-0.017807,-0.0529,-0.081964,-0.018569,-0.000909,-0.015701
2026-09-12,ELA,-22681.7,-0.003095,-1.0,0.025413,-0.0246,-0.042827,-0.111775,-0.106431,-0.008962,-0.008617,-0.015701
2026-09-12,ENA,-647163.24,-0.000456,-0.8513,-0.012123,-0.013608,0.051253,0.001354,0.092857,0.000625,0.000603,-0.015701
2026-09-12,ERA,96658.06,0.011109,0.2634,0.018684,0.010664,0.016217,-0.03489,-0.011014,0.006377,-0.03543,-0.015701
2026-09-12,ETHFI,-64563.42,-9.3e-05,-1.0,0.043597,-0.108885,-0.090809,-0.17561,-0.148686,-1.6e-05,-0.006338,-0.015701
2026-09-12,EWYB,-465601.13,-0.051316,-1.0,6.1e-05,-0.012727,-0.061374,-0.063943,-0.032532,-0.121816,-0.236026,-0.015701
2026-09-12,FF,0.0,0.0,0.0,-0.034523,-0.039163,-0.155706,-0.056095,-0.128234,0.002382,0.006593,-0.015701
2026-09-12,FORTH,-19258.85,-0.005567,-0.5525,0.079233,0.996946,0.180138,0.329145,0.126895,-0.016874,0.023744,-0.015701
2026-09-12,GHST,-10343.06,-0.003024,-1.0,0.004135,-0.014449,-0.013983,0.026415,-0.044676,-0.012627,-0.053029,-0.015701
2026-09-12,GLWB,-5798.71,-0.004637,-1.0,-0.024583,-0.030911,-0.108139,-0.113481,-0.088403,-0.088546,-0.150066,-0.015701
2026-09-12,GROVE,0.0,0.0,0.0,0.006427,-0.008708,-0.009996,-0.031037,-0.032139,0.002517,-0.006133,-0.015701
2026-09-12,GRT,-68067.64,-0.000343,-1.0,0.020031,0.038666,0.025841,-0.032031,0.022142,-0.002209,0.003252,-0.015701
2026-09-12,GTC,-14226.97,-0.002091,-1.0,0.02179,0.015573,0.010938,-0.039956,-0.016255,-0.006819,-0.000113,-0.015701
2026-09-12,HFT,8126.3,0.001438,0.1455,0.009204,-0.009648,-0.042997,-0.080703,-0.07405,-0.016755,-0.074884,-0.015701
2026-09-12,HIGH,2483.58,0.000877,0.1862,-0.000168,-0.034179,0.000398,-0.069104,0.103188,0.018699,0.018699,-0.015701
2026-09-12,IMX,-76445.12,-0.000315,-1.0,0.000124,0.025073,0.032719,-0.004983,-0.00231,-0.001417,-0.002682,-0.015701
2026-09-12,INTWB,-26722.61,-0.036074,-1.0,-0.014785,-0.057582,-0.091556,-0.100372,0.130897,-0.088527,-0.312975,-0.015701
2026-09-12,IRENB,-74013.86,-0.041547,-1.0,-0.012468,-0.032249,0.004217,-0.038364,0.003969,-0.127613,-0.346457,-0.015701
2026-09-12,KORUB,-717822.05,-0.203012,-1.0,-0.000678,-0.036915,-0.184519,-0.194991,-0.115863,-0.259537,-0.282589,-0.015701
2026-09-12,L3,-57833.44,-0.012496,-0.3889,-0.028848,0.001686,-0.029504,0.085118,-0.106366,-0.011599,0.020226,-0.015701
2026-09-12,LCX,-916098.87,-0.039225,-1.0,-0.012286,0.002758,0.039711,-0.011036,-0.012111,0.019421,0.017062,-0.015701
2026-09-12,LDO,-54739.48,-0.000176,-1.0,0.005251,-0.015444,0.014061,-0.083735,-0.03851,-0.001715,-0.001703,-0.015701
2026-09-12,LINK,166499.69,1.9e-05,1.0,-0.01172,-0.005978,0.038364,-0.033969,-0.013939,-6.9e-05,-6.2e-05,-0.015701
2026-09-12,LIT,79713.27,7.5e-05,0.3628,-0.052517,-0.011278,0.088685,-0.017723,0.099742,-0.000436,-0.001466,-0.015701
2026-09-12,LITEB,-436658.37,-0.111563,-1.0,0.005087,-0.027655,-0.09939,-0.098885,-0.042865,0.038711,-0.310187,-0.015701
2026-09-12,LMWR,-39064.53,-0.006457,-0.1857,-0.041194,-0.019023,-0.126703,-0.152024,-0.169376,0.004571,0.003128,-0.015701
2026-09-12,MASK,-135674.35,-0.002896,-0.3695,0.058037,0.010194,0.001969,-0.092327,-0.077395,-0.009737,-0.014467,-0.015701
2026-09-12,MAVIA,36321.91,0.005226,1.0,0.031278,0.077646,0.096781,0.037018,0.027702,-0.009984,-0.006966,-0.015701
2026-09-12,MDT,-11579.15,-0.001885,-0.4607,0.17073,-0.059799,-0.112246,-0.124306,-0.095546,0.001741,-0.036864,-0.015701
2026-09-12,METH,4750804.07,0.00781,1.0,-0.016225,-0.006854,0.028824,-0.047401,-0.027732,0.026122,0.028049,-0.015701
2026-09-12,MITO,5842.56,0.00229,0.0702,0.037352,-0.014822,0.023024,-0.014785,-0.003925,0.142804,0.317539,-0.015701
2026-09-12,MLN,-27011.79,-0.006056,-1.0,-0.010559,-0.007238,-0.020673,-0.025201,-0.027056,-0.008807,-0.002596,-0.015701
2026-09-12,MNT,59818.75,3.2e-05,1.0,-0.027573,-0.008765,0.010792,-0.051433,-0.003119,-7.4e-05,-0.003344,-0.015701
2026-09-12,MORPHO,-164804.99,-0.000142,-1.0,-0.038367,-0.027542,-0.010835,-0.05505,-0.006132,0.001702,-0.000309,-0.015701
2026-09-12,MRVLB,-245754.8,-0.030937,-1.0,-0.008104,-0.025741,-0.058405,-0.052899,0.030665,-0.19904,-0.285192,-0.015701
2026-09-12,MVLLB,-42478.24,-0.038131,-1.0,-0.014775,-0.05181,-0.120727,-0.11003,0.047424,-0.122754,-0.279388,-0.015701
2026-09-12,NBISB,-151102.5,-0.023268,-1.0,-0.006406,-0.028679,-0.04358,-0.07082,-0.024296,-0.306659,-0.354292,-0.015701
2026-09-12,NOKB,-57533.68,-0.030207,-1.0,-0.000128,-0.021788,-0.123361,-0.112301,-0.040857,0.198204,0.198204,-0.015701
2026-09-12,NOM,0.0,0.0,0.0,-0.000149,0.004323,-0.006306,-0.034046,-0.003852,0.088033,0.116493,-0.015701
2026-09-12,ONDO,-196109.11,-0.000116,-0.5753,-0.014613,0.006624,0.048292,-0.03656,0.074551,-0.000707,-0.00067,-0.015701
2026-09-12,ORCLB,-131115.81,-0.049035,-0.7576,-0.004736,-0.006858,-0.031967,-0.060791,0.007423,0.106129,0.089302,-0.015701
2026-09-12,PAXG,-1339602.17,-0.000711,-0.773,0.00116,-0.001409,-0.011596,-0.013865,-0.002769,-0.00076,0.00015,-0.015701
2026-09-12,PENDLE,-50061.7,-0.000133,-1.0,0.081403,-0.022984,0.085868,0.040643,0.05642,-0.002624,-0.002171,-0.015701
2026-09-12,PEPE,-27492.78,-1.9e-05,-0.0592,0.036964,-0.003173,0.047253,-0.014234,0.060681,6.8e-05,0.000375,-0.015701
2026-09-12,PLUME,-135247.95,-0.001597,-1.0,-0.004194,-0.01308,0.007867,-0.036543,-0.022488,-0.004875,-0.003258,-0.015701
2026-09-12,PRIME,3509.18,0.000442,0.226,0.008693,0.004272,0.013001,-0.001357,0.011955,0.001475,-0.05089,-0.015701
2026-09-12,PROM,283043.75,0.002651,0.7383,0.125024,-0.01934,-0.037003,-0.034652,-0.067705,0.005812,0.013034,-0.015701
2026-09-12,QCOMB,-16488.73,-0.006008,-1.0,-0.003948,-0.010056,-0.003364,0.035649,0.043749,-0.012225,-0.006441,-0.015701
2026-09-12,QNTB,-27993.57,-0.041123,-1.0,0.006174,-0.011148,0.007311,-0.015145,0.110166,-0.012928,-0.025101,-0.015701
2026-09-12,RED,484.84,7e-06,0.0033,0.025448,0.007455,0.085394,0.030999,-0.005883,0.00134,0.008662,-0.015701
2026-09-12,RESOLV,8818.0,0.001081,1.0,0.020157,-0.005331,-0.018502,-0.076783,-0.051877,0.00402,-0.006936,-0.015701
2026-09-12,RKLBB,-34582.83,-0.012758,-1.0,-0.00259,-0.013638,-0.00315,0.010002,0.075266,0.079576,0.149017,-0.015701
2026-09-12,RLS,4983.29,0.001476,0.0518,0.024434,0.038374,0.00867,0.022721,0.013821,0.003891,-0.021355,-0.015701
2026-09-12,SD,18184.74,0.002227,0.3084,-0.007543,-0.008689,0.017951,-0.070313,-0.023141,0.002098,-0.01226,-0.015701
2026-09-12,SHIB,72676.18,2.3e-05,0.3831,0.020827,-0.009382,0.016465,-0.053244,-0.028532,-3.3e-05,-1.8e-05,-0.015701
2026-09-12,SKHYon,5021.59,0.003291,1.0,-0.004152,-0.043748,-0.068373,-0.077394,-0.03393,0.02402,0.023515,-0.015701
2026-09-12,SKY,153138.46,0.000104,0.2106,0.025567,0.006461,0.036194,-0.015795,-0.060805,0.001277,0.001567,-0.015701
2026-09-12,SMCIB,-10741.76,-0.006521,-1.0,-0.002409,-0.00696,-0.072339,-0.10486,0.011718,-0.052966,-0.460395,-0.015701
2026-09-12,SMHB,-6619.13,-0.005766,-1.0,0.001015,-0.014993,-0.046284,-0.048022,-0.014826,-0.005415,-0.016773,-0.015701
2026-09-12,SNDKB,-636583.67,-0.019437,-1.0,-0.002232,-0.038786,-0.043061,-0.059339,-0.007711,0.033369,0.054135,-0.015701
2026-09-12,SNXXB,-216285.4,-0.046514,-0.9536,-0.004023,-0.077812,-0.089142,-0.120545,-0.024849,5.8e-05,-0.406893,-0.015701
2026-09-12,SOPH,-62833.55,-0.006683,-0.152,0.040346,-0.079662,-0.122188,-0.219698,-0.183552,0.007382,0.065922,-0.015701
2026-09-12,SPX,-15890.15,-3.5e-05,-0.0974,0.001344,0.002441,0.064265,-0.05362,-0.056701,8.3e-05,-0.00036,-0.015701
2026-09-12,STO,8823.16,0.000985,0.3438,0.012644,-0.000627,-0.003404,-0.052949,-0.027941,-0.000504,0.009058,-0.015701
2026-09-12,STRK,-670528.7,-0.003252,-0.6985,-0.012765,0.001228,0.036075,-0.050117,-0.01405,-0.00067,-0.00055,-0.015701
2026-09-12,SYRUP,53104.94,0.000203,0.322,0.00248,-0.03381,-0.005688,-0.09237,-0.065479,0.003401,0.00289,-0.015701
2026-09-12,TMX,-26469.91,-0.050217,-0.2612,-0.018799,-0.013606,-0.078343,0.069861,-0.028378,-0.235148,-0.215203,-0.015701
2026-09-12,TQQQB,-211203.86,-0.114045,-0.7119,-0.003636,-0.020567,-0.019327,-0.042873,0.010199,-0.15805,-0.211992,-0.015701
2026-09-12,TRAC,-53278.74,-0.000326,-1.0,-0.043658,-0.004754,0.01619,-0.056208,0.004083,0.002469,0.004065,-0.015701
2026-09-12,TREE,46642.64,0.006793,0.1424,0.121072,-0.008217,-0.001252,-0.083919,-0.109252,0.033935,0.035747,-0.015701
2026-09-12,TSMB,-39884.37,-0.010099,-1.0,-0.003051,-0.010992,-0.028101,-0.04061,-0.006663,-0.036325,-0.018822,-0.015701
2026-09-12,UNI,731856.08,0.000187,0.845,0.036669,-0.009406,0.075192,0.013281,0.212696,0.000262,0.000172,-0.015701
2026-09-12,WBETH,72387.0,8e-06,1.0,-0.008514,-0.004832,0.032068,-0.041268,-0.026581,-0.0003,-0.000246,-0.015701
2026-09-12,WBTC,-72796.03,-8e-06,-1.0,-0.00274,0.002062,0.029539,-0.01542,-0.00767,-0.000122,0.000213,-0.015701
2026-09-12,WDCB,-7039.09,-0.003457,-1.0,-0.004745,-0.012841,-0.034088,-0.07674,-0.047836,0.072911,-0.061389,-0.015701
2026-09-12,WETH,-4274788.88,-0.000502,-1.0,-0.00808,-0.00562,0.026168,-0.044586,-0.02805,-0.000566,-0.001291,-0.015701
2026-09-12,WLD,-238133.9,-0.000163,-0.3897,-0.006157,-0.030882,-0.007352,-0.082074,-0.05178,0.000566,0.000306,-0.015701
2026-09-12,WLFI,69902.63,3.8e-05,1.0,0.074126,-0.016492,0.003557,-0.016301,-0.001506,0.000294,0.000564,-0.015701
2026-09-12,WSTETH,0.0,0.0,0.0,-0.007684,-0.007433,0.024685,-0.044887,-0.027084,1.2e-05,3e-05,-0.015701
2026-09-12,XAUt,-203079.84,-7.6e-05,-0.4107,0.000961,-0.000889,-0.011458,-0.013187,-0.00155,-0.001641,-0.000599,-0.015701
2026-09-12,ZKJ,1783.41,0.000375,0.0269,0.012197,0.08893,0.136763,0.115817,0.112175,0.003687,-0.000581,-0.015701
2026-09-12,ZRO,66961.01,0.000176,0.1059,0.020404,0.006196,0.0037,-0.049038,0.052535,0.00044,-0.00048,-0.015701
2026-09-12,cbETH,-315619.53,-0.000658,-1.0,-0.008819,-0.005274,0.025819,-0.044532,-0.027188,0.000541,0.003051,-0.015701
2026-09-12,stETH,134818.9,6e-06,0.3007,-0.00932,-0.005266,0.029703,-0.044676,-0.027342,-0.000114,-2.4e-05,-0.015701
2026-09-13,AAVE,56478.9,2.9e-05,0.3377,0.000693,0.053894,-0.019538,-0.07593,0.098864,-0.001567,-0.002029,-0.035779
2026-09-13,AIOZ,543281.79,0.00581,1.0,-0.007051,0.01205,-0.083598,-0.095601,0.084471,0.005995,0.005995,-0.035779
2026-09-13,ALCX,37995.12,0.006821,1.0,-0.006062,0.007349,-0.011609,-0.015299,-0.019093,0.012506,0.020648,-0.035779
2026-09-13,AMDon,6065.89,0.00074,1.0,-0.029316,-0.015081,0.004914,0.01911,0.103209,-0.005446,-0.010178,-0.035779
2026-09-13,API3,-105172.28,-0.004972,-1.0,0.049972,0.005167,-0.071103,-0.081197,0.003273,-0.013541,0.000897,-0.035779
2026-09-13,ARKM,-148183.46,-0.006336,-1.0,0.026528,0.001049,-0.061331,-0.082259,0.050457,0.005599,0.008035,-0.035779
2026-09-13,ASMLB,-9921.57,-0.002868,-1.0,-0.006262,-0.062094,-0.058089,-0.054044,-0.015579,-0.416367,0.89391,-0.035779
2026-09-13,ATH,159606.59,0.001674,1.0,0.027708,-0.021603,-0.10767,-0.114205,0.040242,-0.004326,-0.004227,-0.035779
2026-09-13,AVGOB,13901.91,0.002126,1.0,-0.015354,-0.028111,-0.046049,-0.045773,0.00446,-0.069323,-0.199086,-0.035779
2026-09-13,AVGOon,17871.14,0.003991,0.3173,-0.013552,-0.032661,-0.050989,-0.052802,-0.000387,0.01499,0.009871,-0.035779
2026-09-13,AVT,15832.84,0.012984,1.0,0.035414,-0.040065,-0.099624,-0.15617,-0.013149,-0.003014,0.002782,-0.035779
2026-09-13,AXS,118339.56,0.000712,0.2597,0.029472,0.011673,-0.041766,-0.056303,0.06629,-0.00032,0.000458,-0.035779
2026-09-13,BEAM,-60846.74,-0.000698,-0.0131,-0.84241,4.979287,-0.067905,6.087939,6.806317,0.387244,1.233731,-0.035779
2026-09-13,BLUR,-268363.56,-0.005119,-1.0,0.076503,-0.031681,-0.07742,-0.069689,-0.002545,-0.013458,-0.010162,-0.035779
2026-09-13,BMNRB,7165.4,0.001539,1.0,-0.016766,0.060291,-0.039125,-0.076965,0.057405,-0.011074,-0.001243,-0.035779
2026-09-13,BOBA,88514.12,0.009594,1.0,0.010631,-0.010448,-0.026411,-0.03281,0.005064,0.010734,0.040125,-0.035779
2026-09-13,CBBTC,402143.66,5.4e-05,1.0,0.001074,0.025463,-0.01722,-0.018487,0.048412,-0.001996,-0.002829,-0.035779
2026-09-13,CBXRP,181623.34,0.001062,0.2817,-0.006869,0.092337,-0.040881,-0.041317,0.033447,-0.000389,0.00168,-0.035779
2026-09-13,CHZ,-99857.91,-0.000638,-0.141,0.046556,-0.013605,-0.066794,-0.081849,-0.007117,-0.00219,-0.003566,-0.035779
2026-09-13,CRCLB,-129823.44,-0.001411,-1.0,-0.003945,0.075893,-0.048924,-0.110989,0.014999,-0.028206,-0.015251,-0.035779
2026-09-13,CREO,-8027.51,-0.006478,-0.1402,0.034192,0.076475,-0.060975,-0.107906,0.079531,0.034217,0.034335,-0.035779
2026-09-13,CRO,-169705.2,-6e-05,-1.0,-0.009468,0.032153,-0.037068,-0.038779,0.029708,-0.00012,-0.00012,-0.035779
2026-09-13,CRV,-98862.22,-0.000182,-1.0,0.045306,0.023362,-0.045628,-0.108442,-0.01642,-8.4e-05,0.001806,-0.035779
2026-09-13,CTC,-5.24,-0.0,-0.0,0.073659,-0.016624,-0.079848,-0.136702,-0.054505,-0.005697,-0.005697,-0.035779
2026-09-13,CYBER,160180.81,0.006875,0.5606,0.059638,-0.021997,-0.096111,-0.115856,0.010581,0.040585,0.022399,-0.035779
2026-09-13,EIGEN,116861.08,0.000611,1.0,-0.03236,0.016015,-0.061865,-0.088026,0.127122,0.000127,0.00374,-0.035779
2026-09-13,ELA,11703.11,0.001637,1.0,-0.0246,-0.018687,-0.089374,-0.088141,-0.031996,-0.0074,-0.00698,-0.035779
2026-09-13,ENA,53467.4,3.8e-05,0.1734,-0.013608,0.065756,0.015169,0.055168,0.204559,-0.000349,0.000828,-0.035779
2026-09-13,ENS,57919.82,0.000241,1.0,-0.017399,0.033149,-0.045762,-0.066069,0.104619,-0.003076,-0.005943,-0.035779
2026-09-13,ERA,115691.29,0.013156,0.3247,0.010664,0.005494,-0.045074,-0.06612,0.023287,0.020528,-0.022274,-0.035779
2026-09-13,FARM,113470.37,0.028073,1.0,-0.070772,0.05785,-0.002848,0.017875,0.069674,0.015474,0.021361,-0.035779
2026-09-13,FF,0.0,0.0,0.0,-0.039163,-0.121293,-0.017622,-0.071204,-0.131848,0.001732,0.005855,-0.035779
2026-09-13,FLOKI,110398.68,0.00047,1.0,-0.003663,0.024045,-0.041857,-0.063902,0.047978,-0.000586,0.000957,-0.035779
2026-09-13,FORT,42756.6,0.004526,1.0,-0.009387,0.020274,-0.022337,-0.030295,0.026786,0.006221,0.005339,-0.035779
2026-09-13,FORTH,-7858.62,-0.001138,-1.0,0.996946,-0.409029,-0.334411,-0.430248,-0.395763,-0.01561,0.022607,-0.035779
2026-09-13,GFI,12877.86,0.005337,1.0,-0.00055,0.005692,-0.034422,-0.071066,0.021339,0.029804,0.029804,-0.035779
2026-09-13,GHST,8073.64,0.002395,1.0,-0.014449,0.000473,0.041463,-0.036691,-0.030049,-0.019116,-0.050634,-0.035779
2026-09-13,GROVE,6984.78,0.001213,1.0,-0.008708,-0.0013,-0.022525,-0.043107,-0.024177,0.005714,-0.004921,-0.035779
2026-09-13,GRT,940133.48,0.004567,1.0,0.038666,-0.012347,-0.068065,-0.079215,0.067676,0.00283,0.00766,-0.035779
2026-09-13,GRVT,-197997.69,-0.010073,-1.0,0.001924,-0.001277,-0.017625,-0.032116,0.071987,-0.046636,-0.056165,-0.035779
2026-09-13,GTC,-13357.32,-0.001933,-1.0,0.015573,-0.004564,-0.054678,-0.059571,0.03055,-0.007152,-0.002046,-0.035779
2026-09-13,HFT,57379.22,0.010252,0.8296,-0.009648,-0.033674,-0.071747,-0.104797,-0.019188,-0.006503,-0.064632,-0.035779
2026-09-13,HIGH,24030.69,0.00879,0.149,-0.034179,0.035801,-0.036161,0.217519,0.142288,0.003312,0.027489,-0.035779
2026-09-13,HOPR,27592.08,0.006934,1.0,0.015301,0.021968,0.000372,-0.014062,0.032689,-0.000503,-0.014313,-0.035779
2026-09-13,IMU,9837.04,0.004573,0.4356,-0.011353,-0.007723,-0.017308,-0.03612,-0.032268,0.022346,0.029534,-0.035779
2026-09-13,IMX,21629.28,8.7e-05,0.1679,0.025073,0.007459,-0.029321,-0.057885,0.044646,-0.001818,-0.002973,-0.035779
2026-09-13,IRENB,13935.3,0.008037,1.0,-0.032249,0.037681,-0.006319,0.017778,0.113916,-0.117166,-0.309687,-0.035779
2026-09-13,KAIO,5035.37,0.000563,1.0,-0.061037,-0.020647,-0.011675,0.082392,0.019664,-0.007359,-0.009128,-0.035779
2026-09-13,L3,48865.04,0.01054,0.6828,0.001686,-0.031137,0.083291,0.015082,-0.067865,0.010682,0.021678,-0.035779
2026-09-13,LA,63889.21,0.005082,0.3879,0.024933,0.087511,-0.060031,-0.002147,0.082751,0.025403,0.079036,-0.035779
2026-09-13,LCX,468470.02,0.020004,1.0,0.002758,0.036851,-0.013756,-0.027311,0.030225,0.020166,0.039882,-0.035779
2026-09-13,LDO,-71008.99,-0.000232,-1.0,-0.015444,0.029967,-0.069362,-0.066838,0.081724,-0.001746,-0.002688,-0.035779
2026-09-13,LINK,-418501.18,-4.9e-05,-1.0,-0.005978,0.044608,-0.02816,-0.04326,0.082365,-0.000118,-0.000154,-0.035779
2026-09-13,LIT,-54573.41,-5.2e-05,-1.0,-0.011278,0.101103,-0.006519,0.067046,0.158997,-0.000968,-0.001522,-0.035779
2026-09-13,LPT,52271.89,0.000752,1.0,0.021917,0.023522,-0.051001,-0.064369,0.110396,-0.00243,-0.004291,-0.035779
2026-09-13,MAVIA,47202.78,0.006303,0.6081,0.077646,0.017757,-0.0377,-0.050725,0.041487,0.001086,-0.000664,-0.035779
2026-09-13,MDT,135028.4,0.023383,1.0,-0.059799,-0.055783,-0.06861,-0.115456,-0.034128,0.021962,-0.013481,-0.035779
2026-09-13,METH,3259636.04,0.005353,1.0,-0.006854,0.035924,-0.040826,-0.039541,0.046396,0.031314,0.033933,-0.035779
2026-09-13,MITO,64561.4,0.025688,0.5285,-0.014822,0.038415,3.8e-05,-0.011284,0.138509,0.167999,0.343227,-0.035779
2026-09-13,MLN,20009.54,0.004519,1.0,-0.007238,-0.013533,-0.018095,0.130617,-0.006694,-0.003955,0.001923,-0.035779
2026-09-13,MNT,-74636.57,-4e-05,-1.0,-0.008765,0.019731,-0.043046,-0.035909,0.106933,-8.2e-05,-0.003343,-0.035779
2026-09-13,MORPHO,65267.3,5.8e-05,0.3914,-0.027542,0.01718,-0.028287,-0.049354,0.10496,-1e-06,-0.000166,-0.035779
2026-09-13,MUUB,18062.31,0.006024,1.0,-0.064267,-0.028195,-0.028887,-0.033876,0.151751,0.067979,-0.06378,-0.035779
2026-09-13,MVLLB,10257.03,0.009643,1.0,-0.05181,-0.072684,-0.061402,0.00028,0.107331,-0.024817,-0.319886,-0.035779
2026-09-13,NOM,-12322.44,-0.002635,-0.1793,0.004323,-0.010583,-0.038203,-0.048018,0.027478,0.040066,0.113859,-0.035779
2026-09-13,ORCLB,-7020.93,-0.002647,-1.0,-0.006858,-0.025283,-0.054305,-0.036825,-0.004467,0.068255,0.086655,-0.035779
2026-09-13,PAXG,122795.48,6.5e-05,1.0,-0.001409,-0.010201,-0.012474,-0.017087,0.004721,-0.000825,0.000184,-0.035779
2026-09-13,PENDLE,51208.89,0.000139,0.2285,-0.022984,0.111412,0.065123,0.062402,0.228579,0.000235,-0.002032,-0.035779
2026-09-13,PEPE,220778.83,0.000157,1.0,-0.003173,0.050587,-0.011096,-0.007074,0.126695,8e-05,0.000334,-0.035779
2026-09-13,PLUME,-192738.11,-0.002307,-1.0,-0.01308,0.021225,-0.023774,-0.071131,0.081843,-0.004371,-0.005565,-0.035779
2026-09-13,POL,-93490.18,-9e-05,-1.0,0.014179,0.005845,-0.029794,-0.0506,0.119287,-0.000582,-0.000882,-0.035779
2026-09-13,PRIME,-4625.66,-0.00058,-0.082,0.004272,0.008692,-0.005605,-0.000976,0.039789,-0.002443,-0.05147,-0.035779
2026-09-13,PROM,278557.41,0.002661,1.0,-0.01934,-0.018011,-0.015614,-0.076835,-0.1216,0.009007,0.012275,-0.035779
2026-09-13,PTB,-13911.08,-0.002605,-1.0,-0.025209,0.045838,0.009154,-0.042579,0.025271,-0.013775,-0.013585,-0.035779
2026-09-13,RED,143131.55,0.002133,1.0,0.007455,0.077361,0.023369,-0.032513,0.104502,0.004622,0.013067,-0.035779
2026-09-13,RLS,8197.92,0.002338,0.0377,0.038374,-0.028606,-0.015075,-0.015501,0.017811,0.002137,-0.019016,-0.035779
2026-09-13,RPL,-192.88,-5e-06,-0.0016,-0.00562,-0.006191,-0.063475,-0.089542,0.029426,-0.001599,0.000762,-0.035779
2026-09-13,SD,40882.28,0.005051,0.3503,-0.008689,0.026873,-0.062164,-0.053868,0.01051,0.007168,-0.001568,-0.035779
2026-09-13,SKHYon,10498.23,0.007045,1.0,-0.043748,-0.025752,-0.035186,-0.035963,0.04127,0.006592,0.030561,-0.035779
2026-09-13,SNXXB,12059.6,0.002789,1.0,-0.077812,-0.012286,-0.046339,-0.063235,0.276239,-0.015579,-0.404103,-0.035779
2026-09-13,SOPH,-54138.67,-0.006257,-0.1642,-0.079662,-0.046208,-0.152158,-0.043799,-0.075406,0.001125,0.075484,-0.035779
2026-09-13,STRK,399862.9,0.001937,1.0,0.001228,0.034804,-0.051281,-0.069867,0.438647,0.002341,0.000814,-0.035779
2026-09-13,TMX,43114.02,0.082922,1.0,-0.013606,-0.06563,0.084618,0.000418,0.01462,-0.152227,-0.132282,-0.035779
2026-09-13,TRAC,171899.5,0.001058,1.0,-0.004754,0.021044,-0.051701,-0.07251,0.038304,0.003525,0.003807,-0.035779
2026-09-13,TREE,-59539.99,-0.008743,-0.1153,-0.008217,0.007023,-0.076329,-0.079977,-0.023122,0.028527,0.027004,-0.035779
2026-09-13,TSMB,-5003.22,-0.001278,-1.0,-0.010992,-0.0173,-0.029948,-0.023491,0.009394,0.001519,-0.0201,-0.035779
2026-09-13,UNI,0.0,0.0,0.0,-0.009406,0.085402,0.022902,0.018149,0.444912,0.000163,0.000168,-0.035779
2026-09-13,WBETH,-336897.31,-3.6e-05,-1.0,-0.004832,0.037079,-0.036613,-0.038891,0.053609,-0.000325,-0.000271,-0.035779
2026-09-13,WBTC,-254769.37,-2.8e-05,-1.0,0.002062,0.027421,-0.017446,-0.018332,0.049814,-0.000125,-7.9e-05,-0.035779
2026-09-13,WLD,1984993.3,0.001426,0.6987,-0.030882,0.02428,-0.052823,-0.052733,0.082639,0.002134,0.001623,-0.035779
2026-09-13,WSTETH,-88005.59,-7e-06,-1.0,-0.007433,0.032358,-0.037735,-0.041088,0.053199,5e-06,2.2e-05,-0.035779
2026-09-13,XAUt,1665.72,1e-06,0.0041,-0.000889,-0.010578,-0.012308,-0.017052,0.006652,-0.000862,-0.000927,-0.035779
2026-09-13,XCN,60382.88,0.000381,1.0,-0.03572,0.017617,0.043004,-0.027913,0.05854,0.004855,0.002485,-0.035779
2026-09-13,ZAMA,0.0,0.0,0.0,0.003004,-0.026804,-0.038979,-0.04029,0.237125,-7.2e-05,-0.000502,-0.035779
2026-09-13,ZKC,5712.96,0.000374,0.0207,0.016946,-0.003915,-0.17728,-0.2107,-0.160688,0.019053,0.008671,-0.035779
2026-09-13,ZKJ,123439.03,0.023824,0.6417,0.08893,0.043926,0.02469,0.03505,0.046213,0.029528,0.023406,-0.035779
2026-09-13,ZRO,70371.4,0.000183,1.0,0.006196,-0.00248,-0.054893,-0.042157,0.106447,0.000786,-0.00058,-0.035779
2026-09-13,cbETH,359476.45,0.000753,1.0,-0.005274,0.031258,-0.039466,-0.041338,0.051066,0.001294,0.003713,-0.035779
2026-09-14,AAOIB,38527.74,0.00919,0.5327,-0.059272,-0.009089,0.001687,0.017201,0.09639,-0.104449,-0.172847,-0.032821
2026-09-14,AAVE,3009746.52,0.001467,0.8726,0.053894,-0.069677,-0.123186,-0.038536,0.072927,-6.2e-05,-0.000594,-0.032821
2026-09-14,AERGO,0.0,0.0,0.0,0.002216,0.027338,0.030163,0.039814,0.049445,0.001661,0.004933,-0.032821
2026-09-14,ALCX,-248.77,-4.4e-05,-0.0035,0.007349,-0.01882,-0.022483,-0.048716,-0.018144,0.0069,0.020846,-0.032821
2026-09-14,ALLO,166525.13,0.003736,1.0,0.019216,-0.055315,-0.08926,-0.081823,0.067376,0.008917,0.006642,-0.032821
2026-09-14,ALT,115655.15,0.022785,0.7448,0.048543,-0.056569,-0.067654,-0.079075,0.079337,0.028724,0.162446,-0.032821
2026-09-14,AMATB,-22708.93,-0.010292,-0.3335,-0.06214,-0.012049,-0.027753,-0.018825,0.040951,0.039613,0.147006,-0.032821
2026-09-14,AMDon,-40640.45,-0.00499,-1.0,-0.015081,0.020301,0.034714,0.102288,0.120872,-0.009263,-0.014395,-0.032821
2026-09-14,AMZNB,27881.36,0.015798,1.0,-0.001484,-0.022045,-0.030646,-0.009091,0.002743,-0.07889,-0.038785,-0.032821
2026-09-14,ARMB,-35119.21,-0.014641,-1.0,-0.075635,0.002472,0.012873,0.1009,0.141401,-0.150247,-0.225452,-0.032821
2026-09-14,ASMLB,59394.72,0.017807,1.0,-0.062094,0.00427,0.008583,0.028544,0.056079,-0.324224,0.417374,-0.032821
2026-09-14,ATH,-91398.86,-0.00098,-0.3338,-0.021603,-0.087967,-0.094647,-0.050457,0.157935,0.002338,-0.005207,-0.032821
2026-09-14,AVGOB,1699341.98,0.210474,0.8989,-0.028111,-0.018458,-0.018174,0.007037,0.031721,0.134181,0.21284,-0.032821
2026-09-14,AVGOon,-44437.17,-0.01017,-1.0,-0.032661,-0.018947,-0.020821,0.008132,0.034266,0.004681,0.007467,-0.032821
2026-09-14,AVT,81.99,7e-05,0.0023,-0.040065,-0.062045,-0.120951,-0.045596,-0.044672,-0.002224,-0.00243,-0.032821
2026-09-14,AXS,-70190.18,-0.000418,-0.2195,0.011673,-0.052822,-0.067192,-0.025994,0.061069,0.000452,-0.001161,-0.032821
2026-09-14,AXTIB,-1767.29,-0.000534,-0.0369,-0.075554,0.009492,0.117512,0.180444,0.207097,-0.095075,-0.031091,-0.032821
2026-09-14,BAL,48665.57,0.006265,1.0,-7.1e-05,-0.009984,-0.014451,0.00068,0.047269,0.003267,0.00314,-0.032821
2026-09-14,BEB,-45630.36,-0.017084,-0.3585,-0.025013,0.005505,0.044491,0.085868,0.042802,-0.096871,-0.297767,-0.032821
2026-09-14,BLUR,-72634.68,-0.00143,-0.3724,-0.031681,-0.047236,-0.039252,-0.023825,0.075829,-0.011307,-0.010184,-0.032821
2026-09-14,BMNRB,33915.44,0.006702,1.0,0.060291,-0.093763,-0.129451,-0.084871,-0.001888,-0.005592,0.03544,-0.032821
2026-09-14,BOBA,-32291.66,-0.003537,-0.3924,-0.010448,-0.016131,-0.022598,-0.000453,0.042511,0.004676,0.036588,-0.032821
2026-09-14,CBBTC,544573.92,7.2e-05,0.3897,0.025463,-0.041623,-0.042859,-0.033838,0.027156,-0.001876,-0.002205,-0.032821
2026-09-14,CBRSB,-2556.11,-0.000955,-0.0303,-0.028198,0.011758,0.04687,0.069586,0.082202,0.091537,-0.247918,-0.032821
2026-09-14,CBXRP,-481524.72,-0.002578,-0.4526,0.092337,-0.121957,-0.122356,-0.123901,-0.03428,-0.002561,-0.001525,-0.032821
2026-09-14,CFG,0.0,0.0,0.0,0.008216,-0.049392,-0.054852,0.06951,0.16494,0.001269,0.003528,-0.032821
2026-09-14,CHZ,-50051.42,-0.000324,-0.3278,-0.013605,-0.053923,-0.069185,-0.023406,0.047078,-0.002515,-0.003514,-0.032821
2026-09-14,COHRB,-6400.52,-0.002004,-0.0559,-0.089704,0.0053,0.07647,0.094355,0.169586,-0.056576,-0.054716,-0.032821
2026-09-14,COINon,-26897.76,-0.002918,-1.0,0.108806,-0.104709,-0.144957,-0.096127,0.016634,-0.003884,-0.007359,-0.032821
2026-09-14,COMP,170587.34,0.000863,0.2411,0.001862,-0.041602,-0.046314,-0.013445,0.087003,-0.00665,-0.005022,-0.032821
2026-09-14,CRCLB,569910.62,0.005636,1.0,0.075893,-0.116013,-0.173699,-0.128386,-0.057102,-0.023294,-0.010206,-0.032821
2026-09-14,CRCLon,55177.33,0.000475,1.0,0.079094,-0.117677,-0.179949,-0.131412,-0.058642,0.001152,0.00167,-0.032821
2026-09-14,CRDOB,25060.42,0.012793,0.2264,-0.045196,-0.005321,0.065719,0.111113,0.146667,-0.055465,-0.15338,-0.032821
2026-09-14,CREO,10922.87,0.008189,0.1254,0.076475,-0.127686,-0.171282,-0.024341,0.299588,0.030442,0.042523,-0.032821
2026-09-14,CRO,-114083.36,-3.9e-05,-1.0,0.032153,-0.067065,-0.068723,-0.039948,-0.005961,-0.000191,-0.00016,-0.032821
2026-09-14,CRV,114867.91,0.000207,0.3211,0.023362,-0.067415,-0.128795,-0.086358,-0.047821,0.000122,0.002063,-0.032821
2026-09-14,CRWVB,47810.57,0.04985,0.6866,-0.03042,-0.02912,0.001143,-0.039266,-0.023662,-0.043322,-0.349058,-0.032821
2026-09-14,CTC,-69922.14,-0.001206,-0.3854,-0.016624,-0.064292,-0.122107,-0.099133,0.047283,-0.007843,-0.006903,-0.032821
2026-09-14,CVC,63824.59,0.00196,0.2279,-0.101177,-0.159921,-0.195068,-0.198338,-0.15226,0.008478,0.003877,-0.032821
2026-09-14,CYBER,-337176.41,-0.014798,-1.0,-0.021997,-0.075781,-0.095971,-0.058993,0.080847,0.028498,0.007601,-0.032821
2026-09-14,DELLB,-37481.02,-0.049319,-0.6881,-0.019298,0.008245,0.041223,0.0978,0.066141,-0.145412,-0.506812,-0.032821
2026-09-14,DRV,153799.09,0.001451,1.0,-0.016157,-0.034914,0.294194,0.608624,1.678649,0.003782,0.008154,-0.032821
2026-09-14,EDGE,64687.32,0.000303,1.0,-0.009201,-0.005085,-0.001787,-0.00294,-0.080195,0.002046,0.011756,-0.032821
2026-09-14,EIGEN,134194.05,0.000691,1.0,0.016015,-0.076653,-0.102402,-0.040674,0.114344,0.000818,0.003559,-0.032821
2026-09-14,ELA,62451.72,0.008903,0.7325,-0.018687,-0.072032,-0.070776,-0.066449,0.033803,0.001517,0.003375,-0.032821
2026-09-14,ENA,1644128.29,0.001101,0.3991,0.065756,-0.047467,-0.009935,0.039575,0.390608,0.000752,0.001876,-0.032821
2026-09-14,ERA,4647.74,0.000526,0.0411,0.005494,-0.050292,-0.071223,-0.026797,0.065282,0.025814,-0.021748,-0.032821
2026-09-14,ETHFI,-175907.19,-0.000278,-0.2569,0.020284,-0.093271,-0.107295,-0.063657,0.12577,-0.000359,-0.000345,-0.032821
2026-09-14,EWYB,18504.7,0.002166,0.1739,-0.049275,-0.002737,-0.009282,0.030728,0.021237,-0.155629,-0.23386,-0.032821
2026-09-14,FARM,-26477.27,-0.006192,-0.116,0.05785,-0.057378,-0.037789,-0.029383,0.046489,0.001666,0.015169,-0.032821
2026-09-14,FET,313719.22,0.000794,0.4566,-0.000959,-0.105935,-0.108597,-0.020014,0.047094,-0.000366,0.000345,-0.032821
2026-09-14,FF,-4854.12,-1.2e-05,-0.0183,-0.121293,0.117982,0.057003,0.032538,-0.01211,0.000115,0.00401,-0.032821
2026-09-14,FORT,48.4,5e-06,0.0006,0.020274,-0.041764,-0.049564,-0.0326,0.000865,0.007525,0.005344,-0.032821
2026-09-14,FORTH,-52978.39,-0.012976,-0.8035,-0.409029,0.126262,-0.035906,-0.045115,-0.025597,-0.028586,0.009631,-0.032821
2026-09-14,GFI,14.33,6e-06,0.0002,0.005692,-0.039887,-0.076324,0.001381,0.072414,0.005222,0.02981,-0.032821
2026-09-14,GHST,-4883.56,-0.001448,-0.2827,0.000473,0.040971,-0.037147,-0.031129,0.016681,-0.022368,-0.052082,-0.032821
2026-09-14,GLWB,3531.05,0.003089,0.2087,-0.079692,-0.00599,-0.00157,0.02213,0.03353,-0.09192,-0.146977,-0.032821
2026-09-14,GRT,-171710.01,-0.000845,-1.0,-0.012347,-0.056414,-0.067703,-0.003605,0.10733,0.002426,0.006515,-0.032821
2026-09-14,GTC,28382.67,0.004126,1.0,-0.004564,-0.050343,-0.055259,-0.026899,0.086116,-0.001744,0.00208,-0.032821
2026-09-14,HFT,6464.02,0.001195,0.0833,-0.033674,-0.0394,-0.073601,-0.032448,0.023118,-0.002263,-0.063437,-0.032821
2026-09-14,HIGH,4025.69,0.001422,0.0377,0.035801,-0.069475,0.175436,0.102748,0.068587,0.004733,0.028911,-0.032821
2026-09-14,HOPR,-350.29,-8.6e-05,-0.0066,0.021968,-0.021131,-0.035255,0.012569,0.097259,-0.00068,-0.014399,-0.032821
2026-09-14,IDEX,5268.34,0.005456,1.0,-0.00269,-0.057751,-0.07738,-0.049338,-0.062455,0.011329,-0.040406,-0.032821
2026-09-14,IMU,500.37,0.000234,0.0259,-0.007723,-0.00966,-0.028618,-0.055031,-0.034035,0.020266,0.029769,-0.032821
2026-09-14,IMX,-144409.96,-0.000577,-0.4823,0.007459,-0.036507,-0.06486,-0.033919,0.13795,-0.002395,-0.003049,-0.032821
2026-09-14,INTWB,-74810.94,-0.121536,-0.7164,-0.03605,-0.009704,0.066808,0.244872,0.246419,-0.22818,-0.434511,-0.032821
2026-09-14,IRENB,-27411.75,-0.015408,-0.5307,0.037681,-0.042402,-0.01918,-0.000247,0.071561,-0.147449,-0.284651,-0.032821
2026-09-14,JASMY,55843.11,0.000288,1.0,0.0003,-0.042108,-0.074004,0.006364,0.079971,0.007854,0.007698,-0.032821
2026-09-14,KAIO,34759.6,0.003966,1.0,-0.020647,0.009162,0.105212,0.079903,0.067714,-0.003393,-0.005162,-0.032821
2026-09-14,KORUB,280641.16,0.028843,1.0,-0.153262,-0.012841,-0.03265,0.084191,0.056572,-0.121094,-0.253747,-0.032821
2026-09-14,L3,-10160.0,-0.002262,-0.0689,-0.031137,0.118106,0.047704,-0.079199,-0.034397,-0.003493,0.019788,-0.032821
2026-09-14,LA,708402.46,0.051813,1.0,0.087511,-0.135669,-0.082443,-0.075935,0.029155,0.062788,0.14477,-0.032821
2026-09-14,LBTC,-29376.51,-3.1e-05,-0.0377,0.026342,-0.039477,-0.040992,-0.033246,0.030445,7.5e-05,-0.000526,-0.032821
2026-09-14,LCX,-466352.11,-0.019206,-1.0,0.036851,-0.048808,-0.061882,-0.049843,0.048056,0.000972,0.001143,-0.032821
2026-09-14,LDO,100608.15,0.000319,0.2885,0.029967,-0.096439,-0.093988,-0.051842,0.101555,-0.001201,-0.002547,-0.032821
2026-09-14,LINK,-703294.82,-7.9e-05,-0.4343,0.044608,-0.06966,-0.084116,-0.050371,0.048942,-0.000206,-0.000215,-0.032821
2026-09-14,LIT,358509.0,0.00031,0.1796,0.101103,-0.09774,-0.03093,0.010157,0.068131,-0.000641,0.001228,-0.032821
2026-09-14,LITEB,189646.85,0.050435,0.6741,-0.073776,0.000561,0.093838,0.062764,0.098738,0.091728,-0.144296,-0.032821
2026-09-14,LMWR,-20511.73,-0.003882,-0.2599,-0.109768,-0.028994,-0.054689,-0.048864,-0.017068,0.001542,-0.000754,-0.032821
2026-09-14,LPT,-57261.71,-0.000805,-1.0,0.023522,-0.072811,-0.085871,-0.040207,0.145022,-0.003208,-0.004343,-0.032821
2026-09-14,MAVIA,7264.33,0.000953,0.2195,0.017757,-0.054489,-0.067287,-0.062984,0.040462,0.004865,0.000289,-0.032821
2026-09-14,MDT,-45619.42,-0.008367,-1.0,-0.055783,-0.013585,-0.063199,0.018811,0.021675,0.013596,-0.00381,-0.032821
2026-09-14,MITO,0.0,0.0,0.0,0.038415,-0.036958,-0.04786,-0.026343,0.106992,0.101046,0.343227,-0.032821
2026-09-14,MLN,29747.13,0.00681,0.4209,-0.013533,-0.004624,0.146128,-0.006518,0.000519,0.005325,0.008733,-0.032821
2026-09-14,MNT,0.0,0.0,0.0,0.019731,-0.061561,-0.054563,-0.013763,0.085865,-7.4e-05,-2.5e-05,-0.032821
2026-09-14,MORPHO,-101843.13,-8.9e-05,-0.4878,0.01718,-0.044699,-0.06541,0.004755,0.170187,-9.4e-05,0.002957,-0.032821
2026-09-14,MRVLB,-94885.66,-0.01281,-0.3162,-0.033527,0.005848,0.039947,0.094594,0.096346,-0.171449,-0.265595,-0.032821
2026-09-14,MUUB,186702.31,0.060042,0.7118,-0.028195,-0.000712,-0.005846,0.108526,0.173566,0.128394,-0.05415,-0.032821
2026-09-14,MVLLB,44331.79,0.042874,0.4181,-0.072684,0.012166,0.078682,0.191239,0.191979,0.01328,-0.188101,-0.032821
2026-09-14,NBISB,160290.71,0.025181,0.656,-0.015341,-0.028481,-0.017644,0.020163,0.039318,-0.289952,-0.320913,-0.032821
2026-09-14,NEXO,59130.63,0.00011,0.1082,0.005741,-0.048248,-0.054049,-0.030042,0.015504,-0.000461,-0.000964,-0.032821
2026-09-14,NOKB,14561.78,0.008733,1.0,-0.103836,0.012617,0.04001,0.094114,0.091362,0.206937,0.206937,-0.032821
2026-09-14,NOM,0.0,0.0,0.0,-0.010583,-0.027916,-0.037835,0.002469,0.076301,0.041558,0.113859,-0.032821
2026-09-14,ONDO,-481114.95,-0.000271,-0.5022,0.041394,-0.080943,-0.072287,0.025049,0.174926,-0.000774,-0.001087,-0.032821
2026-09-14,ORCLB,94368.38,0.034306,1.0,-0.025283,-0.029775,-0.011841,0.040691,0.015306,0.070929,0.120961,-0.032821
2026-09-14,PAXG,787829.22,0.000423,0.5934,-0.010201,-0.002296,-0.006957,0.008931,0.013616,-0.000365,0.000254,-0.032821
2026-09-14,PENDLE,-394969.78,-0.000962,-1.0,0.111412,-0.041649,-0.044097,-0.02712,0.124868,-0.001032,-0.003271,-0.032821
2026-09-14,PEPE,231987.14,0.000157,0.5314,0.050587,-0.058712,-0.054884,0.012822,0.180811,0.000549,0.0007,-0.032821
2026-09-14,PIEVERSE,69860.75,0.000207,1.0,-0.010602,-0.022186,0.007054,0.088847,0.378112,0.000678,0.000858,-0.032821
2026-09-14,PLTRB,16351.54,0.008305,0.3844,0.052394,-0.007494,0.002572,0.017847,0.019591,0.435939,0.426201,-0.032821
2026-09-14,PLUME,178833.9,0.002096,1.0,0.021225,-0.044064,-0.090436,-0.030119,0.058468,-0.001593,-0.003469,-0.032821
2026-09-14,POL,-1877275.85,-0.001788,-1.0,0.005845,-0.035432,-0.056118,-0.001979,0.073026,-0.002249,-0.002461,-0.032821
2026-09-14,PRIME,-23865.72,-0.002964,-0.6047,0.008692,-0.014174,-0.009585,-0.001033,0.040457,-0.004178,0.00221,-0.032821
2026-09-14,PROM,139610.54,0.001358,1.0,-0.018011,0.002441,-0.059903,-0.031882,-0.066112,0.010831,0.013661,-0.032821
2026-09-14,PTB,11261.14,0.002017,1.0,0.045838,-0.035076,-0.084541,-0.065481,0.033031,-0.009776,-0.011568,-0.032821
2026-09-14,QCOMB,-57582.82,-0.021452,-1.0,0.00676,0.039145,0.023082,0.047272,-0.012535,-0.066645,-0.015517,-0.032821
2026-09-14,QNTB,5760.5,0.00823,1.0,0.018667,-0.022293,0.042704,0.102108,0.058144,0.003982,-0.016871,-0.032821
2026-09-14,RE,-14823.03,-0.000214,-0.0336,0.011727,-0.024443,0.004771,0.009908,0.060454,-0.003692,-0.007635,-0.032821
2026-09-14,RED,-45754.89,-0.000631,-0.115,0.077361,-0.050115,-0.101985,-0.084095,0.048595,0.002881,0.008418,-0.032821
2026-09-14,RKLBB,65485.62,0.023423,0.7791,0.010633,0.013194,0.007267,0.078664,0.028015,0.099602,0.227532,-0.032821
2026-09-14,RLS,289.73,8.5e-05,0.0045,-0.028606,0.013929,0.013492,0.005106,0.005483,-0.000428,-0.018931,-0.032821
2026-09-14,RPL,1199.73,3e-05,0.0096,-0.006191,-0.057641,-0.08387,-0.048039,0.049332,-0.000161,-0.001639,-0.032821
2026-09-14,SAND,745693.8,0.007016,1.0,0.006416,-0.069651,-0.079697,-0.012829,0.100075,0.012207,0.022128,-0.032821
2026-09-14,SD,278.25,3.3e-05,0.0036,0.026873,-0.086707,-0.078628,-0.040367,-0.000579,0.003308,0.009754,-0.032821
2026-09-14,SENT,-139140.12,-0.001223,-1.0,0.088293,-0.065385,-0.039712,0.031142,0.143967,-0.006921,-0.01224,-0.032821
2026-09-14,SHIB,-42480.08,-1.3e-05,-0.0617,0.026091,-0.068579,-0.097658,-0.044268,0.042859,-3e-05,-1.3e-05,-0.032821
2026-09-14,SKHYon,-46352.58,-0.033242,-1.0,-0.025752,-0.009683,-0.010481,0.036971,0.059906,-0.00701,-0.002682,-0.032821
2026-09-14,SKY,6807560.37,0.004475,0.2782,0.029542,-0.050173,-0.137426,-0.093611,0.06226,0.005663,0.005921,-0.032821
2026-09-14,SMCIB,10868.36,0.007113,0.2961,-0.065838,-0.035057,-0.008752,0.090612,0.046888,-0.012813,-0.453282,-0.032821
2026-09-14,SMHB,47101.2,0.04073,1.0,-0.031768,-0.001822,0.002881,0.032984,0.051623,0.0374,-0.034842,-0.032821
2026-09-14,SNXXB,335673.85,0.057081,1.0,-0.012286,-0.034476,-0.051583,0.070585,0.288825,0.025318,-0.347022,-0.032821
2026-09-14,SOPH,-42939.06,-0.005203,-0.0949,-0.046208,-0.111083,0.002526,-0.069906,0.034238,-0.044716,0.077546,-0.032821
2026-09-14,SPX,-17626.95,-3.6e-05,-0.1068,0.061673,-0.110766,-0.127512,-0.113662,-0.054822,-0.000185,-0.000404,-0.032821
2026-09-14,STO,-8714.1,-0.000976,-0.4446,-0.002779,-0.049714,-0.057903,-0.02462,0.030199,-0.003315,0.007527,-0.032821
2026-09-14,STRK,147286.52,0.00069,0.1574,0.034804,-0.08319,-0.101151,-0.048379,0.428612,0.001845,-0.000317,-0.032821
2026-09-14,SWELL,-12210.2,-0.003272,-0.1776,-0.000767,-0.006627,-0.003382,0.011306,0.05796,-0.033575,-0.047066,-0.032821
2026-09-14,SYN,51242.0,0.00245,1.0,0.118861,-0.100635,1.121334,1.119048,1.771075,0.000788,0.008448,-0.032821
2026-09-14,SYRUP,199356.39,0.000765,0.662,0.029105,-0.087178,-0.121744,-0.060133,0.027097,0.001023,0.004146,-0.032821
2026-09-14,TMX,-21433.83,-0.044119,-1.0,-0.06563,0.160802,0.070687,0.054213,0.167435,-0.231871,-0.176401,-0.032821
2026-09-14,TQQQB,473498.27,0.164542,1.0,0.001266,-0.02401,-0.023201,0.030108,0.04555,0.034497,-0.047451,-0.032821
2026-09-14,TRAC,-3377.52,-2e-05,-0.0096,0.021044,-0.071245,-0.091626,-0.011914,0.021011,0.002957,0.002547,-0.032821
2026-09-14,TREE,201638.46,0.029402,0.3198,0.007023,-0.082771,-0.086393,-0.108136,0.01968,0.056071,0.056406,-0.032821
2026-09-14,TSMB,7728.9,0.002001,0.2692,-0.0173,-0.012871,-0.0063,0.022058,0.029548,-0.017073,-0.018099,-0.032821
2026-09-14,UNI,200960.89,4.8e-05,0.3854,0.085402,-0.057582,-0.061961,0.127887,0.286394,9.2e-05,0.000282,-0.032821
2026-09-14,USARB,3560.2,0.003887,0.2048,0.028865,-0.02401,-0.041492,-0.004463,-0.01032,0.032926,-0.120968,-0.032821
2026-09-14,WBETH,-248980.34,-2.6e-05,-1.0,0.037079,-0.071057,-0.073253,-0.056827,0.013879,-0.000154,-0.000286,-0.032821
2026-09-14,WBTC,-79006.51,-9e-06,-0.145,0.027421,-0.043669,-0.044531,-0.036142,0.024558,-0.000133,-4.4e-05,-0.032821
2026-09-14,WDCB,17533.37,0.008613,0.5111,-0.021523,-0.044157,-0.031155,-0.014234,0.020874,0.067347,-0.044871,-0.032821
2026-09-14,WLD,501199.64,0.000351,0.8258,0.02428,-0.075275,-0.075187,-0.044758,0.094851,0.002583,0.001962,-0.032821
2026-09-14,WLFI,-579790.48,-0.000314,-0.4809,0.020385,-0.019788,-0.019855,-0.005045,0.004795,-7.2e-05,0.000211,-0.032821
2026-09-14,WSTETH,-83240.47,-7e-06,-0.0059,0.032358,-0.067896,-0.071143,-0.050522,0.020721,-2e-06,1.6e-05,-0.032821
2026-09-14,XAUt,-1945440.43,-0.000726,-0.4055,-0.010578,-0.001749,-0.006544,0.010023,0.016843,-0.00122,-0.001593,-0.032821
2026-09-14,ZAMA,75446.23,0.000641,0.1105,-0.026804,-0.01251,-0.013857,0.048847,0.894698,-5.4e-05,0.000139,-0.032821
2026-09-14,ZKC,-56794.36,-0.003734,-0.1814,-0.003915,-0.174047,-0.207598,-0.203028,-0.147975,0.006321,0.001004,-0.032821
2026-09-14,ZKJ,-86784.78,-0.016045,-0.7363,0.043926,-0.018427,-0.008503,-0.02163,0.019935,0.009278,0.007284,-0.032821
2026-09-14,ZRO,58525.87,0.000153,0.0751,-0.00248,-0.052543,-0.039776,0.048655,0.107012,0.001438,7e-06,-0.032821
2026-09-14,cbETH,-347334.28,-0.000705,-1.0,0.031258,-0.06858,-0.070395,-0.051673,0.020617,0.001002,0.002956,-0.032821
2026-09-14,stETH,-150765.16,-6e-06,-1.0,0.035155,-0.072233,-0.071718,-0.0554,0.016449,-0.000123,5.6e-05,-0.032821
2026-09-15,A8,-14153.4,-0.004604,-0.4948,0.01046,-0.010414,-0.003333,-0.002937,-0.003738,-0.016677,-0.016677,-0.05881
2026-09-15,AAOIB,42141.34,0.010017,0.3965,-0.009089,0.010876,0.026532,0.09576,0.096131,-0.088699,-0.162829,-0.05881
2026-09-15,AAVE,-901234.97,-0.000472,-0.0669,-0.069677,-0.057516,0.033474,0.120761,0.109382,0.000933,-0.00153,-0.05881
2026-09-15,AERGO,0.0,0.0,0.0,0.027338,0.00275,0.012144,0.038777,0.039524,0.000103,0.010117,-0.05881
2026-09-15,AIOZ,-159065.36,-0.001856,-0.0477,-0.094509,-0.013098,0.039641,0.183402,0.368936,0.004139,0.004139,-0.05881
2026-09-15,ALCX,-225.04,-4.1e-05,-0.0015,-0.01882,-0.003733,-0.030469,-0.007572,-0.005067,0.006773,0.010805,-0.05881
2026-09-15,AMATB,15605.17,0.007092,1.0,-0.012049,-0.015895,-0.006859,0.047768,0.049212,0.033626,0.154098,-0.05881
2026-09-15,AMDon,-12413.33,-0.001508,-0.3258,0.020301,0.014127,0.080356,0.097814,0.103223,-0.009184,-0.017458,-0.05881
2026-09-15,AMZNB,37280.4,0.021276,1.0,-0.022045,-0.008795,0.013246,0.024163,0.019659,-0.00922,-0.017509,-0.05881
2026-09-15,APE,126694.42,0.001025,0.0215,-0.070805,0.003076,0.046154,0.104175,0.113415,-0.009831,-0.009831,-0.05881
2026-09-15,API3,-103004.77,-0.005242,-1.0,-0.075878,-0.010867,0.02442,0.080069,0.094981,-0.018783,-0.004345,-0.05881
2026-09-15,ARKM,-70395.42,-0.003206,-1.0,-0.062314,-0.022296,0.036605,0.119091,0.153971,0.004798,0.004803,-0.05881
2026-09-15,ARMB,-118164.34,-0.051048,-0.9063,0.002472,0.010375,0.098186,0.132735,0.147047,-0.140558,-0.277559,-0.05881
2026-09-15,ASMLB,38311.03,0.01127,1.0,0.00427,0.004295,0.02417,0.045132,0.051904,-0.753673,-0.072527,-0.05881
2026-09-15,ATH,-165362.59,-0.001944,-0.1913,-0.087967,-0.007324,0.041128,0.165758,0.2748,-0.001914,-0.010416,-0.05881
2026-09-15,AVGOB,-957207.7,-0.120845,-0.2214,-0.018458,0.000289,0.025974,0.052947,0.051618,-0.034903,0.127276,-0.05881
2026-09-15,AVT,319.62,0.000291,0.0032,-0.062045,-0.062803,0.017537,0.096043,-0.039252,-0.003076,-6.3e-05,-0.05881
2026-09-15,AXTIB,184579.28,0.053208,0.7353,0.009492,0.107004,0.169344,0.208339,0.199058,-0.048315,0.010239,-0.05881
2026-09-15,BAL,7555.76,0.000982,0.0614,-0.009984,-0.004512,0.010772,0.047352,0.041202,0.004218,0.004123,-0.05881
2026-09-15,BARD,-165282.42,-0.003845,-1.0,-0.047937,-0.045041,-0.001155,0.045492,0.071303,-0.015923,-0.035404,-0.05881
2026-09-15,BEAM,1893724.34,0.023301,0.6899,-0.844113,6.604311,7.559451,7.375023,6.68064,0.416853,1.257033,-0.05881
2026-09-15,BEB,-180982.49,-0.071413,-0.727,0.005505,0.038773,0.079923,0.032294,0.03174,-0.115581,-0.349662,-0.05881
2026-09-15,BMNRB,233239.12,0.049815,1.0,-0.093763,-0.039381,0.009812,0.100461,0.094586,0.043269,0.081422,-0.05881
2026-09-15,BNT,257191.6,0.008384,0.1117,-0.05605,-0.012473,0.013744,0.081146,0.073774,0.008339,0.009356,-0.05881
2026-09-15,BOBA,2733.9,0.000304,0.0169,-0.016131,-0.006573,0.015935,0.032329,0.057119,0.001457,0.036893,-0.05881
2026-09-15,CBBTC,-2350284.25,-0.000324,-0.175,-0.041623,-0.00129,0.008123,0.066782,0.068679,-0.00217,-0.00251,-0.05881
2026-09-15,CBRSB,-265486.95,-0.108694,-0.9005,0.011758,0.034704,0.057157,0.080626,0.07185,-0.067251,-0.316256,-0.05881
2026-09-15,CFG,27479.98,0.000461,0.0986,-0.049392,-0.005744,0.125081,0.204285,0.334245,-0.000174,0.003989,-0.05881
2026-09-15,COHRB,-35425.14,-0.011127,-1.0,0.0053,0.070795,0.088586,0.171021,0.165371,-0.049103,-0.079401,-0.05881
2026-09-15,COINB,-133983.44,-0.008422,-1.0,-0.102116,-0.047357,0.007422,0.124204,0.126621,-0.021445,-0.029887,-0.05881
2026-09-15,COINon,-9292.1,-0.001086,-1.0,-0.104709,-0.044955,0.009586,0.126441,0.129017,-0.006121,-0.008445,-0.05881
2026-09-15,COMP,310676.78,0.001641,1.0,-0.041602,-0.004917,0.029379,0.096798,0.146201,-0.003538,-0.003908,-0.05881
2026-09-15,CRCLB,143074.61,0.001596,1.0,-0.116013,-0.065257,-0.013997,0.067211,0.061822,-0.002342,-0.014254,-0.05881
2026-09-15,CRDOB,17085.31,0.008562,0.1795,-0.005321,0.07142,0.117056,0.161286,0.152622,0.033682,-0.144818,-0.05881
2026-09-15,CREO,5817.27,0.004999,1.0,-0.127686,-0.049978,0.118471,0.14963,0.476329,0.021543,0.047523,-0.05881
2026-09-15,CRO,-29190394.83,-0.01074,-1.0,-0.067065,-0.001777,0.029066,0.069347,0.054651,-0.010877,-0.0109,-0.05881
2026-09-15,CRV,-116493.56,-0.000225,-0.3348,-0.067415,-0.065817,-0.020312,0.030605,0.04016,-0.000534,0.001328,-0.05881
2026-09-15,CRWVB,-241.31,-0.000261,-0.0024,-0.02912,0.03117,-0.010451,0.004895,0.008719,0.013895,-0.251372,-0.05881
2026-09-15,CTC,51610.03,0.000951,1.0,-0.064292,-0.061788,-0.037235,0.027542,0.085541,-0.004655,-0.005952,-0.05881
2026-09-15,CVC,76763.19,0.002807,0.4225,-0.159921,-0.041838,-0.045731,-0.014217,-0.03156,0.008375,0.011235,-0.05881
2026-09-15,DELLB,4167.52,0.005249,0.0957,0.008245,0.032709,0.088823,0.052753,0.054989,-0.116879,-0.4736,-0.05881
2026-09-15,DOS,-312571.88,-0.007553,-0.4359,-0.03573,-0.073865,-0.030687,0.014506,0.022195,-0.019961,-0.013325,-0.05881
2026-09-15,DRV,-202533.23,-0.001979,-1.0,-0.034914,0.341014,0.666819,1.098579,1.894557,0.002949,0.008577,-0.05881
2026-09-15,EDGE,-60623.67,-0.000286,-1.0,-0.005085,0.003315,0.002155,-0.049943,-0.081559,0.002085,0.012712,-0.05881
2026-09-15,EIGEN,139328.83,0.000777,1.0,-0.076653,-0.027886,0.038966,0.20145,0.202247,0.002094,0.003711,-0.05881
2026-09-15,ELA,8644.84,0.001328,0.0154,-0.072032,0.001353,0.006016,0.063008,0.083177,0.003852,-0.002102,-0.05881
2026-09-15,ENA,927126.11,0.000652,0.3231,-0.047467,0.039402,0.091379,0.18656,0.570524,0.001563,0.002619,-0.05881
2026-09-15,ERA,71802.16,0.008551,0.6432,-0.050292,-0.022039,0.024739,0.071588,0.100873,0.039017,0.024753,-0.05881
2026-09-15,ETHFI,684850.71,0.001194,0.6231,-0.093271,-0.015466,0.03266,0.241661,0.22062,0.000732,0.000952,-0.05881
2026-09-15,EWYB,69626.01,0.008102,0.5765,-0.002737,-0.006563,0.033556,0.025663,0.024287,-0.14296,-0.193871,-0.05881
2026-09-15,FARM,-8795.15,-0.002182,-0.0268,-0.057378,0.020782,0.029699,0.072729,0.106107,0.00125,0.012987,-0.05881
2026-09-15,FET,-176224.25,-0.000499,-0.1723,-0.105935,-0.002977,0.096102,0.206621,0.154705,-0.0002,-0.000154,-0.05881
2026-09-15,FF,556401.66,0.001253,0.7036,0.117982,-0.054543,-0.076426,-0.116275,0.069237,0.001375,0.004148,-0.05881
2026-09-15,FLOKI,-162474.37,-0.000722,-1.0,-0.064354,-0.023008,0.019888,0.093759,0.096844,-0.001062,0.000627,-0.05881
2026-09-15,FORT,3105.52,0.000336,0.0128,-0.041764,-0.00814,0.009563,0.050245,0.062163,0.007883,0.00568,-0.05881
2026-09-15,FORTH,-25097.18,-0.005458,-0.2311,0.126262,-0.143988,-0.152165,-0.092177,-0.053773,-0.029787,-0.055571,-0.05881
2026-09-15,GALA,-120023.82,-0.00146,-1.0,-0.062197,-0.038058,0.125256,0.162449,0.178146,0.001172,-0.000694,-0.05881
2026-09-15,GFI,5954.69,0.002556,1.0,-0.039887,-0.037951,0.042982,0.057749,0.152595,0.007461,0.032366,-0.05881
2026-09-15,GHST,46516.19,0.013248,0.5822,0.040971,-0.075043,-0.069262,-0.068665,-0.018866,0.000245,-0.038834,-0.05881
2026-09-15,GLWB,30400.72,0.025917,1.0,-0.00599,0.004446,0.028289,0.050447,0.053724,-0.190637,-0.072336,-0.05881
2026-09-15,GROVE,5653.41,0.000973,1.0,-0.021253,-0.021056,-0.001138,-0.00169,-0.00791,0.003068,-0.003948,-0.05881
2026-09-15,GRT,-170789.7,-0.00089,-1.0,-0.056414,-0.011964,0.055966,0.145655,0.283438,0.002011,0.005349,-0.05881
2026-09-15,GRVT,-53734.52,-0.002783,-1.0,-0.016368,-0.014752,0.046877,0.09122,0.114613,-0.054129,-0.061172,-0.05881
2026-09-15,GTC,1161.81,0.000178,0.0268,-0.050343,-0.005176,0.024687,0.090157,0.125956,-0.000776,0.002258,-0.05881
2026-09-15,HFT,-10980.1,-0.002112,-0.0493,-0.0394,-0.035604,0.007237,0.056622,0.0503,0.008428,-0.006047,-0.05881
2026-09-15,HIGH,-16155.15,-0.006131,-0.5063,-0.069475,0.263197,0.185082,0.185143,0.148365,0.005753,0.02278,-0.05881
2026-09-15,HOPR,1123.78,0.000282,0.0067,-0.021131,-0.014429,0.034428,0.032304,0.111,-0.000221,-0.014117,-0.05881
2026-09-15,IDEX,-59.75,-6.6e-05,-0.0029,-0.057751,-0.020832,0.008929,0.009669,-0.001052,0.005139,-0.040472,-0.05881
2026-09-15,IMU,-24952.8,-0.011805,-0.2065,-0.00966,-0.019144,-0.045814,-0.015224,-0.023478,0.008576,0.017964,-0.05881
2026-09-15,IMX,2887.34,1.2e-05,0.006,-0.036507,-0.029427,0.002686,0.076202,0.175866,-0.000717,-0.001483,-0.05881
2026-09-15,INTWB,894.29,0.001466,0.0521,-0.009704,0.077262,0.257071,0.236493,0.295546,-0.241189,-0.433045,-0.05881
2026-09-15,IRENB,-109287.78,-0.068537,-1.0,-0.042402,0.02425,0.044022,0.120999,0.116189,-0.233138,-0.352892,-0.05881
2026-09-15,JASMY,-128575.22,-0.000692,-1.0,-0.042108,-0.033298,0.050602,0.07602,0.088543,0.00224,0.007005,-0.05881
2026-09-15,KAIO,17539.94,0.001983,0.1076,0.009162,0.095178,0.070098,0.031709,0.048143,-0.002347,0.002031,-0.05881
2026-09-15,KORUB,13438.6,0.001392,1.0,-0.012841,-0.020067,0.098294,0.071853,0.070941,-0.128641,-0.252355,-0.05881
2026-09-15,L3,-67628.14,-0.013466,-0.4375,0.118106,-0.062965,-0.176463,-0.139534,-0.15946,-0.004694,0.006503,-0.05881
2026-09-15,LA,13157.38,0.001113,0.0559,-0.135669,0.06158,0.069109,0.151901,0.152587,0.063868,0.14607,-0.05881
2026-09-15,LBTC,0.0,0.0,0.0,-0.039477,-0.001578,0.006487,0.066183,0.066597,9.3e-05,-0.000489,-0.05881
2026-09-15,LCX,-193442.21,-0.008375,-0.0702,-0.048808,-0.013744,-0.001088,0.044594,0.101192,-0.027099,0.011115,-0.05881
2026-09-15,LDO,-477867.7,-0.001675,-0.7703,-0.096439,0.002713,0.049357,0.162347,0.229478,-0.001487,-0.003873,-0.05881
2026-09-15,LINK,425208.19,5.1e-05,0.243,-0.06966,-0.015538,0.020734,0.113728,0.131439,-0.000129,-0.000163,-0.05881
2026-09-15,LIT,-70815.38,-6.8e-05,-0.1532,-0.09774,0.074048,0.119585,0.166602,0.131776,0.00046,0.0011,-0.05881
2026-09-15,LITEB,438838.44,0.103448,0.8348,0.000561,0.093225,0.062168,0.1078,0.098502,0.152199,0.053576,-0.05881
2026-09-15,LMWR,-38644.67,-0.007533,-1.0,-0.028994,-0.026462,-0.020464,0.022501,-0.007956,-0.016284,-0.008287,-0.05881
2026-09-15,MASK,53483.79,0.001258,1.0,-0.09411,-0.019037,0.01645,0.099491,0.097188,-0.006085,-0.014399,-0.05881
2026-09-15,MAVIA,5649.95,0.000784,0.2225,-0.054489,-0.013535,-0.008984,0.08229,0.093987,0.011724,0.001073,-0.05881
2026-09-15,MDT,-10924.36,-0.002031,-0.2579,-0.013585,-0.050298,0.032842,0.037022,0.021282,0.009569,0.006172,-0.05881
2026-09-15,METH,-38253918.74,-0.065491,-1.0,-0.074089,0.00134,0.020647,0.090935,0.096266,-0.037952,-0.031458,-0.05881
2026-09-15,MITO,-9422.91,-0.003749,-0.0484,-0.036958,-0.011321,0.011022,0.138466,0.134166,0.058243,0.339478,-0.05881
2026-09-15,MLN,-4470.66,-0.001028,-0.0326,-0.004624,0.151453,-0.001902,0.011611,0.025019,0.006462,0.007705,-0.05881
2026-09-15,MNT,-94888.69,-5.3e-05,-1.0,-0.061561,0.007457,0.050934,0.156725,0.124019,-9.4e-05,-0.00012,-0.05881
2026-09-15,MORPHO,174499.5,0.000159,0.2186,-0.044699,-0.02168,0.051768,0.137125,0.288396,-4.2e-05,0.003156,-0.05881
2026-09-15,MRVLB,-362026.61,-0.050858,-0.5909,0.005848,0.033901,0.088231,0.08985,0.09579,-0.156404,-0.301494,-0.05881
2026-09-15,MUUB,-2003697.77,-1.270519,-0.9718,-0.000712,-0.005137,0.109316,0.186011,0.170608,-1.173145,-1.117045,-0.05881
2026-09-15,MVLLB,-36644.57,-0.035674,-0.6291,0.012166,0.065716,0.17692,0.179771,0.19477,-0.026334,-0.171531,-0.05881
2026-09-15,NBISB,-67665.13,-0.011014,-0.6175,-0.028481,0.011155,0.05007,0.076396,0.067302,-0.107852,-0.316179,-0.05881
2026-09-15,NEXO,100294.33,0.000196,1.0,-0.048248,-0.006096,0.019128,0.059698,0.042965,-0.000266,-0.000768,-0.05881
2026-09-15,NOKB,-15270.07,-0.008963,-0.201,0.012617,0.027052,0.080482,0.083723,0.080693,0.022245,0.197974,-0.05881
2026-09-15,NOM,9287.88,0.002065,1.0,-0.027916,-0.010204,0.031258,0.06829,0.083563,0.041956,0.105168,-0.05881
2026-09-15,ONDO,-26777.41,-1.6e-05,-0.0603,-0.080943,0.009418,0.115328,0.187428,0.279071,-0.000626,-0.001021,-0.05881
2026-09-15,ORCLB,-18126.38,-0.006836,-0.1488,-0.029775,0.018484,0.072629,0.0527,0.046368,0.097023,0.114124,-0.05881
2026-09-15,PAXG,-133121.55,-7.1e-05,-0.0457,-0.002296,-0.004672,0.011253,0.017412,0.016101,-0.000356,0.000146,-0.05881
2026-09-15,PENDLE,-51469.6,-0.000131,-0.1604,-0.041649,-0.002555,0.015161,0.153462,0.159914,-0.000988,-0.002945,-0.05881
2026-09-15,PEPE,-381936.23,-0.000274,-0.2022,-0.058712,0.004067,0.075996,0.139337,0.191722,2.2e-05,-0.000195,-0.05881
2026-09-15,PIEVERSE,0.0,0.0,0.0,-0.022186,0.029903,0.113552,0.461849,0.369203,0.00075,0.000285,-0.05881
2026-09-15,PLUME,259720.94,0.003184,1.0,-0.044064,-0.04851,0.014588,0.108188,0.09573,0.001591,-0.000285,-0.05881
2026-09-15,POL,215406.29,0.000213,0.228,-0.035432,-0.021446,0.034681,0.153659,0.132128,-0.002096,-0.002244,-0.05881
2026-09-15,PRIME,-18235.64,-0.002298,-1.0,-0.014174,0.004655,0.01333,0.04565,0.046485,-0.00982,-0.006343,-0.05881
2026-09-15,PROM,114428.38,0.00111,1.0,0.002441,-0.062193,-0.03424,-0.107668,-0.112555,0.009573,0.014297,-0.05881
2026-09-15,PUMP,5022.51,0.000825,0.3111,-0.03928,-0.051849,-0.068037,-0.012447,-0.013524,-0.000453,-0.001199,-0.05881
2026-09-15,QCOMB,-43893.83,-0.015977,-0.403,0.039145,-0.015458,0.007821,-0.05074,-0.051521,-0.07764,-0.052366,-0.05881
2026-09-15,QNTB,-14857.7,-0.022188,-1.0,-0.022293,0.066479,0.127238,0.074035,0.06982,-0.030182,-0.039059,-0.05881
2026-09-15,RED,87739.24,0.001272,0.1558,-0.050115,-0.054607,-0.035773,0.07928,0.126673,0.002781,0.007215,-0.05881
2026-09-15,RESOLV,0.0,0.0,0.0,-0.059379,-0.025033,0.026977,0.06614,0.080839,0.003404,-0.006936,-0.05881
2026-09-15,RKLBB,15190.64,0.00531,0.1787,0.013194,-0.005849,0.064618,0.012778,0.014454,0.072561,0.195279,-0.05881
2026-09-15,RLS,-20410.87,-0.005911,-0.2117,0.013929,-0.000432,-0.008702,0.03339,0.003965,-0.001383,-0.024843,-0.05881
2026-09-15,RPL,1222.3,3.3e-05,0.005,-0.057641,-0.027833,0.010189,0.099198,0.108572,-0.001536,-0.001619,-0.05881
2026-09-15,SAND,0.0,0.0,0.0,-0.069651,-0.010798,0.061077,0.147449,0.198494,0.011292,0.022128,-0.05881
2026-09-15,SD,-4927.21,-0.000649,-0.0208,-0.086707,0.008846,0.05074,0.077491,0.092449,0.002106,0.005227,-0.05881
2026-09-15,SENT,-477257.62,-0.004489,-0.7352,-0.065385,0.027469,0.10328,0.211871,0.218634,-0.011612,-0.016007,-0.05881
2026-09-15,SHIB,75931.26,2.6e-05,0.259,-0.068579,-0.031219,0.026102,0.094773,0.098177,-1.1e-05,1.3e-05,-0.05881
2026-09-15,SKHYon,13519.67,0.010152,1.0,-0.009683,-0.000805,0.04711,0.079244,0.070358,0.008735,0.003519,-0.05881
2026-09-15,SKY,414754.25,0.000287,1.0,-0.050173,-0.091862,-0.045733,0.135532,0.148599,0.005993,0.006203,-0.05881
2026-09-15,SMCIB,7176.15,0.004867,0.1996,-0.035057,0.027261,0.130234,0.088443,0.10437,-0.03294,-0.448415,-0.05881
2026-09-15,SMHB,-5096.72,-0.004399,-0.2942,-0.001822,0.004712,0.03487,0.05111,0.054671,0.04911,0.023187,-0.05881
2026-09-15,SNDKB,890332.38,0.025989,0.8848,-0.017011,-0.008566,0.054885,0.163678,0.157637,0.053184,0.080124,-0.05881
2026-09-15,SNXXB,39357.2,0.006924,1.0,-0.034476,-0.017717,0.108813,0.338252,0.316721,0.022739,-0.238034,-0.05881
2026-09-15,SOPH,2671.17,0.000364,0.0069,-0.111083,0.127806,0.046323,0.090526,0.176842,-0.027655,0.067203,-0.05881
2026-09-15,SPK,109000.4,0.001934,0.4996,-0.034058,-0.029665,0.049959,0.148664,0.173001,0.027308,0.017926,-0.05881
2026-09-15,SPX,-62320.19,-0.000144,-1.0,-0.110766,-0.018832,-0.003256,0.092638,0.022551,-0.000499,-0.000407,-0.05881
2026-09-15,STO,208.71,2.5e-05,0.0027,-0.049714,-0.008618,0.026407,0.076755,0.064624,-0.001387,0.002036,-0.05881
2026-09-15,STRK,-334955.38,-0.00171,-0.1401,-0.08319,-0.01959,0.03797,0.516411,0.826216,-0.001899,-0.002318,-0.05881
2026-09-15,SWELL,-6812.2,-0.001838,-0.2236,-0.006627,0.003266,0.018053,0.029043,0.061506,-0.022736,-0.048904,-0.05881
2026-09-15,SYRUP,-110592.52,-0.000465,-1.0,-0.087178,-0.037867,0.029627,0.103905,0.096627,-7.6e-05,0.005433,-0.05881
2026-09-15,TMX,6358.27,0.011275,0.062,0.160802,-0.077631,-0.091824,-0.064538,-0.191055,-0.133166,-0.165126,-0.05881
2026-09-15,TQQQB,-89507.9,-0.03507,-0.6934,-0.02401,0.000828,0.05545,0.069221,0.068273,0.03301,-0.08252,-0.05881
2026-09-15,TRAC,-177012.07,-0.001149,-0.1909,-0.071245,-0.021944,0.063882,0.094911,0.070606,0.000615,0.002633,-0.05881
2026-09-15,TREE,255989.19,0.040695,0.4765,-0.082771,-0.00395,-0.027655,0.057604,0.074529,0.071231,0.097101,-0.05881
2026-09-15,TSMB,11494.66,0.003064,1.0,-0.012871,0.006656,0.035385,0.040557,0.040657,-0.016948,-0.015035,-0.05881
2026-09-15,UNI,-3310697.97,-0.000834,-0.5361,-0.057582,-0.004647,0.196801,0.412562,0.369353,-0.000642,-0.000535,-0.05881
2026-09-15,USARB,-27388.2,-0.032008,-0.5314,-0.02401,-0.017912,0.020027,0.001469,0.015419,-0.010507,-0.152976,-0.05881
2026-09-15,VIRTUAL,-1247940.05,-0.003184,-1.0,-0.062931,-0.008928,0.025566,0.112172,0.134515,-0.002934,-0.002984,-0.05881
2026-09-15,WBETH,-303642.53,-3.4e-05,-0.3879,-0.071057,-0.002364,0.015319,0.093651,0.09179,-0.000116,-0.00035,-0.05881
2026-09-15,WBTC,-946149.39,-0.000107,-0.8521,-0.043669,-0.000901,0.007871,0.068454,0.069537,-0.000233,-0.000151,-0.05881
2026-09-15,WDCB,3760.55,0.001888,0.1897,-0.044157,0.013604,0.031306,0.073194,0.064559,0.069557,0.024909,-0.05881
2026-09-15,WLD,-1146972.27,-0.000869,-0.736,-0.075275,9.5e-05,0.033002,0.143017,0.190914,0.000779,0.001133,-0.05881
2026-09-15,WLFI,721304.11,0.000398,0.1078,-0.019788,-6.8e-05,0.015041,0.02747,0.023551,0.000412,0.000336,-0.05881
2026-09-15,WSTETH,0.0,0.0,0.0,-0.067896,-0.003484,0.01864,0.0945,0.093668,-1e-06,7e-06,-0.05881
2026-09-15,XAUt,336877.22,0.000126,0.154,-0.001749,-0.004803,0.011793,0.019197,0.018232,-0.000864,-0.001304,-0.05881
2026-09-15,XCN,-95577.05,-0.000579,-0.3051,0.024947,-0.067994,-0.059424,0.014895,-0.015132,0.002766,0.002674,-0.05881
2026-09-15,ZAMA,-558546.23,-0.0048,-0.4377,-0.01251,-0.001364,0.062134,0.287303,0.907185,-0.004854,-0.002039,-0.05881
2026-09-15,ZKC,-74263.76,-0.003515,-0.1347,-0.174047,-0.040621,-0.035089,0.020167,0.012589,-0.006898,-0.006234,-0.05881
2026-09-15,ZKJ,-7824.86,-0.001474,-0.0125,-0.018427,0.01011,-0.003263,0.021004,0.026102,-0.006536,0.006335,-0.05881
2026-09-15,ZRO,45848.19,0.000126,0.07,-0.052543,0.013476,0.10681,0.170711,0.196653,0.001004,0.000728,-0.05881
2026-09-15,stETH,-485115.11,-2.1e-05,-0.6552,-0.072233,0.000556,0.018144,0.097395,0.092327,-0.000139,-3e-06,-0.05881
2026-09-16,A8,50380.6,0.016418,1.0,-0.010414,0.007156,0.007555,0.024999,0.058256,0.003611,-0.000259,-0.184978
2026-09-16,AAOIB,27145.86,0.006327,1.0,0.010876,0.015488,0.083971,0.094543,0.119197,0.016893,-0.126332,-0.184978
2026-09-16,AAVE,4237899.81,0.002356,0.5248,-0.057516,0.096542,0.189157,0.223665,0.244812,0.003443,0.000769,-0.184978
2026-09-16,AERGO,0.0,0.0,0.0,0.00275,0.009369,0.035929,0.018718,0.023273,-0.001939,0.010117,-0.184978
2026-09-16,AIOZ,76615.36,0.000905,0.0336,-0.013098,0.053438,0.199107,0.36988,0.896891,0.005045,0.005045,-0.184978
2026-09-16,ALCX,4137.1,0.000754,0.0269,-0.003733,-0.026836,-0.003852,0.004439,0.027974,0.000199,0.011728,-0.184978
2026-09-16,ALLO,52333.88,0.001289,1.0,-0.035932,0.008166,0.049792,0.171987,0.319546,0.009129,0.009804,-0.184978
2026-09-16,AMATB,-9531.12,-0.0044,-1.0,-0.015895,0.009183,0.064692,0.070665,0.124245,0.015846,0.149698,-0.184978
2026-09-16,AMDon,-12503.02,-0.001491,-1.0,0.014127,0.065307,0.082522,0.083267,0.201766,-0.008869,-0.01785,-0.184978
2026-09-16,AMZNB,13797.58,0.007823,1.0,-0.008795,0.022237,0.033251,0.034444,0.050706,-0.033543,-0.009686,-0.184978
2026-09-16,APE,177088.02,0.001428,0.046,0.003076,0.042946,0.100788,0.148977,0.163589,-0.006178,-0.008403,-0.184978
2026-09-16,API3,-54910.18,-0.002825,-1.0,-0.010867,0.035675,0.091936,0.132513,0.145799,-0.017855,-0.002132,-0.184978
2026-09-16,ARKM,65219.95,0.003038,0.3007,-0.022296,0.060245,0.144612,0.187674,0.305874,0.007836,0.005753,-0.184978
2026-09-16,ARMB,-27118.32,-0.011687,-1.0,0.010375,0.086909,0.121103,0.126894,0.325725,-0.110931,-0.290128,-0.184978
2026-09-16,ASMLB,13504.51,0.003933,1.0,0.004295,0.019791,0.040663,0.047091,0.073756,0.037582,-0.322916,-0.184978
2026-09-16,ATH,-225239.11,-0.002667,-0.4426,-0.007324,0.04881,0.17436,0.278987,0.297511,-0.003176,-0.013083,-0.184978
2026-09-16,AVGOB,565259.23,0.066118,0.8476,0.000289,0.025678,0.052643,0.050818,0.07058,0.155409,0.139935,-0.184978
2026-09-16,AVT,2648.89,0.002574,0.0358,-0.062803,0.085724,0.16949,0.086775,0.079944,0.003151,0.001237,-0.184978
2026-09-16,AXTIB,26751.66,0.006971,0.5506,0.107004,0.056314,0.09154,0.080165,0.24462,-0.029778,-0.008374,-0.184978
2026-09-16,BAL,8287.64,0.001082,0.1302,-0.004512,0.015353,0.052098,0.062624,0.118464,0.004554,0.005205,-0.184978
2026-09-16,BEAM,-423455.39,-0.233166,-0.412,6.604311,0.125605,0.101352,0.188883,0.075272,0.182808,1.023867,-0.184978
2026-09-16,BEB,-24077.88,-0.009202,-0.3378,0.038773,0.039614,-0.006238,-0.001618,0.01436,-0.126768,-0.305562,-0.184978
2026-09-16,BLUR,39472.76,0.000809,0.2712,0.00838,0.016057,0.072174,0.119783,0.184192,-0.009237,-0.009912,-0.184978
2026-09-16,BMNRB,130889.74,0.022672,0.8487,-0.039381,0.051209,0.145574,0.146532,0.23536,0.064831,0.086033,-0.184978
2026-09-16,BNT,10218.19,0.000337,0.005,-0.012473,0.026549,0.094801,0.106796,0.127515,0.008672,0.009693,-0.184978
2026-09-16,BOBA,28815.95,0.003229,0.2031,-0.006573,0.022657,0.039159,0.066614,0.089043,0.003161,0.040122,-0.184978
2026-09-16,CAP,-588726.45,-0.006488,-1.0,-0.037229,-0.050423,-0.07483,-0.197348,-0.215149,-0.008363,-0.000911,-0.184978
2026-09-16,CBBTC,-140909.99,-1.9e-05,-0.578,-0.00129,0.009425,0.068159,0.073151,0.141018,-0.000197,-0.002253,-0.184978
2026-09-16,CBRSB,72045.96,0.027562,0.6833,0.034704,0.0217,0.044382,0.03375,0.095415,-0.015571,-0.201324,-0.184978
2026-09-16,CBXRP,0.0,0.0,0.0,-0.000454,-0.00176,0.077986,0.100354,0.157104,-0.002131,-0.003364,-0.184978
2026-09-16,CHZ,0.0,0.0,0.0,-0.016133,0.049182,0.081394,0.124905,0.156675,-0.001591,-0.003349,-0.184978
2026-09-16,COHRB,11072.8,0.003235,0.2073,0.070795,0.016615,0.0936,0.086501,0.105932,-0.021496,-0.060358,-0.184978
2026-09-16,COINB,-143294.67,-0.009485,-0.5874,-0.047357,0.057503,0.18009,0.186797,0.222784,-0.027476,-0.042967,-0.184978
2026-09-16,COINon,11551.78,0.001386,1.0,-0.044955,0.057108,0.179463,0.188986,0.224311,-0.001994,-0.007059,-0.184978
2026-09-16,COMP,61932.95,0.000329,1.0,-0.004917,0.034465,0.102217,0.139791,0.184764,-0.0024,-0.004068,-0.184978
2026-09-16,CRCLB,449962.27,0.004709,1.0,-0.065257,0.054839,0.141716,0.141108,0.167902,0.001359,-0.015096,-0.184978
2026-09-16,CRCLon,195535.71,0.002033,0.3333,-0.070577,0.059187,0.146593,0.147926,0.17661,0.003294,0.003703,-0.184978
2026-09-16,CRDOB,6237.64,0.002902,0.3147,0.07142,0.042594,0.083876,0.075956,0.167743,0.030334,-0.064583,-0.184978
2026-09-16,CREO,7651.59,0.006922,0.1981,-0.049978,0.177311,0.210109,0.568191,0.462704,0.017401,0.054445,-0.184978
2026-09-16,CRO,76270.39,2.7e-05,1.0,-0.001777,0.030899,0.071251,0.067394,0.140323,-0.010832,-0.010872,-0.184978
2026-09-16,CRV,-84924.01,-0.000175,-0.2666,-0.065817,0.048711,0.103215,0.092944,0.158706,-0.000262,0.001387,-0.184978
2026-09-16,CRWVB,49043.32,0.047601,0.5157,0.03117,-0.040362,-0.025481,-0.024777,0.025137,0.036153,-0.106782,-0.184978
2026-09-16,CVC,179710.5,0.006857,1.0,-0.041838,-0.004063,0.028827,0.053182,0.043718,0.019656,0.021007,-0.184978
2026-09-16,CYBER,-57714.37,-0.002783,-1.0,-0.021845,0.040903,0.143005,0.195588,0.234281,0.028439,0.004818,-0.184978
2026-09-16,DELLB,-26684.41,-0.033632,-0.7273,0.032709,0.054337,0.019409,0.023931,0.028357,-0.169667,-0.291851,-0.184978
2026-09-16,DRV,-169696.47,-0.001237,-1.0,0.341014,0.242954,0.564919,1.069742,1.21511,0.003037,0.006062,-0.184978
2026-09-16,EDGE,-50609.35,-0.000238,-1.0,0.003315,-0.001156,-0.053082,-0.078548,-0.016323,0.000755,0.013074,-0.184978
2026-09-16,EIGEN,182710.29,0.001048,1.0,-0.027886,0.06877,0.235915,0.241473,0.27022,0.003649,0.004004,-0.184978
2026-09-16,ELA,689.72,0.000106,0.0021,0.001353,0.004657,0.061572,0.112544,0.227963,0.008879,-0.002195,-0.184978
2026-09-16,ENA,93095.37,6.3e-05,0.0875,0.039402,0.050007,0.14158,0.404563,0.459842,0.001398,0.002446,-0.184978
2026-09-16,ERA,4360.13,0.000531,0.0643,-0.022039,0.047833,0.095738,0.146973,0.203295,0.033873,0.025284,-0.184978
2026-09-16,ETHFI,266445.92,0.000472,1.0,-0.015466,0.048882,0.261166,0.261077,0.239116,0.00131,0.001189,-0.184978
2026-09-16,FARM,202.03,4.9e-05,0.0015,0.020782,0.008736,0.05089,0.087588,0.161614,0.009251,0.013036,-0.184978
2026-09-16,FET,-61682.71,-0.000175,-0.0507,-0.002977,0.099375,0.210224,0.174658,0.316256,-5.7e-05,-0.000329,-0.184978
2026-09-16,FF,0.0,0.0,0.0,-0.054543,-0.023146,-0.065293,-0.065387,-0.03809,0.001241,0.003762,-0.184978
2026-09-16,FORT,30065.65,0.003282,0.1275,-0.00814,0.017848,0.058865,0.053059,0.11804,0.002757,0.008962,-0.184978
2026-09-16,FORTH,6959.99,0.001768,0.059,-0.143988,-0.009552,0.060527,0.010693,0.050896,-0.02337,-0.053803,-0.184978
2026-09-16,GALA,131313.28,0.00166,1.0,-0.038058,0.169775,0.208439,0.226993,0.321879,0.002026,-0.000982,-0.184978
2026-09-16,GHST,-24417.35,-0.007519,-0.1975,-0.075043,0.00625,0.006896,0.055904,0.066749,0.003653,-0.002948,-0.184978
2026-09-16,GLWB,423712.42,0.269291,0.954,0.004446,0.023737,0.045797,0.035155,0.102799,0.226257,0.192175,-0.184978
2026-09-16,GROVE,-60920.64,-0.010712,-0.3342,-0.021056,0.020346,0.019782,0.028164,0.039508,-0.007643,-0.014659,-0.184978
2026-09-16,GTC,772.04,0.000119,0.0278,-0.005176,0.030018,0.095829,0.149643,0.173598,0.000399,0.002377,-0.184978
2026-09-16,HFT,-7869.48,-0.001569,-0.0419,-0.035604,0.044423,0.095631,0.104403,0.109108,0.009204,-0.007616,-0.184978
2026-09-16,HIGH,8188.97,0.00246,0.1808,0.263197,-0.061839,-0.06179,-0.090902,-0.119809,0.007419,0.02524,-0.184978
2026-09-16,HOPR,-34585.62,-0.008815,-0.1684,-0.014429,0.049572,0.047417,0.137357,0.173717,-0.008404,-0.008747,-0.184978
2026-09-16,IDEX,-9621.38,-0.010799,-0.1916,-0.020832,0.030394,0.03115,0.016176,0.054423,-0.005409,0.006037,-0.184978
2026-09-16,IMU,6104.21,0.002944,0.1425,-0.019144,-0.027191,0.003996,-0.005576,0.005714,0.011551,0.017225,-0.184978
2026-09-16,IMX,-52655.18,-0.000225,-0.1385,-0.029427,0.033087,0.108831,0.216877,0.281683,-0.001018,-0.001872,-0.184978
2026-09-16,INTWB,-4928.88,-0.007329,-0.2298,0.077262,0.166913,0.147811,0.168363,0.43786,-0.172877,-0.352311,-0.184978
2026-09-16,IRENB,-39578.5,-0.024806,-0.5595,0.02425,0.019304,0.094459,0.092515,0.110783,-0.142261,-0.306647,-0.184978
2026-09-16,JASMY,-549415.61,-0.003059,-0.2718,-0.033298,0.08679,0.113083,0.16628,0.19337,-0.001284,0.003994,-0.184978
2026-09-16,KAIO,-103876.31,-0.010724,-0.3633,0.095178,-0.0229,-0.057953,-0.033928,-0.029097,-0.013127,-0.008693,-0.184978
2026-09-16,KORUB,6046.15,0.001083,1.0,-0.020067,0.120785,0.093803,0.092234,0.231032,-0.168747,-0.251272,-0.184978
2026-09-16,L3,44134.29,0.009317,0.1273,-0.062965,-0.121125,-0.081714,-0.078363,-0.059343,-0.008366,0.005724,-0.184978
2026-09-16,LA,198293.42,0.015807,0.3897,0.06158,0.007092,0.085081,0.121625,0.134223,0.083934,0.147652,-0.184978
2026-09-16,LBTC,135033.35,0.00015,0.083,-0.001578,0.008077,0.067867,0.074491,0.132152,0.00016,-0.000305,-0.184978
2026-09-16,LCX,212976.63,0.009349,0.1007,-0.013744,0.012833,0.059151,0.117189,0.20337,-0.037453,0.021095,-0.184978
2026-09-16,LDO,-370727.38,-0.001296,-1.0,0.002713,0.046518,0.159202,0.215828,0.263151,-0.00306,-0.004937,-0.184978
2026-09-16,LINK,483401.79,5.9e-05,0.1878,-0.015538,0.036845,0.131306,0.145278,0.191817,2e-06,-0.0001,-0.184978
2026-09-16,LIT,300995.46,0.000269,0.1363,0.074048,0.042398,0.086174,0.102223,0.073627,0.000535,0.00114,-0.184978
2026-09-16,LITEB,134437.26,0.028473,0.4762,0.093225,-0.028408,0.013332,0.00448,0.03976,0.122767,0.136159,-0.184978
2026-09-16,LMWR,-695.14,-0.000138,-0.0071,-0.026462,0.006162,0.050295,0.039798,0.040163,-0.017193,-0.008425,-0.184978
2026-09-16,MAVIA,-29740.05,-0.004183,-1.0,-0.013535,0.004614,0.09714,0.115523,0.131559,0.009083,-0.00647,-0.184978
2026-09-16,MDT,9313.51,0.001823,1.0,-0.050298,0.087543,0.091944,0.090599,0.118064,0.012923,0.017428,-0.184978
2026-09-16,METH,-64080.46,-0.000116,-1.0,0.00134,0.019281,0.089474,0.098171,0.146369,-0.049629,-0.031215,-0.184978
2026-09-16,MITO,0.0,0.0,0.0,-0.011321,0.022599,0.151502,0.162636,0.164365,0.024229,0.339478,-0.184978
2026-09-16,MLN,-12506.16,-0.002498,-0.0993,0.151453,-0.133184,-0.121448,-0.127044,-0.08961,0.001747,0.005207,-0.184978
2026-09-16,MNT,59788.88,3.3e-05,0.3222,0.007457,0.043155,0.148163,0.148533,0.190079,-2.8e-05,-0.00014,-0.184978
2026-09-16,MORPHO,-112516.79,-0.000105,-1.0,-0.02168,0.075076,0.162325,0.252086,0.296311,-0.000119,0.002974,-0.184978
2026-09-16,MRVLB,-72543.47,-0.009959,-0.1891,0.033901,0.052548,0.054114,0.054232,0.128696,-0.131484,-0.313454,-0.184978
2026-09-16,MUUB,60338.33,0.037346,0.6295,-0.005137,0.115045,0.192136,0.180467,0.266624,-1.175567,-1.134429,-0.184978
2026-09-16,MVLLB,-11961.84,-0.010961,-1.0,0.065716,0.104347,0.107022,0.105033,0.263891,-0.032249,-0.136709,-0.184978
2026-09-16,NBISB,-56103.58,-0.009105,-0.3839,0.011155,0.038486,0.064521,0.057985,0.111462,-0.032842,-0.321285,-0.184978
2026-09-16,NOKB,8179.38,0.004631,0.4294,0.027052,0.052023,0.055179,0.049377,0.083902,0.022597,0.202605,-0.184978
2026-09-16,ONDO,-158153.45,-9.6e-05,-0.1801,0.009418,0.104921,0.176349,0.266477,0.309057,-0.000547,-0.001288,-0.184978
2026-09-16,ORCLB,226835.89,0.075254,0.8267,0.018484,0.053162,0.033595,0.027472,0.03838,0.051041,0.180813,-0.184978
2026-09-16,PAXG,-1938515.84,-0.001044,-0.609,-0.004672,0.015999,0.022188,0.020718,0.0159,-0.001338,-0.001305,-0.184978
2026-09-16,PENDLE,51110.93,0.00013,0.0972,-0.002555,0.017761,0.156416,0.17676,0.12459,-0.000956,-0.003745,-0.184978
2026-09-16,PEPE,-125732.86,-9e-05,-0.0839,0.004067,0.071637,0.134722,0.249382,0.470927,-7e-05,-0.00013,-0.184978
2026-09-16,PLTRB,-8176.38,-0.004165,-1.0,0.010142,0.015236,0.017984,0.016975,0.051549,0.08066,0.422036,-0.184978
2026-09-16,POL,-716985.27,-0.000724,-0.3512,-0.021446,0.057357,0.178942,0.136821,0.206707,-0.002643,-0.002785,-0.184978
2026-09-16,PRIME,-15071.44,-0.00189,-1.0,0.004655,0.008635,0.040805,0.050526,0.049551,-0.00729,-0.006257,-0.184978
2026-09-16,PTB,6397.88,0.001252,1.0,-0.051263,0.02082,0.070867,0.12843,0.922685,-0.00701,-0.010317,-0.184978
2026-09-16,QCOMB,-94200.29,-0.036004,-1.0,-0.015458,0.023644,-0.035836,-0.034814,0.054383,-0.108538,-0.089285,-0.184978
2026-09-16,QNTB,-59677.82,-0.09148,-0.8426,0.066479,0.056971,0.007085,0.014807,-0.011259,-0.109893,-0.082611,-0.184978
2026-09-16,RE,48109.59,0.00069,0.1569,0.029946,0.005113,0.048229,0.055419,0.057565,-0.003705,-0.006316,-0.184978
2026-09-16,RED,98667.83,0.00151,0.0376,-0.054607,0.019922,0.14162,0.167681,0.186814,0.004291,0.00591,-0.184978
2026-09-16,RKLBB,-57217.47,-0.020411,-1.0,-0.005849,0.070882,0.018737,0.020598,0.102432,0.034392,0.089792,-0.184978
2026-09-16,RLS,-5714.0,-0.001656,-0.0992,-0.000432,-0.008274,0.033836,-0.007902,-0.001214,-0.003667,-0.026498,-0.184978
2026-09-16,RPL,56514.6,0.001551,1.0,-0.027833,0.039111,0.130668,0.145397,0.218951,0.001619,-0.001427,-0.184978
2026-09-16,SD,9784.23,0.001278,0.0533,0.008846,0.041526,0.068043,0.08471,0.123276,0.007941,0.008277,-0.184978
2026-09-16,SENT,-92225.53,-0.000844,-1.0,0.027469,0.073784,0.179472,0.191275,0.251091,-0.012456,-0.015776,-0.184978
2026-09-16,SHIB,-360545.02,-0.000126,-1.0,-0.031219,0.059168,0.130052,0.155725,0.22378,-6.9e-05,-0.000147,-0.184978
2026-09-16,SKY,95940.64,7.3e-05,0.2781,-0.091862,0.050796,0.250396,0.231501,0.293438,0.005993,0.00627,-0.184978
2026-09-16,SMCIB,-31391.27,-0.020725,-1.0,0.027261,0.100241,0.059558,0.056131,0.122133,-0.01743,-0.46914,-0.184978
2026-09-16,SMHB,45902.89,0.038015,0.57,0.004712,0.030017,0.046181,0.048602,0.095942,0.077266,0.046184,-0.184978
2026-09-16,SNDKB,1308957.03,0.036075,1.0,-0.008566,0.063999,0.173732,0.173832,0.167063,0.058422,0.116199,-0.184978
2026-09-16,SNXXB,362579.69,0.060825,1.0,-0.017717,0.128812,0.36239,0.358922,0.340695,0.081106,-0.190381,-0.184978
2026-09-16,SOPH,119235.87,0.014412,0.5289,0.127806,-0.072249,-0.033055,0.031633,0.086907,-0.003368,0.102112,-0.184978
2026-09-16,SPX,-173514.31,-0.000409,-1.0,-0.018832,0.015875,0.11361,0.083314,0.125085,-0.000802,-0.000284,-0.184978
2026-09-16,STO,10797.87,0.001283,1.0,-0.008618,0.035329,0.086114,0.093517,0.106592,-0.000104,0.002067,-0.184978
2026-09-16,STRK,55379.13,0.000282,1.0,-0.01959,0.05871,0.546711,0.58938,0.659978,-0.002054,0.001746,-0.184978
2026-09-16,SWELL,66244.87,0.017812,0.3934,0.003266,0.014739,0.025694,0.061551,0.330197,-0.004923,-0.031091,-0.184978
2026-09-16,SYRUP,17945.53,7.8e-05,0.0989,-0.037867,0.070151,0.147352,0.169473,0.20634,0.00058,0.004726,-0.184978
2026-09-16,TMX,-281745.12,-0.541657,-0.4488,-0.077631,-0.015387,0.014196,0.090361,0.018023,-0.541797,-0.726728,-0.184978
2026-09-16,TQQQB,-119540.6,-0.047061,-0.5899,0.000828,0.054576,0.068336,0.070385,0.163985,-0.019927,-0.129582,-0.184978
2026-09-16,TRAC,-192239.41,-0.001276,-0.3331,-0.021944,0.087752,0.119477,0.123999,0.152635,-0.001714,0.000503,-0.184978
2026-09-16,TREE,-7477.64,-0.001193,-0.0195,-0.00395,-0.023799,0.061798,0.116104,0.112097,0.066953,0.110707,-0.184978
2026-09-16,UNI,717742.02,0.000182,0.3013,-0.004647,0.202389,0.419157,0.371365,0.386973,-0.000418,-0.000353,-0.184978
2026-09-16,USARB,13841.59,0.015929,0.575,-0.017912,0.038632,0.019735,0.032521,0.116199,0.086487,-0.137047,-0.184978
2026-09-16,WBETH,-265224.09,-3e-05,-1.0,-0.002364,0.017725,0.096242,0.09402,0.148475,-0.000118,-0.000452,-0.184978
2026-09-16,WBTC,285433.75,3.2e-05,0.5445,-0.000901,0.008781,0.069418,0.07231,0.140804,-0.00012,-0.000225,-0.184978
2026-09-16,WDCB,35522.3,0.017112,1.0,0.013604,0.017465,0.058791,0.053702,0.072573,0.111024,0.03801,-0.184978
2026-09-16,WETH,-72760.79,-9e-06,-1.0,-0.002333,0.019687,0.096028,0.097759,0.148953,-0.000542,-0.0013,-0.184978
2026-09-16,WLD,6655706.02,0.00504,0.5878,9.5e-05,0.032903,0.142908,0.183862,0.189625,0.005785,0.006184,-0.184978
2026-09-16,WLFI,-113889.74,-6.3e-05,-1.0,-6.8e-05,0.01511,0.02754,0.02515,0.006309,3e-06,0.000301,-0.184978
2026-09-16,WSTETH,335078.67,3e-05,0.0308,-0.003484,0.022201,0.098326,0.098901,0.150769,1.5e-05,4.6e-05,-0.184978
2026-09-16,XAUt,283360.68,0.000106,0.3105,-0.004803,0.016676,0.024116,0.02354,0.017738,-0.000569,-0.002092,-0.184978
2026-09-16,XCN,111805.61,0.000727,1.0,-0.067994,0.009195,0.088936,0.085759,0.125316,0.003906,0.003807,-0.184978
2026-09-16,ZAMA,-1168277.3,-0.009894,-0.8674,-0.001364,0.063585,0.28906,0.921321,0.975488,-0.014569,-0.01341,-0.184978
2026-09-16,ZKC,621903.6,0.030663,0.7685,-0.040621,0.005766,0.063362,0.075243,0.090782,0.023733,0.033297,-0.184978
2026-09-16,ZKJ,109203.9,0.020363,0.25,0.01011,-0.01324,0.010785,0.028681,0.035803,0.027043,0.026678,-0.184978
2026-09-16,ZRO,150253.81,0.000409,0.2298,0.013476,0.092093,0.155145,0.152868,0.202895,0.001047,0.001197,-0.184978
2026-09-16,cbETH,-310761.56,-0.000678,-1.0,-0.001948,0.02014,0.096388,0.097904,0.14944,-0.001553,0.0014,-0.184978
2026-09-16,stETH,2365112.38,0.000101,0.8869,0.000556,0.017579,0.096785,0.094979,0.147269,-1.7e-05,9.8e-05,-0.184978
2026-09-17,AAOIB,56417.45,0.012799,0.6438,0.015488,0.067438,0.07785,0.0678,0.091207,0.033515,-0.086189,0.018136
2026-09-17,AAVE,-272843.12,-0.000138,-0.561,0.096542,0.08446,0.115931,0.07345,0.126273,0.003242,0.001844,0.018136
2026-09-17,AERGO,-16931.54,-0.003637,-0.1986,0.009369,0.026313,0.009262,0.027051,0.006742,-0.000926,0.006481,0.018136
2026-09-17,AIOZ,-25927.91,-0.000291,-0.0267,0.053438,0.13828,0.30039,0.31674,0.831025,0.010057,0.004754,0.018136
2026-09-17,ALCX,42398.02,0.007943,1.0,-0.026836,0.023617,0.032137,0.026201,0.596551,0.015433,0.020096,0.018136
2026-09-17,ALLO,63453.02,0.00155,1.0,0.008166,0.041289,0.162495,0.253194,0.323529,0.005611,0.013506,0.018136
2026-09-17,ALT,-23101.65,-0.004942,-1.0,-0.01225,0.055807,0.172014,0.126044,0.252696,0.025837,0.157504,0.018136
2026-09-17,AMATB,181395.44,0.076613,0.7333,0.009183,0.055004,0.060923,0.056458,0.129026,0.082321,0.136142,0.018136
2026-09-17,AMDon,-5407.72,-0.000606,-0.3442,0.065307,0.016159,0.016859,0.021166,0.142016,-0.007855,-0.015242,0.018136
2026-09-17,AMZNB,20961.43,0.011238,1.0,0.022237,0.010775,0.011942,0.00633,0.015748,0.059297,0.001552,0.018136
2026-09-17,APE,-24081.88,-0.000186,-0.0251,0.042946,0.055461,0.101665,0.064293,0.213143,-0.005936,-0.008589,0.018136
2026-09-17,ARMB,55574.46,0.02208,0.7016,0.086909,0.03146,0.036788,0.044493,0.256521,-0.076619,-0.288109,0.018136
2026-09-17,ASMLB,1642.79,0.000468,0.0387,0.019791,0.020467,0.026771,0.027079,0.071704,0.03061,-0.30421,0.018136
2026-09-17,AVGOB,1464928.77,0.134343,0.9459,0.025678,0.02629,0.024511,0.024995,0.048353,0.292216,0.276687,0.018136
2026-09-17,AVGOon,5042.31,0.001042,1.0,0.029569,0.025028,0.025923,0.024396,0.049471,-0.002854,0.007234,0.018136
2026-09-17,AVT,-2095.41,-0.001876,-0.052,0.085724,0.077152,0.000968,-0.055811,0.034813,0.014044,-0.003489,0.018136
2026-09-17,AXS,-59325.93,-0.000362,-1.0,0.044165,0.082115,0.089387,0.075233,0.172754,-0.001682,-0.000457,0.018136
2026-09-17,AXTIB,14152.56,0.003469,0.2382,0.056314,0.033348,0.022579,0.025411,0.146842,0.048445,-0.012452,0.018136
2026-09-17,BAL,16281.2,0.002094,1.0,0.015353,0.03619,0.046556,0.030105,0.109999,0.008583,0.0073,0.018136
2026-09-17,BARD,-221999.39,-0.005171,-0.3896,0.045956,0.046701,0.084596,0.072542,0.140769,-0.01968,-0.03931,0.018136
2026-09-17,BEAM,165015.26,0.080723,1.0,0.125605,-0.021547,0.056217,-0.102671,-0.859929,0.250679,1.357547,0.018136
2026-09-17,BEB,-24867.41,-0.009222,-0.6739,0.039614,-0.044105,-0.039661,-0.044618,-0.011335,-0.117645,-0.387645,0.018136
2026-09-17,BLUR,-66972.78,-0.00135,-1.0,0.016057,0.055231,0.102087,0.088258,0.168148,-0.012486,-0.014107,0.018136
2026-09-17,BMNRB,56407.99,0.007845,1.0,0.051209,0.089768,0.09068,0.08395,0.200662,0.088573,0.09627,0.018136
2026-09-17,BNT,-3128.74,-0.000101,-0.0067,0.026549,0.066487,0.078172,0.059215,0.117245,0.008676,0.009593,0.018136
2026-09-17,BOBA,7938.3,0.00087,0.1408,0.022657,0.016137,0.042984,0.040537,0.132187,0.01046,0.041012,0.018136
2026-09-17,CBBTC,138634.83,1.9e-05,0.0172,0.009425,0.058186,0.063131,0.060068,0.127317,-0.000199,-0.002242,0.018136
2026-09-17,CBRSB,-65494.51,-0.025141,-0.7396,0.0217,0.0222,0.011795,0.013899,0.091054,-0.113377,-0.013714,0.018136
2026-09-17,CBXRP,-139344.68,-0.00083,-1.0,-0.00176,0.079887,0.102295,0.087554,0.218783,-0.002641,-0.004574,0.018136
2026-09-17,CFG,164209.33,0.00245,1.0,0.13158,0.070399,0.089228,0.185911,0.15936,0.003085,0.006439,0.018136
2026-09-17,CHZ,-52386.7,-0.000347,-1.0,0.049182,0.030702,0.072173,0.049244,0.16497,-0.000955,-0.002862,0.018136
2026-09-17,COHRB,-13844.54,-0.003979,-0.5479,0.016615,0.075728,0.068744,0.070537,0.05146,-0.019994,-0.068458,0.018136
2026-09-17,COINon,-10063.68,-0.001143,-1.0,0.057108,0.115745,0.124753,0.118298,0.162607,-0.00171,-0.008202,0.018136
2026-09-17,COMP,4.34,0.0,0.0,0.034465,0.065496,0.101817,0.113488,0.169984,0.002388,-0.004795,0.018136
2026-09-17,CRCLB,69410.35,0.000627,1.0,0.054839,0.082361,0.081784,0.076895,0.116252,0.011158,-0.015033,0.018136
2026-09-17,CRDOB,-66479.53,-0.030193,-0.2418,0.042594,0.039595,0.031999,0.031839,0.147,0.008872,0.093792,0.018136
2026-09-17,CREO,46623.1,0.035825,1.0,0.177311,0.027858,0.332011,0.319952,0.271081,0.049456,0.090151,0.018136
2026-09-17,CRO,-112717.29,-3.9e-05,-1.0,0.030899,0.039142,0.035401,0.024862,0.16479,-0.010851,-0.010911,0.018136
2026-09-17,CRWVB,262513.73,0.208659,0.7597,-0.040362,0.015507,0.016241,0.019372,0.083918,0.279284,0.198251,0.018136
2026-09-17,CTC,-331831.46,-0.006353,-0.4586,0.02617,0.067282,0.162527,0.127524,0.193668,-0.011008,-0.012304,0.018136
2026-09-17,CVC,48617.07,0.001863,0.2877,-0.004063,0.033024,0.057478,0.01485,0.084652,0.015955,0.020028,0.018136
2026-09-17,DELLB,-5047.46,-0.006061,-0.2911,0.054337,-0.033128,-0.028839,-0.031074,-0.06824,-0.21884,-0.183037,0.018136
2026-09-17,DOS,-155508.56,-0.003877,-0.5675,0.046621,0.046623,0.070198,0.054556,0.076123,-0.023938,-0.02166,0.018136
2026-09-17,DRV,139959.52,0.000821,0.5529,0.242954,0.259032,0.66518,0.736575,0.815264,0.003858,0.007279,0.018136
2026-09-17,ELA,34.39,5e-06,0.0002,0.004657,0.056651,0.107388,0.076699,0.169664,0.011979,0.003017,0.018136
2026-09-17,ENA,95628.32,6.2e-05,0.0525,0.050007,0.087212,0.337669,0.439026,0.347663,0.001915,0.00254,0.018136
2026-09-17,ERA,47236.54,0.00549,0.3973,0.047833,0.045718,0.094614,0.074295,0.178871,0.028253,0.034631,0.018136
2026-09-17,ETHFI,-70452.75,-0.000119,-0.1646,0.048882,0.202391,0.202305,0.182016,0.123869,0.001176,0.000963,0.018136
2026-09-17,EWYB,232284.95,0.025252,1.0,0.040384,-0.007637,-0.009208,-0.008968,0.054752,-0.021917,-0.135726,0.018136
2026-09-17,FARM,33604.35,0.008097,0.7118,0.008736,0.041788,0.078169,0.074204,0.113823,0.027844,0.014725,0.018136
2026-09-17,FET,85194.52,0.00022,0.2187,0.099375,0.100829,0.068478,0.053464,0.222763,0.000467,-0.000335,0.018136
2026-09-17,FF,775767.52,0.001891,0.8806,-0.023146,-0.043146,-0.043242,0.157717,-0.027395,0.003132,0.005514,0.018136
2026-09-17,FLOKI,46040.96,0.000201,0.3018,0.043906,0.072431,0.106819,0.075455,0.235843,8.4e-05,-0.000793,0.018136
2026-09-17,FORT,-5454.49,-0.000585,-0.0461,0.017848,0.040297,0.034593,0.052101,0.102164,0.007565,0.008377,0.018136
2026-09-17,FORTH,34424.87,0.00883,0.6241,-0.009552,0.070755,0.02044,0.116051,0.067411,-0.008973,-0.025847,0.018136
2026-09-17,GFI,1001.56,0.000412,0.0178,0.084125,0.014158,0.070936,0.105096,0.13536,0.005647,0.032778,0.018136
2026-09-17,GHST,-12660.39,-0.003874,-1.0,0.00625,0.000642,0.049345,0.054147,0.038655,0.002803,-0.009824,0.018136
2026-09-17,GLWB,-428910.6,-0.345663,-1.0,0.023737,0.021548,0.011153,0.024736,0.081528,-0.052003,-0.155409,0.018136
2026-09-17,GROVE,8472.59,0.00146,0.0971,0.020346,-0.000553,0.007662,-0.00678,0.036968,-0.007066,-0.005638,0.018136
2026-09-17,GTC,-22728.21,-0.003396,-0.6631,0.030018,0.063893,0.116139,0.098829,0.141045,-0.000906,-0.007724,0.018136
2026-09-17,HFT,2071.98,0.000396,0.0217,0.044423,0.04903,0.057429,0.042754,0.099396,0.008162,-0.008594,0.018136
2026-09-17,HIGH,6085.21,0.001949,0.0378,-0.061839,5.2e-05,-0.030978,-0.030982,-0.061326,0.00849,0.027189,0.018136
2026-09-17,HOPR,-29952.78,-0.007274,-0.3307,0.049572,-0.002053,0.083639,0.074023,0.100721,-0.008959,-0.015756,0.018136
2026-09-17,IDEX,-247.8,-0.00027,-0.0227,0.030394,0.000734,-0.013798,-0.009893,-0.024093,-0.005679,0.000305,0.018136
2026-09-17,IMU,9859.88,0.004889,0.1555,-0.027191,0.032059,0.022218,0.023408,0.002293,0.000836,0.022113,0.018136
2026-09-17,INTWB,-28803.23,-0.038043,-0.4663,0.166913,-0.01637,0.001242,0.030606,0.268419,-0.201515,-0.394393,0.018136
2026-09-17,IRENB,658.01,0.000404,0.0066,0.019304,0.073731,0.071825,0.069124,0.12112,-0.10031,-0.227923,0.018136
2026-09-17,JASMY,127117.9,0.000651,1.0,0.08679,0.024193,0.073142,0.036114,0.115985,-0.002743,0.00506,0.018136
2026-09-17,KAIO,-237.93,-2.5e-05,-0.023,-0.0229,-0.035874,-0.011286,-0.020517,-0.027055,-0.004237,-0.009236,0.018136
2026-09-17,KORUB,12398.6,0.002024,1.0,0.120785,-0.024074,-0.025474,-0.024905,0.162508,-0.169671,-0.249248,0.018136
2026-09-17,L3,6122.21,0.001471,0.0379,-0.121125,0.044842,0.048655,0.020646,0.051663,0.0056,-0.005999,0.018136
2026-09-17,LA,329410.09,0.026073,0.7666,0.007092,0.077439,0.113726,0.078081,0.143436,0.099889,0.144165,0.018136
2026-09-17,LBTC,-237821.35,-0.000263,-0.1671,0.008077,0.059311,0.065881,0.059723,0.128138,-8.6e-05,-0.000653,0.018136
2026-09-17,LCX,-162406.71,-0.007039,-0.2285,0.012833,0.045731,0.103034,0.102391,0.185676,-0.005267,0.014154,0.018136
2026-09-17,LDO,-69786.48,-0.000233,-1.0,0.046518,0.107675,0.161784,0.171649,0.179533,-0.003118,-0.004833,0.018136
2026-09-17,LINK,325814.21,3.8e-05,0.1553,0.036845,0.091104,0.10458,0.108456,0.145942,2.1e-05,-4.8e-05,0.018136
2026-09-17,LIT,307809.23,0.000264,0.1575,0.042398,0.041995,0.057392,0.010889,0.036918,0.000723,0.000287,0.018136
2026-09-17,LITEB,-559914.42,-0.1362,-0.7474,-0.028408,0.042961,0.03385,0.034207,0.059971,-0.065407,0.04922,0.018136
2026-09-17,LMWR,40781.43,0.008026,0.4437,0.006162,0.043863,0.03343,0.012769,0.06845,-0.009984,0.008414,0.018136
2026-09-17,MDT,-44339.31,-0.007982,-0.487,0.087543,0.004047,0.002811,-0.011193,-0.02909,0.006827,0.008568,0.018136
2026-09-17,MITO,10190.05,0.00401,0.2823,0.022599,0.126054,0.136942,0.121801,0.180679,0.025949,0.168752,0.018136
2026-09-17,MLN,143109.29,0.03298,1.0,-0.133184,0.013538,0.007083,0.026973,0.106074,0.040783,0.031976,0.018136
2026-09-17,MNT,93682.49,5e-05,1.0,0.043155,0.100663,0.101019,0.069543,0.169085,-1e-05,-8.4e-05,0.018136
2026-09-17,MORPHO,170313.25,0.000145,0.3501,0.075076,0.081156,0.164649,0.224982,0.174264,0.000168,0.00187,0.018136
2026-09-17,MRVLB,3774.33,0.000494,0.0216,0.052548,0.001488,0.0016,0.006947,0.092941,-0.10407,-0.273059,0.018136
2026-09-17,MUUB,-19405.61,-0.010835,-0.3071,0.115045,0.069137,0.058673,0.055252,0.234744,-1.177941,-1.112888,0.018136
2026-09-17,MVLLB,17914.84,0.014708,0.1712,0.104347,0.002422,0.000621,0.015166,0.184229,0.02059,-0.102164,0.018136
2026-09-17,NBISB,-570.15,-8.9e-05,-0.0011,0.038486,0.025071,0.018776,0.01641,0.083628,-0.018295,-0.300652,0.018136
2026-09-17,NOKB,18894.48,0.010185,1.0,0.052023,0.003,-0.002515,0.000196,0.020111,-0.015621,0.21279,0.018136
2026-09-17,NOM,0.0,0.0,0.0,0.041889,0.03591,0.07365,0.05072,0.070367,-0.00057,0.088885,0.018136
2026-09-17,ONDO,131604.94,7.2e-05,0.1419,0.104921,0.064645,0.146215,0.146812,0.164814,-0.000427,-0.001246,0.018136
2026-09-17,ORCLB,19064.48,0.005967,1.0,0.053162,-0.01858,-0.024393,-0.024483,-0.010531,0.106043,0.212173,0.018136
2026-09-17,PAXG,-2690141.36,-0.001426,-0.328,0.015999,0.006091,0.004644,0.004794,0.004831,-0.002053,-0.002812,0.018136
2026-09-17,PENDLE,-80839.08,-0.000202,-0.3944,0.017761,0.136236,0.156225,0.142592,0.055471,-0.001026,-0.00365,0.018136
2026-09-17,PEPE,-819140.79,-0.000546,-0.7683,0.071637,0.058867,0.165863,0.107553,0.346464,-0.000597,-0.000529,0.018136
2026-09-17,PLUME,-68277.91,-0.000825,-1.0,0.066315,0.092255,0.091338,0.079976,0.222321,0.000551,-0.00111,0.018136
2026-09-17,POL,60009.22,5.7e-05,1.0,0.057357,0.114989,0.075154,0.09418,0.110155,-0.002331,-0.003088,0.018136
2026-09-17,PROM,59647.2,0.000599,1.0,0.029807,-0.076031,-0.035357,-0.081092,-0.105994,0.008379,0.013507,0.018136
2026-09-17,PUMP,0.0,0.0,0.0,-0.017073,0.059648,0.060007,0.058492,0.116988,-0.002207,-0.00032,0.018136
2026-09-17,QCOMB,-17426.21,-0.006545,-1.0,0.023644,-0.058106,-0.057108,-0.058882,0.049861,-0.085985,-0.092203,0.018136
2026-09-17,QNTB,-34419.99,-0.052733,-1.0,0.056971,-0.047197,-0.039891,-0.050937,-0.062741,-0.199294,-0.150716,0.018136
2026-09-17,RE,-67573.92,-0.000964,-0.352,0.005113,0.042897,0.05005,0.049338,0.045231,-0.006128,-0.006255,0.018136
2026-09-17,RED,-36242.97,-0.000543,-0.057,0.019922,0.119321,0.144873,0.168473,0.216679,0.003741,0.00508,0.018136
2026-09-17,RESOLV,79071.61,0.010206,0.8805,0.053345,0.038134,0.059088,0.052447,0.12412,0.012664,0.00327,0.018136
2026-09-17,RKLBB,133739.32,0.042574,0.8589,0.070882,-0.048693,-0.046956,-0.047119,0.063835,0.038138,0.09551,0.018136
2026-09-17,RLS,6575.91,0.001921,0.0596,-0.008274,0.042461,0.000375,0.012778,0.278721,-0.003222,0.000668,0.018136
2026-09-17,SAND,-87414.38,-0.000833,-0.2532,0.072659,0.0814,0.114371,0.129507,0.189417,0.01131,0.017798,0.018136
2026-09-17,SD,-2747.72,-0.000345,-0.0279,0.041526,0.02546,0.041462,0.039696,0.131111,0.005369,0.007467,0.018136
2026-09-17,SENT,-257005.48,-0.002191,-1.0,0.073784,0.098426,0.109418,0.104555,0.278052,-0.010367,-0.01709,0.018136
2026-09-17,SKHYon,13685.14,0.00947,1.0,0.047954,0.030688,0.022118,0.022202,0.067835,-0.003283,0.014682,0.018136
2026-09-17,SKY,535908.96,0.000389,0.3757,0.050796,0.189952,0.17197,0.203645,0.159992,0.005328,0.006586,0.018136
2026-09-17,SMCIB,44371.01,0.026626,1.0,0.100241,-0.036976,-0.040091,-0.022884,0.031132,0.011359,-0.171466,0.018136
2026-09-17,SNDKB,167303.3,0.003751,1.0,0.063999,0.103132,0.103226,0.097406,0.170756,0.051266,0.117743,0.018136
2026-09-17,SNXXB,57598.86,0.008169,1.0,0.128812,0.206924,0.203851,0.187505,0.345688,0.135789,0.135848,0.018136
2026-09-17,SOPH,23645.24,0.003081,0.038,-0.072249,0.042246,0.111971,0.12474,0.004803,0.006396,0.013779,0.018136
2026-09-17,SPK,-88684.95,-0.001498,-1.0,0.082058,0.094008,0.101089,0.117188,0.129544,0.00389,0.018901,0.018136
2026-09-17,SPX,-142980.05,-0.000332,-1.0,0.015875,0.096208,0.066385,0.025891,0.149148,-0.000957,-0.000779,0.018136
2026-09-17,STO,24459.75,0.002808,1.0,0.035329,0.049052,0.056203,0.037234,0.118876,0.004125,0.004063,0.018136
2026-09-17,STRK,146038.87,0.000702,1.0,0.05871,0.460939,0.501241,0.759411,0.521979,0.0019,0.00123,0.018136
2026-09-17,SWELL,5458.84,0.001446,0.0746,0.014739,0.010796,0.046132,0.042683,0.186735,0.007906,-0.014537,0.018136
2026-09-17,SYRUP,267789.26,0.001094,0.7148,0.070151,0.072141,0.092812,0.065072,0.062257,0.001675,0.005514,0.018136
2026-09-17,TMX,-44555.66,-0.086997,-1.0,-0.015387,0.030045,0.1074,-0.109264,-0.010302,-0.578577,-0.813725,0.018136
2026-09-17,TQQQB,14688.19,0.0055,1.0,0.054576,0.013048,0.01499,0.01215,0.130459,-0.026134,-0.124082,0.018136
2026-09-17,TREE,297888.84,0.048703,0.509,-0.023799,0.087684,0.143313,0.105089,0.204688,0.108864,0.142799,0.018136
2026-09-17,TSMB,-52590.93,-0.013666,-0.8393,0.028538,0.004995,0.007328,0.005092,0.052858,-0.019978,-0.013461,0.018136
2026-09-17,UNI,309240.96,6.5e-05,0.5302,0.202389,0.180281,0.140534,0.144177,0.204114,-0.00054,-0.000277,0.018136
2026-09-17,USARB,-4.07,-4e-06,-0.0002,0.038632,-0.018193,-0.005883,-0.004518,0.085068,0.023065,-0.137051,0.018136
2026-09-17,WBETH,249911.03,2.7e-05,1.0,0.017725,0.07715,0.074966,0.075317,0.122961,-9.8e-05,-0.000398,0.018136
2026-09-17,WBTC,-183180.37,-2.1e-05,-0.3641,0.008781,0.060109,0.062976,0.061184,0.127498,-0.000132,-0.000254,0.018136
2026-09-17,WDCB,6369.49,0.002975,0.2143,0.017465,0.040616,0.035615,0.032243,0.090681,0.02713,0.070007,0.018136
2026-09-17,WETH,-59740.04,-7e-06,-1.0,0.019687,0.074868,0.076565,0.074973,0.123123,-0.000542,-0.000571,0.018136
2026-09-17,WLD,-4062215.01,-0.002977,-0.4774,0.032903,0.106501,0.14615,0.152868,0.209564,0.002971,0.003537,0.018136
2026-09-17,WLFI,-10636.63,-6e-06,-0.0138,0.01511,0.012245,0.00989,0.008384,0.000296,5.4e-05,0.000487,0.018136
2026-09-17,WSTETH,0.0,0.0,0.0,0.022201,0.074472,0.075034,0.073655,0.12148,1.5e-05,2.7e-05,0.018136
2026-09-17,XAUt,743570.25,0.000275,0.1554,0.016676,0.007318,0.006752,0.006365,0.005033,-0.000218,-0.001859,0.018136
2026-09-17,ZAMA,221959.79,0.001767,0.4781,0.063585,0.211996,0.806458,0.795616,0.81637,-0.012286,-0.01214,0.018136
2026-09-17,ZKC,334230.43,0.016384,0.2337,0.005766,0.057265,0.069079,0.049412,0.108502,0.040173,0.059431,0.018136
2026-09-17,ZKJ,-100332.2,-0.01896,-0.9088,-0.01324,0.024347,0.042484,0.029462,0.017077,0.007709,0.011396,0.018136
2026-09-17,ZRO,144923.31,0.000361,1.0,0.092093,0.057734,0.055649,0.081173,0.245323,0.001233,0.001673,0.018136
2026-09-17,cbETH,-147488.07,-0.000315,-0.3015,0.02014,0.074743,0.076228,0.075284,0.122815,-0.001603,-0.000133,0.018136
2026-09-17,stETH,-483240.52,-2e-05,-1.0,0.017579,0.077839,0.076063,0.072861,0.122071,6e-05,-4.3e-05,0.018136
2026-09-18,A8,52502.83,0.016698,0.6006,0.000397,0.017313,-0.000804,0.050321,0.164669,0.027323,0.016439,0.139495
2026-09-18,AAOIB,7244.95,0.001512,0.1624,0.067438,0.009754,0.000339,0.032497,-0.034684,0.039845,-0.084112,0.139495
2026-09-18,AAVE,344664.59,0.000161,0.0269,0.08446,0.029019,-0.010153,0.046802,0.002884,0.003374,0.001807,0.139495
2026-09-18,AERGO,-2219.29,-0.000464,-0.0137,0.026313,-0.016614,0.000719,-0.012216,-0.000513,-0.004101,0.006016,0.139495
2026-09-18,AIOZ,126054.39,0.001242,0.0475,0.13828,0.142417,0.156781,0.58192,0.510819,0.005811,0.005996,0.139495
2026-09-18,ALCX,2196.51,0.000402,0.0038,0.023617,0.008323,0.002524,0.03195,0.410858,0.009014,0.02152,0.139495
2026-09-18,ALT,24929.73,0.005051,1.0,0.055807,0.110064,0.066524,0.159346,0.219112,0.026319,0.162555,0.139495
2026-09-18,AMATB,28935.59,0.011253,1.0,0.055004,0.00561,0.001378,0.055934,0.072943,0.080266,0.135489,0.139495
2026-09-18,AMDon,26484.1,0.002933,1.0,0.016159,0.000689,0.004927,0.110155,0.108788,-0.005662,-0.011109,0.139495
2026-09-18,AMZNB,6555.2,0.003518,1.0,0.010775,0.001155,-0.004398,0.016894,-0.019914,0.059653,0.00507,0.139495
2026-09-18,APE,350147.74,0.002565,0.2292,0.055461,0.043777,0.008369,0.057051,0.088013,-0.00408,-0.006024,0.139495
2026-09-18,API3,43278.31,0.002039,0.057,0.054323,0.037161,0.013806,0.049328,0.053335,-0.010863,-0.013223,0.139495
2026-09-18,ARKM,-68109.39,-0.002772,-1.0,0.079573,0.037622,0.031168,0.140888,0.118668,-0.008754,0.000806,0.139495
2026-09-18,ARMB,14333.14,0.005371,0.0716,0.03146,0.005166,0.012635,0.182518,0.219363,-0.049925,-0.192853,0.139495
2026-09-18,ASM,-11805.74,-0.001529,-0.3057,0.010221,0.007546,-0.003919,0.042604,0.108136,-0.004061,-0.013567,0.139495
2026-09-18,ASMLB,64667.48,0.017984,1.0,0.020467,0.006177,0.006479,0.0318,0.043941,0.051461,-0.364906,0.139495
2026-09-18,ATH,-436469.72,-0.0044,-0.3393,0.119707,0.089093,0.093537,0.104867,0.217178,-0.008317,-0.015393,0.139495
2026-09-18,AVGOB,-524132.32,-0.047311,-0.5121,0.02629,-0.001733,-0.001263,0.017041,-0.007515,0.242778,0.173456,0.139495
2026-09-18,AVGOon,15367.92,0.003091,1.0,0.025028,0.000873,-0.000617,0.017805,-0.004698,-0.003157,0.011586,0.139495
2026-09-18,AVT,-18703.61,-0.015543,-0.1179,0.077152,-0.070727,-0.12344,-0.076568,0.0137,-0.014483,-0.017497,0.139495
2026-09-18,AXS,51190.28,0.000289,0.0997,0.082115,0.00672,-0.006359,0.045274,0.023636,-0.001796,0.000428,0.139495
2026-09-18,AXTIB,91912.69,0.021334,0.4673,0.033348,-0.010421,-0.007681,0.140241,0.04735,0.084448,-0.010923,0.139495
2026-09-18,BAL,-14253.97,-0.00177,-0.1116,0.03619,0.010005,-0.005872,0.06308,0.030926,0.008654,0.005527,0.139495
2026-09-18,BARD,186198.17,0.004026,1.0,0.046701,0.036204,0.024688,0.067542,0.06722,-0.014314,-0.034559,0.139495
2026-09-18,BEAM,-371744.48,-0.185856,-0.2737,-0.021547,0.079476,-0.082911,-0.02368,-0.037343,-0.315695,-0.235414,0.139495
2026-09-18,BEB,487774.86,0.166147,0.9295,-0.044105,0.004649,-0.000537,0.020727,0.026465,0.059226,-0.015198,0.139495
2026-09-18,BILL,647279.56,0.018915,0.8494,0.03865,-0.005797,-0.02624,-0.040022,-0.135534,0.023597,0.078738,0.139495
2026-09-18,BLUR,-384008.04,-0.007334,-1.0,0.055231,0.044404,0.031298,0.104477,0.070813,-0.014424,-0.02432,0.139495
2026-09-18,BMNRB,-170345.45,-0.021689,-0.2672,0.089768,0.000836,-0.005339,0.078377,0.055374,0.065346,0.054272,0.139495
2026-09-18,BNT,-10628.95,-0.00032,-0.0058,0.066487,0.010956,-0.006819,0.029881,0.006129,0.008233,0.009272,0.139495
2026-09-18,BOBA,-1668.3,-0.00018,-0.01,0.016137,0.026421,0.024013,0.048005,0.055993,0.000687,0.011421,0.139495
2026-09-18,CBBTC,-2929951.0,-0.000377,-0.2104,0.058186,0.004673,0.001778,0.068209,0.04129,-0.000631,-0.002627,0.139495
2026-09-18,CBRSB,-14375.11,-0.00547,-0.1478,0.0222,-0.01018,-0.008121,0.048864,0.030279,-0.112698,0.008715,0.139495
2026-09-18,CBXRP,4115.76,2.3e-05,0.0122,0.079887,0.02075,0.0071,0.073394,0.069373,-0.002323,-0.004552,0.139495
2026-09-18,CFG,-370163.37,-0.00516,-1.0,0.070399,0.01759,0.107914,0.111032,0.128882,-0.00401,-8.9e-05,0.139495
2026-09-18,CHZ,0.0,0.0,0.0,0.030702,0.040236,0.01799,0.069615,0.068686,-0.00131,-0.002862,0.139495
2026-09-18,COHRB,5512.3,0.001469,0.1261,0.075728,-0.006492,-0.004825,0.011276,-0.054269,-0.012407,-0.064985,0.139495
2026-09-18,COINB,-130311.98,-0.00716,-1.0,0.115921,0.005683,0.00215,0.036179,0.022034,-0.038567,-0.044345,0.139495
2026-09-18,COINon,498.32,5.2e-05,0.0076,0.115745,0.008073,0.002288,0.038024,0.020867,-0.003709,-0.001928,0.139495
2026-09-18,COMP,-110562.21,-0.000532,-1.0,0.065496,0.034089,0.045042,0.074891,0.045992,0.002301,-0.005684,0.139495
2026-09-18,CRCLB,146665.74,0.001224,1.0,0.082361,-0.000533,-0.00505,0.022936,-0.00072,0.013793,-0.014413,0.139495
2026-09-18,CRCLon,11348.46,0.000103,0.0131,0.082521,0.001162,-0.003111,0.026179,0.001203,0.0024,0.004801,0.139495
2026-09-18,CRDOB,-26625.12,-0.01251,-0.0697,0.039595,-0.007307,-0.00746,0.077377,0.109785,-0.018447,-0.095112,0.139495
2026-09-18,CREO,5718.23,0.004275,1.0,0.027858,0.295909,0.284177,0.208738,0.401098,0.060209,0.094426,0.139495
2026-09-18,CRO,-200190.11,-6.7e-05,-0.5739,0.039142,-0.0036,-0.013743,0.064478,0.023306,-0.010858,-0.010979,0.139495
2026-09-18,CRV,591612.55,0.001105,0.6831,0.051973,-0.00931,0.009272,0.050299,-0.054693,0.00073,0.002366,0.139495
2026-09-18,CRWVB,20749.97,0.015414,0.0734,0.015507,0.000723,0.003806,0.051941,0.074977,0.321264,0.231204,0.139495
2026-09-18,CTC,-1752.17,-3.1e-05,-0.0045,0.067282,0.089241,0.056444,0.096808,0.071983,-0.006639,-0.012336,0.139495
2026-09-18,CVC,-58067.95,-0.002154,-0.3231,0.033024,0.023672,-0.017593,0.014474,0.037388,0.011333,0.014949,0.139495
2026-09-18,CYBER,-239710.7,-0.010114,-1.0,0.09809,0.046004,0.058529,0.079856,0.103404,0.010359,-0.002538,0.139495
2026-09-18,DELLB,18989.6,0.022756,0.5835,-0.033128,0.004436,0.002124,0.008778,-0.040755,-0.061007,-0.119534,0.139495
2026-09-18,DOS,-58248.56,-0.001387,-1.0,0.046623,0.022524,0.007579,0.030332,0.034263,-0.025326,-0.024623,0.139495
2026-09-18,DRV,84899.96,0.000395,1.0,0.259032,0.322587,0.379294,0.415478,0.621788,-0.000549,0.006486,0.139495
2026-09-18,EIGEN,-14973.25,-6.9e-05,-0.0398,0.15639,0.004497,0.000663,0.027757,0.00723,0.003058,0.004418,0.139495
2026-09-18,ELA,54791.19,0.007918,0.1069,0.056651,0.048016,0.018973,0.15674,0.085826,0.01826,0.01086,0.139495
2026-09-18,ENA,3398046.73,0.002013,0.679,0.087212,0.230367,0.323593,0.27879,0.229164,0.00389,0.003541,0.139495
2026-09-18,ENS,-1479886.86,-0.005583,-0.9127,0.104595,0.015528,0.016373,0.07489,0.066791,-0.008103,-0.010401,0.139495
2026-09-18,ERA,15348.97,0.001706,0.2577,0.045718,0.046759,0.027328,0.09816,0.090996,0.016803,0.037331,0.139495
2026-09-18,ETHFI,-345140.7,-0.000485,-0.3386,0.202391,-7.1e-05,-0.016945,-0.017484,-0.111814,0.000784,0.000768,0.139495
2026-09-18,EWYB,160018.51,0.017498,0.7742,-0.007637,-0.001583,-0.001341,0.043684,0.023758,0.001701,-0.112135,0.139495
2026-09-18,FARM,-35239.04,-0.00815,-0.3143,0.041788,0.034922,0.031115,0.105362,0.092024,-0.008379,0.007096,0.139495
2026-09-18,FET,-295350.27,-0.000693,-0.0805,0.100829,-0.029388,-0.043026,0.087614,0.05804,-0.000353,-0.001028,0.139495
2026-09-18,FF,-61074.94,-0.000156,-1.0,-0.043146,-0.0001,0.209921,0.029104,0.030791,0.002976,0.004708,0.139495
2026-09-18,FLOKI,-102230.56,-0.000415,-0.394,0.072431,0.032065,0.00282,0.108015,0.052301,-1.3e-05,-0.000798,0.139495
2026-09-18,FORT,-16567.34,-0.001708,-0.0625,0.040297,-0.005483,0.011347,0.055886,0.036368,0.00133,0.007552,0.139495
2026-09-18,FORTH,-70019.98,-0.016774,-0.4451,0.070755,-0.04699,0.042303,-0.009081,-0.033136,-0.024609,-0.040219,0.139495
2026-09-18,GALA,-102296.96,-0.00107,-1.0,0.033053,0.015353,0.013504,0.093872,-0.004491,0.000956,-0.000903,0.139495
2026-09-18,GFI,-5499.9,-0.002232,-0.3203,0.014158,0.055985,0.089668,0.115006,0.309398,0.006079,0.030546,0.139495
2026-09-18,GHST,-33432.96,-0.010224,-0.353,0.000642,0.048673,0.053471,0.059444,0.022888,-0.009816,-0.028933,0.139495
2026-09-18,GLWB,334735.82,0.210857,0.9094,0.021548,-0.010176,0.00312,0.054506,0.022768,0.16349,0.074945,0.139495
2026-09-18,GROVE,-21732.89,-0.003747,-0.151,-0.000553,0.008219,-0.006231,0.019343,0.010434,-0.010813,-0.008296,0.139495
2026-09-18,GRT,-58553.31,-0.000266,-1.0,0.084936,0.024335,0.120266,0.160638,0.260317,0.002222,0.005007,0.139495
2026-09-18,GRVT,50972.98,0.002419,0.3127,0.042357,0.035731,0.021438,0.031616,0.063101,-0.048514,-0.05498,0.139495
2026-09-18,GTC,-7190.85,-0.00101,-0.1753,0.063893,0.049108,0.032838,0.070968,0.024399,1.8e-05,-0.007134,0.139495
2026-09-18,HFT,-28555.1,-0.005197,-0.0921,0.04903,0.008006,-0.005983,0.0123,0.062935,-0.007287,-0.01379,0.139495
2026-09-18,HIGH,-4129.83,-0.001322,-0.0327,5.2e-05,-0.031029,-0.031033,-0.06184,-0.030194,-0.001623,0.001689,0.139495
2026-09-18,HOPR,5021.97,0.001222,0.027,-0.002053,0.085868,0.076232,0.120582,0.081213,-0.014671,-0.015174,0.139495
2026-09-18,IDEX,-5326.48,-0.005798,-0.3409,0.000734,-0.014521,-0.010619,0.02257,-0.040427,-0.011477,-0.005606,0.139495
2026-09-18,IMU,14783.87,0.007102,0.1348,0.032059,-0.009535,-0.008382,0.001711,-0.025413,0.003364,0.025711,0.139495
2026-09-18,IMX,-162528.63,-0.000626,-1.0,0.073319,0.097441,0.092608,0.155887,0.110847,-0.001329,-0.002746,0.139495
2026-09-18,INTWB,-42816.33,-0.063086,-0.2825,-0.01637,0.017905,0.047758,0.252698,0.248882,-0.228527,-0.317054,0.139495
2026-09-18,IRENB,-10602.01,-0.006046,-0.1585,0.073731,-0.001776,-0.004291,0.014915,0.020624,-0.114393,-0.231559,0.139495
2026-09-18,JASMY,80403.75,0.000402,1.0,0.024193,0.047792,0.011639,0.07213,0.038603,-0.00241,0.005391,0.139495
2026-09-18,KAIO,-8852.92,-0.00097,-1.0,-0.035874,0.025503,0.015929,0.030631,0.026835,-0.00577,-0.013129,0.139495
2026-09-18,KORUB,260823.07,0.070974,1.0,-0.024074,-0.001434,-0.000852,0.125461,0.060541,0.104315,-0.155221,0.139495
2026-09-18,L3,7869.81,0.001809,0.0255,0.044842,0.00365,-0.023157,0.024362,0.140137,-0.003131,0.007551,0.139495
2026-09-18,LBTC,-3306.24,-3e-06,-0.0014,0.059311,0.006203,0.000389,0.060199,0.040626,-0.000147,-0.000608,0.139495
2026-09-18,LCX,457355.14,0.018956,0.3431,0.045731,0.054797,0.054182,0.136164,0.184611,-0.006314,0.013852,0.139495
2026-09-18,LDO,-362217.15,-0.001093,-1.0,0.107675,0.048849,0.057755,0.089673,-0.030396,-0.003979,-0.005724,0.139495
2026-09-18,LINK,1171294.39,0.000127,0.319,0.091104,0.01235,0.015903,0.053487,-0.004867,0.000197,7.9e-05,0.139495
2026-09-18,LIT,513222.99,0.000422,0.1154,0.041995,0.014776,-0.029853,-0.011551,0.118227,0.001198,0.00023,0.139495
2026-09-18,LITEB,-40378.54,-0.009406,-0.1826,0.042961,-0.008736,-0.008393,0.02608,0.007663,0.03675,0.075461,0.139495
2026-09-18,LMWR,-26266.89,-0.004952,-1.0,0.043863,-0.009994,-0.029787,-0.009646,0.058437,-0.008479,-0.003908,0.139495
2026-09-18,LPT,-79053.03,-0.001024,-1.0,0.130324,0.055439,0.025258,0.115138,0.075284,-0.002707,-0.005367,0.139495
2026-09-18,LRDS,-7031.45,-0.010357,-0.2997,0.01132,0.065457,0.074582,0.056478,0.020786,-0.011601,-0.004649,0.139495
2026-09-18,MASK,-62804.49,-0.001343,-0.3243,0.081696,0.008674,-0.002094,0.028549,-0.024254,-0.00624,-0.014328,0.139495
2026-09-18,MAVIA,86143.77,0.011044,1.0,0.092101,0.016755,0.010808,0.031372,0.094673,0.0149,0.004917,0.139495
2026-09-18,MDT,29168.76,0.00523,0.5516,0.004047,-0.001232,-0.015178,0.023921,-0.054401,-0.011327,0.010636,0.139495
2026-09-18,MITO,0.0,0.0,0.0,0.126054,0.009669,-0.003777,0.011171,-0.012295,0.000261,0.16826,0.139495
2026-09-18,MLN,-61501.71,-0.013984,-0.4826,0.013538,-0.006369,0.013255,0.03624,0.117036,0.02228,0.018324,0.139495
2026-09-18,MORPHO,-55720.05,-4.4e-05,-0.1188,0.081156,0.077225,0.133029,0.115274,0.065333,6.7e-05,6.6e-05,0.139495
2026-09-18,MRVLB,-187266.5,-0.024858,-0.3075,0.001488,0.000112,0.005451,0.070753,0.076823,-0.097991,-0.297031,0.139495
2026-09-18,MUUB,-43236.08,-0.02282,-0.6532,0.069137,-0.009788,-0.012988,0.062483,0.106141,-1.206785,-1.138806,0.139495
2026-09-18,MVLLB,-124117.8,-0.109517,-1.0,0.002422,-0.001797,0.012713,0.141704,0.154685,-0.09857,-0.123388,0.139495
2026-09-18,NBISB,-24843.52,-0.003779,-0.0804,0.025071,-0.00614,-0.008449,0.044095,0.017002,0.001195,-0.305465,0.139495
2026-09-18,NEXO,-163538.17,-0.000301,-1.0,0.039808,0.006876,-0.01579,0.046281,0.030082,-0.000703,-0.000749,0.139495
2026-09-18,NOKB,23509.11,0.01265,1.0,0.003,-0.005499,-0.002796,0.027221,-0.005944,0.027235,0.22544,0.139495
2026-09-18,NOM,4505.41,0.000938,0.0477,0.03591,0.036432,0.014297,0.070779,0.088955,0.000368,0.0884,0.139495
2026-09-18,ONDO,1246384.29,0.000644,0.183,0.064645,0.076616,0.077177,0.112813,0.036615,0.000332,-0.000374,0.139495
2026-09-18,ORCLB,146855.97,0.043144,0.7828,-0.01858,-0.005923,-0.006015,0.00463,-0.022921,0.151835,0.22009,0.139495
2026-09-18,PAXG,1803875.15,0.00095,0.445,0.006091,-0.001438,-0.001289,-0.006151,-0.019975,-0.001168,-0.001993,0.139495
2026-09-18,PENDLE,-85866.32,-0.000189,-1.0,0.136236,0.017592,0.005594,-0.027521,-0.039701,-0.001354,-0.00112,0.139495
2026-09-18,PEPE,797672.24,0.000503,0.44,0.058867,0.101047,0.045979,0.296288,0.140513,-0.000251,-0.000171,0.139495
2026-09-18,PIEVERSE,-57915.61,-0.000118,-0.2902,0.31278,-0.035892,-0.063375,0.095321,0.034882,9.2e-05,0.000167,0.139495
2026-09-18,PLTRB,-38065.15,-0.019205,-0.5117,0.002707,-0.000991,0.001654,0.032972,0.082955,0.045561,0.354724,0.139495
2026-09-18,POL,316299.45,0.000271,0.6369,0.114989,-0.035727,-0.018663,0.023551,-0.071735,-0.001971,-0.002553,0.139495
2026-09-18,PROM,-130039.72,-0.001414,-0.3593,-0.076031,0.044022,-0.005477,0.010556,0.02038,0.004314,0.010126,0.139495
2026-09-18,PTB,-25635.2,-0.004683,-1.0,0.049026,0.053754,0.357459,0.795448,0.371152,-0.009071,-0.014999,0.139495
2026-09-18,PUMP,-11202.71,-0.001862,-0.1399,0.059648,0.000338,-0.001091,0.028569,0.022926,-0.004069,-0.002185,0.139495
2026-09-18,QCOMB,182775.32,0.068722,0.7187,-0.058106,0.00106,-0.000823,0.093572,0.106209,-0.011256,-0.023481,0.139495
2026-09-18,QNTB,-34252.52,-0.058138,-0.5829,-0.047197,0.007668,-0.003925,-0.018215,-0.033308,-0.21631,-0.229238,0.139495
2026-09-18,RED,158198.22,0.002113,0.2567,0.119321,0.022828,0.043912,0.039588,0.046416,0.003721,0.008343,0.139495
2026-09-18,RESOLV,0.0,0.0,0.0,0.038134,0.020184,0.013787,0.050071,0.019967,0.011287,0.004346,0.139495
2026-09-18,RKLBB,-69341.23,-0.023522,-0.4241,-0.048693,0.001826,0.001654,0.082155,0.09405,0.027373,0.106949,0.139495
2026-09-18,RLS,-75059.87,-0.021036,-0.4212,0.042461,-0.040372,-0.028474,-0.033903,0.019409,-0.026597,-0.02446,0.139495
2026-09-18,RPL,-48316.39,-0.001172,-0.2732,0.088111,0.013026,0.008528,0.07808,0.068293,0.000436,-0.001169,0.139495
2026-09-18,SAND,-168733.12,-0.001487,-0.2224,0.0814,0.030489,0.044486,0.074376,0.047082,0.003298,0.015784,0.139495
2026-09-18,SD,-60953.8,-0.007453,-0.1913,0.02546,0.015605,0.013882,0.051713,0.131344,-0.007135,3.3e-05,0.139495
2026-09-18,SENT,-164969.12,-0.00128,-1.0,0.098426,0.010007,0.005581,0.060722,0.186801,-0.010027,-0.017281,0.139495
2026-09-18,SHIB,117832.77,3.7e-05,0.2442,0.066924,0.022718,0.003109,0.082941,0.023272,-5.4e-05,-8.5e-05,0.139495
2026-09-18,SKHYon,-16198.8,-0.010904,-1.0,0.030688,-0.008315,-0.008233,0.004954,4.8e-05,-0.017479,0.006541,0.139495
2026-09-18,SKY,217214.46,0.000132,0.6503,0.189952,-0.015111,0.011507,0.034423,-0.005168,0.005356,0.006634,0.139495
2026-09-18,SMCIB,22004.25,0.013711,0.1932,-0.036976,-0.003234,0.014633,0.059058,0.065136,0.031592,-0.021374,0.139495
2026-09-18,SMHB,-54995.02,-0.044906,-0.7697,0.015693,0.002315,0.003388,0.047565,0.05242,0.023674,-0.012429,0.139495
2026-09-18,SNDKB,350581.3,0.007261,1.0,0.103132,8.5e-05,-0.005191,-0.005682,0.020085,0.05364,0.110428,0.139495
2026-09-18,SNXXB,180244.71,0.021491,1.0,0.206924,-0.002546,-0.016089,-0.015924,0.028899,0.154491,0.138912,0.139495
2026-09-18,SOPH,-867.42,-0.000108,-0.0022,0.042246,0.066899,0.079151,0.124063,-0.063638,0.012545,0.01367,0.139495
2026-09-18,SPK,-71011.51,-0.001097,-1.0,0.094008,0.006473,0.021188,0.010224,-0.036352,-0.001321,0.02089,0.139495
2026-09-18,SPX,-21914.16,-4.6e-05,-0.1433,0.096208,-0.027205,-0.064145,0.010304,-0.14429,-0.000969,-0.000886,0.139495
2026-09-18,STO,-13338.5,-0.00146,-0.2442,0.049052,0.006816,-0.011266,0.018854,0.056131,0.001681,0.001177,0.139495
2026-09-18,STRK,-91992.07,-0.000303,-0.3566,0.460939,0.027586,0.204302,0.07323,-0.0627,-0.00034,0.002001,0.139495
2026-09-18,SYRUP,498608.45,0.001899,0.3473,0.072141,0.01928,-0.006593,0.051412,-0.079812,0.003371,0.006772,0.139495
2026-09-18,TMX,-1182354.98,-2.241268,-0.9896,0.030045,0.075099,-0.135246,0.003773,-0.051491,-2.902766,-3.054993,0.139495
2026-09-18,TQQQB,43289.53,0.016255,1.0,0.013048,0.001918,-0.000886,0.089532,0.082317,0.104165,-0.053885,0.139495
2026-09-18,TRAC,-11330.63,-6.7e-05,-0.0316,0.029166,0.004039,-0.022198,0.029619,0.013718,-0.001454,0.001014,0.139495
2026-09-18,TREE,47131.06,0.007084,0.1629,0.087684,0.051145,0.016002,0.047372,0.120198,0.124691,0.153218,0.139495
2026-09-18,TSMB,19705.62,0.005062,1.0,0.004995,0.002321,9.6e-05,0.030633,0.034973,-0.004817,-0.041143,0.139495
2026-09-18,UNI,256639.91,4.6e-05,0.0997,0.180281,-0.033676,-0.030589,-0.022678,0.019811,-0.000494,-0.000331,0.139495
2026-09-18,USARB,-4207.59,-0.0048,-0.2298,-0.018193,0.012538,0.013929,0.094597,0.034469,-0.016997,-0.070589,0.139495
2026-09-18,WBETH,-79465.68,-8e-06,-0.3973,0.07715,-0.002028,-0.001702,0.047647,0.014783,-7e-05,-0.000395,0.139495
2026-09-18,WBTC,-676641.48,-7.2e-05,-0.453,0.060109,0.002704,0.001014,0.066752,0.040374,-0.000175,-0.0003,0.139495
2026-09-18,WDCB,-11907.8,-0.005349,-0.4424,0.040616,-0.004806,-0.008046,0.013017,0.069894,0.025238,0.098148,0.139495
2026-09-18,WETH,-53502.87,-6e-06,-0.1202,0.074868,0.001579,9.8e-05,0.048288,0.015048,-0.000548,-0.000586,0.139495
2026-09-18,WLD,-369280.01,-0.000244,-0.3664,0.106501,0.035833,0.041904,0.040875,-0.027726,0.001301,0.003435,0.139495
2026-09-18,WLFI,-685368.92,-0.000368,-0.5225,0.012245,-0.002326,-0.003814,-0.020662,-0.079423,-0.000353,-5.8e-05,0.139495
2026-09-18,XAUt,-6369603.52,-0.002337,-0.7648,0.007318,-0.000562,-0.000947,-0.006228,-0.020336,-0.002556,-0.003418,0.139495
2026-09-18,XCN,-74615.02,-0.000445,-0.2975,0.079015,-0.002917,-0.029587,0.033409,0.113009,0.003859,0.003094,0.139495
2026-09-18,ZAMA,-116152.5,-0.000763,-0.1319,0.211996,0.490482,0.481536,0.532502,0.504341,-0.013049,-0.013122,0.139495
2026-09-18,ZKC,119766.43,0.00555,0.0583,0.057265,0.011173,-0.007428,0.025786,0.013291,0.045349,0.064402,0.139495
2026-09-18,ZKJ,-2551.1,-0.000471,-0.006,0.024347,0.017706,0.004994,0.024752,-0.006577,-0.016586,0.012942,0.139495
2026-09-18,ZRO,-148939.33,-0.000351,-0.1391,0.057734,-0.001971,0.022159,0.041338,0.354571,0.000698,0.001484,0.139495
2026-09-18,cbETH,-846159.29,-0.001689,-0.5067,0.074743,0.001383,0.000504,0.048388,0.015475,-0.002634,-0.002092,0.139495
2026-09-18,stETH,-203973.37,-8e-06,-0.5886,0.077839,-0.001647,-0.004618,0.046028,0.014004,4.6e-05,-6.8e-05,0.139495
2026-09-19,A8,-14139.24,-0.00442,-0.3333,0.017313,-0.017809,0.032446,0.296295,0.153058,0.017165,0.012019,-0.009044
2026-09-19,AAOIB,-26886.95,-0.005585,-1.0,0.009754,-0.009324,0.022524,0.012392,-0.048146,0.025071,-0.079378,-0.009044
2026-09-19,AAVE,-56608.29,-2.6e-05,-1.0,0.029019,-0.038067,0.017282,0.009268,0.031349,0.001881,0.001819,-0.009044
2026-09-19,AERGO,0.0,0.0,0.0,-0.016614,0.017626,0.004472,-0.002497,-0.001772,-0.004101,-0.00244,-0.009044
2026-09-19,AIOZ,579504.62,0.004997,0.1853,0.142417,0.012573,0.384713,0.408059,0.383646,0.004998,0.010993,-0.009044
2026-09-19,ALCX,-2938.98,-0.000533,-0.0253,0.008323,-0.005752,0.023432,0.54684,0.334223,0.008525,0.015424,-0.009044
2026-09-19,ALLO,-300018.96,-0.006306,-1.0,0.116399,0.078021,0.125905,0.138524,0.212044,-0.001907,0.009278,-0.009044
2026-09-19,ALT,-25060.08,-0.004574,-1.0,0.110064,-0.039223,0.044395,0.06884,0.018261,0.020611,0.157981,-0.009044
2026-09-19,AMATB,-21465.95,-0.008328,-1.0,0.00561,-0.004208,0.050044,0.064192,0.068377,0.082231,0.121843,-0.009044
2026-09-19,AMDon,31263.81,0.003449,1.0,0.000689,0.004235,0.10939,0.123082,0.134221,0.002777,-0.006486,-0.009044
2026-09-19,AMZNB,-38940.95,-0.021238,-1.0,0.001155,-0.005546,0.015721,0.003762,-0.019132,0.022616,-0.056274,-0.009044
2026-09-19,APE,531135.8,0.003728,0.1871,0.043777,-0.033923,0.012718,0.10119,0.067845,0.008559,-0.002297,-0.009044
2026-09-19,API3,-30029.13,-0.001364,-0.1149,0.037161,-0.022518,0.011731,0.051712,0.059452,-0.012365,-0.020934,-0.009044
2026-09-19,ARKM,-51825.58,-0.002033,-1.0,0.037622,-0.00622,0.099522,0.135203,0.145554,-0.011309,-0.001057,-0.009044
2026-09-19,ARMB,-186231.61,-0.073924,-1.0,0.005166,0.007431,0.176441,0.211935,0.116635,-0.109208,-0.259455,-0.009044
2026-09-19,ASMLB,-15054.33,-0.004115,-1.0,0.006177,0.0003,0.025465,0.043761,0.029647,0.029539,-0.294685,-0.009044
2026-09-19,ATH,-52703.8,-0.000488,-1.0,0.089093,0.00408,0.014483,0.055721,0.124052,-0.010478,-0.014805,-0.009044
2026-09-19,AVGOB,-236364.92,-0.021737,-1.0,-0.001733,0.000471,0.018806,0.023271,-0.018531,0.010568,0.144748,-0.009044
2026-09-19,AVGOon,17871.14,0.003592,1.0,0.000873,-0.001489,0.016917,0.022953,-0.019535,0.001546,0.013696,-0.009044
2026-09-19,AVT,-5884.32,-0.005262,-0.0785,-0.070727,-0.056724,-0.006285,0.033812,0.068687,-0.019815,-0.022039,-0.009044
2026-09-19,AXS,148824.59,0.000833,0.2131,0.00672,-0.012992,0.038297,0.076526,0.061291,0.001054,0.001673,-0.009044
2026-09-19,AXTIB,-284815.7,-0.070601,-1.0,-0.010421,0.002769,0.152249,0.121519,0.094675,0.014381,-0.080693,-0.009044
2026-09-19,BAL,5831.87,0.000717,0.0908,0.010005,-0.015719,0.052549,0.06062,0.026414,0.003107,0.006374,-0.009044
2026-09-19,BARD,-176175.25,-0.003676,-0.6282,0.036204,-0.011113,0.030243,0.051792,0.070188,-0.01023,-0.031426,-0.009044
2026-09-19,BEAM,-351260.55,-0.162685,-0.7666,0.079476,-0.150432,-0.095562,-0.867385,-0.154482,-0.477682,-0.090438,-0.009044
2026-09-19,BEB,-479866.35,-0.191712,-1.0,0.004649,-0.005162,0.016003,0.029495,-0.011536,-0.115402,-0.212273,-0.009044
2026-09-19,BILL,-202177.43,-0.005942,-1.0,-0.005797,-0.020563,-0.034425,-0.020966,-0.055713,0.006823,0.050988,-0.009044
2026-09-19,BLUR,-184734.79,-0.003377,-1.0,0.044404,-0.012549,0.057519,0.059942,0.06194,-0.012683,-0.026141,-0.009044
2026-09-19,BMNRB,244901.48,0.029626,0.7397,0.000836,-0.00617,0.077476,0.100838,0.077469,0.08827,0.082678,-0.009044
2026-09-19,BNT,-12450.09,-0.000371,-0.0136,0.010956,-0.017582,0.018719,0.03624,0.033545,0.007929,0.008549,-0.009044
2026-09-19,BOBA,-4401.68,-0.000462,-0.052,0.026421,-0.002346,0.021028,0.085527,0.067014,0.003761,0.008437,-0.009044
2026-09-19,CAP,-234041.66,-0.003214,-1.0,-0.132427,-0.036667,-0.022178,-0.003011,0.067774,-0.010611,-0.004125,-0.009044
2026-09-19,CBBTC,-404769.31,-5.2e-05,-0.7109,0.004673,-0.002881,0.063241,0.060375,0.036736,-0.000754,-0.002631,-0.009044
2026-09-19,CBRSB,-138790.85,-0.056624,-1.0,-0.01018,0.00208,0.059651,0.078336,0.051884,-0.168367,-0.07683,-0.009044
2026-09-19,CBXRP,59025.67,0.000319,0.3535,0.02075,-0.013373,0.051574,0.105678,0.068137,-0.003066,-0.003456,-0.009044
2026-09-19,CHZ,55905.59,0.000346,0.2889,0.040236,-0.021385,0.028243,0.086551,0.069974,-0.000326,-0.002516,-0.009044
2026-09-19,COHRB,-318675.8,-0.092875,-0.8258,-0.006492,0.001678,0.017884,-0.016172,-0.076051,-0.103278,-0.159854,-0.009044
2026-09-19,COINB,-343282.41,-0.019059,-1.0,0.005683,-0.003513,0.030323,0.032837,0.022632,-0.05201,-0.05173,-0.009044
2026-09-19,COMP,143754.8,0.000669,0.401,0.034089,0.010592,0.039457,0.061867,0.128445,0.002107,-0.004544,-0.009044
2026-09-19,CRCLon,167517.37,0.001528,0.2213,0.001162,-0.004268,0.024988,0.030694,0.012791,0.004138,0.008369,-0.009044
2026-09-19,CRDOB,-601071.89,-0.35913,-1.0,-0.007307,-0.000154,0.085308,0.111435,0.130449,-0.390369,-0.445834,-0.009044
2026-09-19,CREO,-24162.94,-0.013939,-0.2407,0.295909,-0.009053,-0.067267,-0.045743,-0.004613,0.038082,0.068524,-0.009044
2026-09-19,CRO,-126701.99,-4.3e-05,-0.262,-0.0036,-0.010179,0.068324,0.124965,0.063906,-0.010862,-0.011053,-0.009044
2026-09-19,CRV,54612.96,0.000103,1.0,-0.00931,0.018756,0.06017,0.048784,0.037367,0.001015,0.00093,-0.009044
2026-09-19,CRWVB,86104.08,0.059773,0.5813,0.000723,0.00308,0.051181,0.066595,0.10963,0.331187,0.287865,-0.009044
2026-09-19,CVC,-36416.28,-0.001319,-0.1285,0.023672,-0.040311,-0.008985,0.025698,0.088932,0.008053,0.016531,-0.009044
2026-09-19,DELLB,-8127.95,-0.009691,-1.0,0.004436,-0.002302,0.004323,-0.040571,-0.060605,-0.021379,-0.166791,-0.009044
2026-09-19,DOS,232152.32,0.005408,1.0,0.022524,-0.014616,0.007635,0.005537,0.040814,-0.006262,-0.023871,-0.009044
2026-09-19,ELA,-55178.83,-0.007609,-0.2225,0.048016,-0.027712,0.103743,0.056238,0.111634,0.001748,0.003266,-0.009044
2026-09-19,ENA,361089.58,0.000174,1.0,0.230367,0.075771,0.039357,0.007471,0.081659,0.002963,0.003715,-0.009044
2026-09-19,ENS,63202.23,0.000235,1.0,0.015528,0.000832,0.058455,0.057017,0.116876,-0.005691,-0.009935,-0.009044
2026-09-19,ERA,-11863.76,-0.00126,-0.0376,0.046759,-0.018563,0.049105,0.076974,0.080786,0.015017,0.040831,-0.009044
2026-09-19,ETHFI,518904.66,0.000729,0.7192,-7.1e-05,-0.016876,-0.017414,-0.065239,-0.078413,0.001792,0.001432,-0.009044
2026-09-19,EWYB,-66372.54,-0.007319,-1.0,-0.001583,0.000242,0.045339,0.064555,0.008984,0.045699,-0.076117,-0.009044
2026-09-19,FARM,23202.13,0.005185,0.1803,0.034922,-0.003678,0.068064,0.033069,0.019327,0.002999,0.004665,-0.009044
2026-09-19,FET,615734.64,0.001487,0.8598,-0.029388,-0.014052,0.120544,0.144397,0.252015,0.000341,-2.5e-05,-0.009044
2026-09-19,FF,-61494.12,-0.000157,-1.0,-0.0001,0.210041,0.029207,0.016562,0.055532,0.002832,0.002947,-0.009044
2026-09-19,FORT,-633.74,-6.6e-05,-0.0039,-0.005483,0.016923,0.061707,0.065311,0.064268,0.00126,0.008785,-0.009044
2026-09-19,FORTH,29847.4,0.007503,0.394,-0.04699,0.093695,0.039778,0.04603,0.064165,-0.004131,-0.032717,-0.009044
2026-09-19,GFI,-3713.36,-0.001427,-0.1705,0.055985,0.031897,0.055892,0.060157,0.771748,-0.000685,0.029119,-0.009044
2026-09-19,GHST,-17737.41,-0.005172,-0.1424,0.048673,0.004576,0.010271,-0.010188,0.036376,-0.013541,-0.035909,-0.009044
2026-09-19,GROVE,5176.33,0.000885,1.0,0.008219,-0.014332,0.011034,0.029083,0.002141,-0.01114,-0.005426,-0.009044
2026-09-19,GRT,-68986.39,-0.000306,-1.0,0.024335,0.093652,0.133065,0.205961,0.259784,0.002259,5.1e-05,-0.009044
2026-09-19,HFT,6546.43,0.001182,0.0438,0.008006,-0.013878,0.00426,0.039688,0.050527,-0.0073,-0.009563,-0.009044
2026-09-19,HIGH,1439.69,0.000476,0.0467,-0.031029,-4e-06,-0.031798,-0.031318,0.031243,-0.002569,0.002165,-0.009044
2026-09-19,HOPR,-2887.02,-0.000647,-0.0241,0.085868,-0.008873,0.031969,0.015764,0.011969,-0.015232,-0.015911,-0.009044
2026-09-19,IDEX,5325.1,0.005882,0.3258,-0.014521,0.00396,0.037638,-0.010439,-0.015579,-0.011051,0.000278,-0.009044
2026-09-19,IMU,733.15,0.000356,0.0074,-0.009535,0.001164,0.011354,-0.019492,-0.007666,0.003486,0.023751,-0.009044
2026-09-19,IMX,-230187.62,-0.000808,-1.0,0.097441,-0.004404,0.053256,0.05479,0.074734,-0.002224,-0.004042,-0.009044
2026-09-19,INTWB,79633.28,0.099463,0.4518,0.017905,0.029328,0.230662,0.266845,0.332712,-0.007528,-0.235708,-0.009044
2026-09-19,IRENB,-69551.36,-0.041284,-1.0,-0.001776,-0.00252,0.01672,0.045991,-0.005832,-0.140269,-0.287718,-0.009044
2026-09-19,KAIO,32578.65,0.003482,0.3937,0.025503,-0.009336,0.005,-0.015949,-0.010542,-0.006255,-0.009648,-0.009044
2026-09-19,KORUB,-91854.01,-0.025654,-1.0,-0.001434,0.000584,0.127077,0.192896,0.009753,0.049819,-0.071275,-0.009044
2026-09-19,L3,9839.86,0.002254,0.0313,0.00365,-0.026709,0.020637,0.002868,0.091417,0.001385,-0.002108,-0.009044
2026-09-19,LBTC,243066.63,0.000252,1.0,0.006203,-0.005778,0.053664,0.058409,0.033552,0.000136,0.000211,-0.009044
2026-09-19,LCX,-423316.81,-0.016634,-0.1812,0.054797,-0.000583,0.077141,0.074922,0.284455,-0.003743,-0.00277,-0.009044
2026-09-19,LINK,216911.61,2.3e-05,1.0,0.01235,0.003509,0.040635,0.037446,0.06066,0.000299,9.3e-05,-0.009044
2026-09-19,LIT,322173.53,0.000261,0.51,0.014776,-0.043979,-0.025944,-0.019362,0.091396,0.001148,0.000507,-0.009044
2026-09-19,LITEB,-57151.11,-0.013557,-0.584,-0.008736,0.000346,0.035122,0.025266,0.006625,-0.027243,0.064485,-0.009044
2026-09-19,LPT,-99240.55,-0.001218,-1.0,0.055439,-0.028595,0.056563,0.043679,0.010551,-0.002296,-0.006586,-0.009044
2026-09-19,MAVIA,46487.65,0.005862,1.0,0.016755,-0.00585,0.014375,0.043784,0.082483,0.014459,0.015545,-0.009044
2026-09-19,METH,165486.83,0.000274,0.4078,0.007982,-0.003071,0.04389,0.040882,0.020845,-0.05217,-0.030482,-0.009044
2026-09-19,MITO,0.0,0.0,0.0,0.009669,-0.013317,0.001488,0.038469,0.013047,0.000261,0.101307,-0.009044
2026-09-19,MLN,28188.87,0.00645,0.147,-0.006369,0.01975,0.042882,0.098295,1.359124,0.02192,0.027245,-0.009044
2026-09-19,MORPHO,300053.35,0.000219,0.5548,0.077225,0.051803,0.035321,0.008255,0.08402,0.000375,0.000281,-0.009044
2026-09-19,MRVLB,-164788.42,-0.022222,-0.4047,0.000112,0.005338,0.070633,0.091196,0.077365,-0.107402,-0.278851,-0.009044
2026-09-19,MUUB,-43069.1,-0.023301,-1.0,-0.009788,-0.003231,0.072985,0.166314,0.131749,-1.290128,-1.161734,-0.009044
2026-09-19,MVLLB,-66252.29,-0.061298,-0.6356,-0.001797,0.014536,0.143759,0.183493,0.151645,-0.202742,-0.189462,-0.009044
2026-09-19,NBISB,-164198.12,-0.025643,-0.8252,-0.00614,-0.002323,0.050546,0.063656,0.100427,-0.04963,-0.339582,-0.009044
2026-09-19,NOKB,-19323.84,-0.01044,-1.0,-0.005499,0.002718,0.032901,0.022683,-0.014931,0.008063,0.215,-0.009044
2026-09-19,NOM,18375.93,0.00369,0.1661,0.036432,-0.021357,0.033139,-0.003057,0.301037,0.006692,0.046758,-0.009044
2026-09-19,ONDO,-150307.73,-7.2e-05,-0.1674,0.076616,0.000521,0.033621,0.016226,0.193684,0.000532,-0.000243,-0.009044
2026-09-19,ORCLB,-143280.57,-0.04398,-1.0,-0.005923,-9.2e-05,0.010616,0.014208,-0.048307,0.07355,0.144479,-0.009044
2026-09-19,PAXG,264070.84,0.000139,0.4327,-0.001438,0.000149,-0.00472,0.000186,-0.021953,-0.001451,-0.001816,-0.009044
2026-09-19,PENDLE,48930.51,0.000106,0.1688,0.017592,-0.011791,-0.044333,-0.08714,-0.019521,-0.000286,-0.001318,-0.009044
2026-09-19,PEPE,42526.05,2.4e-05,0.1909,0.101047,-0.050015,0.177323,0.154907,0.056407,-0.000384,0.000166,-0.009044
2026-09-19,PIEVERSE,67204.85,0.000142,0.2508,-0.035892,-0.028507,0.136098,0.102993,0.003711,0.000233,5.1e-05,-0.009044
2026-09-19,PLTRB,-47977.08,-0.024792,-1.0,-0.000991,0.002648,0.033996,0.044827,0.088081,-0.030537,0.337022,-0.009044
2026-09-19,POL,90698.18,8e-05,0.2982,-0.035727,0.017696,0.061475,0.032555,0.023391,-0.000102,-0.002352,-0.009044
2026-09-19,PRIME,-29426.12,-0.003513,-0.7236,0.00934,-0.008462,-0.000929,-0.016688,-0.01443,-0.011244,-0.00977,-0.009044
2026-09-19,PROM,179968.0,0.001874,1.0,0.044022,-0.047412,-0.032054,-0.073226,0.034459,0.003528,0.012535,-0.009044
2026-09-19,PTB,37873.48,0.006565,1.0,0.053754,0.288213,0.703859,0.397175,0.417765,0.002545,-0.008434,-0.009044
2026-09-19,QCOMB,-238701.53,-0.097065,-1.0,0.00106,-0.001882,0.092414,0.113447,0.089556,-0.08687,-0.153514,-0.009044
2026-09-19,QNTB,-7821.6,-0.013284,-1.0,0.007668,-0.011505,-0.025686,-0.0238,-0.059731,-0.237824,-0.233842,-0.009044
2026-09-19,RE,-89927.3,-0.001222,-1.0,0.006858,-0.000678,0.002033,-0.004589,0.024608,-0.004327,-0.006345,-0.009044
2026-09-19,RED,57263.17,0.000746,0.1347,0.022828,0.020613,0.016385,0.06272,0.087228,0.005098,0.007979,-0.009044
2026-09-19,RKLBB,-126310.47,-0.044203,-1.0,0.001826,-0.000171,0.080183,0.116249,0.140214,-0.040252,0.05935,-0.009044
2026-09-19,RLS,5345.24,0.001561,0.1119,-0.040372,0.012398,0.006741,0.278241,0.126085,-0.025121,-0.025549,-0.009044
2026-09-19,RPL,-19.39,-0.0,-0.0001,0.013026,-0.00444,0.064217,0.076467,0.08408,0.00044,-0.001159,-0.009044
2026-09-19,SAND,278350.64,0.002381,1.0,0.030489,0.013583,0.042589,0.067344,0.07565,0.007076,0.016782,-0.009044
2026-09-19,SD,34084.07,0.004103,0.1123,0.015605,-0.001696,0.035554,0.08608,0.133588,-0.003065,0.000242,-0.009044
2026-09-19,SENT,-266973.59,-0.002051,-1.0,0.010007,-0.004383,0.050212,0.152002,0.187259,-0.010856,-0.017777,-0.009044
2026-09-19,SHIB,-6956.93,-2e-06,-0.0523,0.022718,-0.019173,0.058885,0.080516,0.040428,-7.9e-05,-0.000113,-0.009044
2026-09-19,SMCIB,-77339.08,-0.048348,-1.0,-0.003234,0.017925,0.062494,0.074198,0.080815,-0.023869,-0.036682,-0.009044
2026-09-19,SMHB,-13014.86,-0.010705,-1.0,0.002315,0.001071,0.045146,0.063914,0.050869,0.018735,0.01332,-0.009044
2026-09-19,SNDKB,-18945317.28,-0.632731,-1.0,8.5e-05,-0.005275,-0.005766,0.061211,-0.014904,-0.559654,-0.526285,-0.009044
2026-09-19,SOPH,-26560.69,-0.003112,-0.1595,0.066899,0.011483,0.05358,-0.096376,-0.102405,0.014636,-0.03008,-0.009044
2026-09-19,SPK,-72752.94,-0.001116,-1.0,0.006473,0.01462,0.003727,0.025842,0.007302,0.017982,0.021386,-0.009044
2026-09-19,SPX,-195905.25,-0.000427,-0.3418,-0.027205,-0.037973,0.038559,0.077611,-0.098829,-0.001359,-0.001544,-0.009044
2026-09-19,STO,9151.39,0.000995,0.3521,0.006816,-0.01796,0.011956,0.059339,0.070807,0.003651,0.000336,-0.009044
2026-09-19,STRK,-525024.21,-0.001681,-0.7738,0.027586,0.171971,0.044419,0.013814,-0.070957,-0.00271,-0.000866,-0.009044
2026-09-19,SWELL,-14492.98,-0.003671,-0.3333,0.034959,-0.003297,0.25307,0.134403,0.093046,0.010478,-0.018208,-0.009044
2026-09-19,SYN,96506.39,0.001645,1.0,0.413263,-0.104803,0.074854,-0.057871,-0.21351,-5e-05,0.012316,-0.009044
2026-09-19,SYRUP,231531.12,0.000865,0.5387,0.01928,-0.025384,0.031524,-0.027959,-0.031151,0.003471,0.004495,-0.009044
2026-09-19,TMX,-131177.49,-0.23129,-0.8236,0.075099,-0.195651,-0.066343,-0.106287,-0.025923,-3.089936,-3.321807,-0.009044
2026-09-19,TQQQB,-213101.79,-0.086571,-1.0,0.001918,-0.002799,0.087446,0.113763,0.082415,-0.146947,-0.11245,-0.009044
2026-09-19,TRAC,-4636.54,-2.7e-05,-0.0158,0.004039,-0.026131,0.025478,0.049158,0.095717,-0.00254,0.000985,-0.009044
2026-09-19,TREE,203300.53,0.029072,0.323,0.051145,-0.033433,-0.00359,0.053681,0.077228,0.124361,0.180432,-0.009044
2026-09-19,TSMB,-67124.29,-0.017412,-0.773,0.002321,-0.002219,0.028247,0.045199,0.041404,-0.020951,-0.019433,-0.009044
2026-09-19,UNI,258273.58,4.8e-05,0.2462,-0.033676,0.003194,0.011381,0.055746,0.070218,-0.000494,-0.000402,-0.009044
2026-09-19,VIRTUAL,0.0,0.0,0.0,0.026533,-0.006277,0.034843,0.080048,0.093733,-0.003058,-0.002687,-0.009044
2026-09-19,WBTC,113651.61,1.2e-05,1.0,0.002704,-0.001686,0.063875,0.060699,0.037781,-0.000155,-0.000288,-0.009044
2026-09-19,WDCB,-39653.13,-0.018146,-1.0,-0.004806,-0.003256,0.017909,0.053172,0.026821,-0.001521,0.065826,-0.009044
2026-09-19,WETH,-52624.44,-6e-06,-1.0,0.001579,-0.001478,0.046635,0.043247,0.021464,-0.000531,-0.000573,-0.009044
2026-09-19,WLD,-63994.1,-4.1e-05,-0.1304,0.035833,0.005861,0.004868,0.055328,0.019136,0.000909,0.003492,-0.009044
2026-09-19,WLFI,-150460.68,-8.1e-05,-1.0,-0.002326,-0.001491,-0.018378,-0.0095,-0.043558,-0.00012,-0.000192,-0.009044
2026-09-19,XAUt,-210763.85,-7.7e-05,-1.0,-0.000562,-0.000385,-0.005669,-0.001708,-0.023556,-0.001907,-0.003127,-0.009044
2026-09-19,XCN,64888.27,0.000388,1.0,-0.002917,-0.026748,0.036432,0.049717,0.172734,0.000472,0.004061,-0.009044
2026-09-19,ZAMA,98644.82,0.00044,0.4527,0.490482,-0.006002,0.028193,0.005487,0.014577,-0.01325,-0.013304,-0.009044
2026-09-19,ZKC,275570.99,0.012628,0.351,0.011173,-0.018396,0.014452,0.036876,0.039003,0.061711,0.068032,-0.009044
2026-09-19,ZKJ,-32976.69,-0.005835,-0.0455,0.017706,-0.012491,0.006923,-0.024372,-0.029612,-0.006377,0.002901,-0.009044
2026-09-19,ZRO,301160.48,0.00071,0.6854,-0.001971,0.024178,0.043394,0.179675,0.310707,0.001256,0.002694,-0.009044
2026-09-19,cbETH,-251489.08,-0.000501,-1.0,0.001383,-0.000878,0.046941,0.043287,0.021695,-0.003888,-0.002594,-0.009044
2026-09-19,stETH,-126628.68,-5e-06,-0.3826,-0.001647,-0.002975,0.047754,0.042756,0.022016,4.7e-05,-7.6e-05,-0.009044
2026-09-20,AAVE,2692350.43,0.001272,1.0,-0.038067,0.057539,0.049209,0.01317,0.059895,0.003625,0.004558,-0.021527
2026-09-20,AIOZ,49290.43,0.00042,0.0378,0.012573,0.367519,0.390575,0.306055,0.304604,0.007274,0.011413,-0.021527
2026-09-20,ALCX,1059.5,0.000193,0.0195,-0.005752,0.029352,0.555788,0.407307,0.39154,0.008759,0.015532,-0.021527
2026-09-20,ALLO,-155570.56,-0.003033,-0.4314,0.078021,0.044418,0.056124,0.149514,0.103154,-0.002764,0.007168,-0.021527
2026-09-20,ALT,-25325.7,-0.004811,-0.3414,-0.039223,0.087032,0.112475,0.143071,0.144767,0.013509,0.021625,-0.021527
2026-09-20,APE,-47573.05,-0.000346,-0.0517,-0.033923,0.048278,0.139858,0.078983,0.097058,0.007189,-0.002642,-0.021527
2026-09-20,ARKM,55934.71,0.002208,0.1825,-0.00622,0.106404,0.142308,0.084856,0.165486,-0.002765,0.002834,-0.021527
2026-09-20,ATH,-148223.1,-0.001367,-0.4079,0.00408,0.010361,0.051431,0.113065,0.09325,-0.010865,-0.008527,-0.021527
2026-09-20,AVT,74.19,7e-05,0.0021,-0.056724,0.053472,0.09598,0.156452,0.167994,-0.020036,-0.023112,-0.021527
2026-09-20,AXS,-51193.26,-0.00029,-1.0,-0.012992,0.051964,0.090697,0.030187,0.120101,5.1e-05,-0.000269,-0.021527
2026-09-20,BAL,14508.45,0.001812,0.2697,-0.015719,0.069359,0.077559,0.037015,0.048833,0.003936,0.008154,-0.021527
2026-09-20,BEAM,-36084.02,-0.019671,-0.2434,-0.150432,0.064586,-0.843903,0.049688,-0.835784,-0.520655,-0.103802,-0.021527
2026-09-20,BEB,363975.85,0.123615,0.5941,-0.005162,0.021275,0.034837,0.027016,0.00053,0.079626,-0.035955,-0.021527
2026-09-20,BILL,693935.12,0.020825,1.0,-0.020563,-0.014153,-0.000412,-0.112239,-0.013813,0.023457,0.069687,-0.021527
2026-09-20,BLUR,-73853.17,-0.001367,-1.0,-0.012549,0.070958,0.073411,0.038316,0.068748,-0.012619,-0.023926,-0.021527
2026-09-20,BMNRB,-70635.65,-0.008669,-1.0,-0.00617,0.084165,0.107672,0.061039,0.081047,0.029786,0.073054,-0.021527
2026-09-20,BNT,-936.12,-2.8e-05,-0.002,-0.017582,0.036951,0.054786,0.013037,0.039832,-0.000484,0.007855,-0.021527
2026-09-20,BOBA,1852.86,0.000195,0.0476,-0.002346,0.023429,0.088079,0.03123,0.026992,0.003652,0.005109,-0.021527
2026-09-20,CAP,-2355915.35,-0.033579,-1.0,-0.036667,0.01504,0.034937,0.125922,0.154826,-0.043413,-0.037704,-0.021527
2026-09-20,CBBTC,-64321.23,-8e-06,-1.0,-0.002881,0.066313,0.063439,0.039442,0.037878,-0.000439,-0.002609,-0.021527
2026-09-20,CBRSB,-89841.08,-0.036578,-1.0,0.00208,0.057451,0.076097,0.038714,0.052595,-0.096251,-0.163502,-0.021527
2026-09-20,CBXRP,-479109.49,-0.002624,-0.3478,-0.013373,0.065827,0.120665,0.061834,0.085956,-0.003113,-0.005673,-0.021527
2026-09-20,CFG,50042.95,0.00063,1.0,0.088763,0.002814,-0.022388,0.018925,0.087572,-0.001619,0.001595,-0.021527
2026-09-20,COHRB,-16802.68,-0.00491,-0.3333,0.001678,0.016179,-0.01782,-0.049684,-0.068235,-0.097062,-0.146164,-0.021527
2026-09-20,COINB,72501.92,0.004012,1.0,-0.003513,0.033955,0.036478,0.019841,0.020964,-0.040115,-0.055952,-0.021527
2026-09-20,COINon,10368.31,0.001088,1.0,-0.00574,0.035655,0.039622,0.018537,0.021247,0.000298,-0.003586,-0.021527
2026-09-20,COMP,-41926.73,-0.000193,-0.263,0.010592,0.028562,0.050737,0.000909,0.076881,0.000273,-0.003265,-0.021527
2026-09-20,CRCLB,125746.86,0.001069,1.0,-0.00452,0.028128,0.036547,0.004352,0.012687,0.009225,-0.014069,-0.021527
2026-09-20,CRCLon,1692.37,1.6e-05,0.0046,-0.004268,0.029381,0.035111,0.004327,0.012363,0.004154,0.011918,-0.021527
2026-09-20,CRDOB,-65248.95,-0.038986,-1.0,-0.000154,0.085475,0.111607,0.118127,0.14153,-0.437918,-0.404237,-0.021527
2026-09-20,CREO,51441.26,0.029946,1.0,-0.009053,-0.058745,-0.037025,0.091048,0.063297,0.063028,0.084571,-0.021527
2026-09-20,CRO,0.0,0.0,0.0,-0.010179,0.079311,0.136534,0.037565,0.095495,-0.000122,-0.010999,-0.021527
2026-09-20,CRWVB,0.0,0.0,0.0,0.00308,0.047953,0.063319,0.070902,0.105879,0.331448,0.345344,-0.021527
2026-09-20,CTC,969.71,1.6e-05,0.0069,-0.03011,0.038208,0.058663,0.014709,0.057882,-0.006623,-0.012319,-0.021527
2026-09-20,CVC,62723.21,0.002368,1.0,-0.040311,0.032641,0.068781,0.055966,0.145294,0.007615,0.01599,-0.021527
2026-09-20,CYBER,-66942.18,-0.002668,-1.0,0.011974,0.020148,0.091744,0.042394,0.072019,-0.023489,0.000303,-0.021527
2026-09-20,DOS,-91563.63,-0.002164,-1.0,-0.014616,0.022581,0.020451,0.026483,0.038056,-0.009574,-0.028143,-0.021527
2026-09-20,DRV,-84860.1,-0.000287,-1.0,0.042876,0.026234,0.045312,0.17581,0.076723,-0.002287,0.001495,-0.021527
2026-09-20,EDGE,-129494.62,-0.000664,-0.4325,-0.006561,0.07458,0.092309,0.003256,-0.000452,-0.000228,0.012126,-0.021527
2026-09-20,ELA,926.76,0.000131,0.0063,-0.027712,0.135202,0.086343,0.065608,0.087534,0.000552,0.004404,-0.021527
2026-09-20,ENA,-157461.62,-7e-05,-0.5126,0.075771,-0.03385,-0.06349,-0.071343,0.005682,0.002241,0.003804,-0.021527
2026-09-20,ENS,-14588.92,-5.4e-05,-0.0539,0.000832,0.057575,0.056138,0.049606,0.092753,-0.005524,-0.009609,-0.021527
2026-09-20,ERA,51006.05,0.005518,0.4244,-0.018563,0.068947,0.097343,0.061975,0.087864,0.011984,0.051002,-0.021527
2026-09-20,ETHFI,56823.09,8.1e-05,1.0,-0.016876,-0.000548,-0.049193,-0.096504,-0.076929,0.000678,0.001411,-0.021527
2026-09-20,FARM,4972.02,0.001115,0.1095,-0.003678,0.072007,0.036882,0.059071,0.043478,0.006296,0.007546,-0.021527
2026-09-20,FET,101701.89,0.000249,1.0,-0.014052,0.136514,0.160707,0.10561,0.271144,0.001089,0.000889,-0.021527
2026-09-20,FORT,-7515.85,-0.000766,-0.0343,0.016923,0.044039,0.047583,0.02474,0.055437,0.000157,0.008041,-0.021527
2026-09-20,FORTH,-998.97,-0.00023,-0.0646,0.093695,-0.049298,-0.043582,-0.072377,-0.022814,0.001098,-0.02869,-0.021527
2026-09-20,GALA,-100789.87,-0.001039,-1.0,-0.001822,0.079298,0.097587,-0.017755,0.030379,-0.000751,-0.002402,-0.021527
2026-09-20,GHST,16963.2,0.004924,0.629,0.004576,0.005669,-0.014696,-0.02903,0.041999,-0.021865,-0.02162,-0.021527
2026-09-20,GLWB,-57204.07,-0.035596,-1.0,0.013432,0.051226,0.055421,0.019586,0.025237,0.124806,0.032886,-0.021527
2026-09-20,GROVE,22018.58,0.00382,1.0,-0.014332,0.025734,0.044046,0.016769,0.021688,-0.008293,-0.005225,-0.021527
2026-09-20,GRVT,-189696.07,-0.008814,-0.5154,-0.013799,0.009965,0.029463,0.040788,0.057924,-0.057991,-0.067376,-0.021527
2026-09-20,GTC,-33922.87,-0.004612,-1.0,-0.015508,0.036917,0.038419,-0.008171,0.020699,-0.008721,-0.010465,-0.021527
2026-09-20,HFT,1994.48,0.000365,0.0542,-0.013878,0.018393,0.05432,0.069332,0.063505,-0.004823,0.003605,-0.021527
2026-09-20,HIGH,0.0,0.0,0.0,-4e-06,-0.031794,-0.031314,0.000866,0.000438,0.003562,0.009315,-0.021527
2026-09-20,HOPR,500.43,0.000113,0.009,-0.008873,0.041208,0.024858,0.004628,0.042555,-0.015401,-0.015622,-0.021527
2026-09-20,IDEX,62.94,6.9e-05,0.0059,0.00396,0.033545,-0.014342,-0.030129,0.029254,-0.010916,-0.005777,-0.021527
2026-09-20,IMU,-3618.99,-0.001753,-0.0476,0.001164,0.010178,-0.020632,-0.017174,-0.002308,0.013537,0.022113,-0.021527
2026-09-20,IMX,-233794.0,-0.000824,-1.0,-0.004404,0.057915,0.059456,0.016693,0.065562,-0.002472,-0.004867,-0.021527
2026-09-20,INTWB,-7625.73,-0.009337,-0.3908,0.029328,0.195598,0.23075,0.191956,0.314995,-0.018331,-0.25952,-0.021527
2026-09-20,KAIO,-1253.55,-0.000135,-0.0264,-0.009336,0.014472,-0.006675,0.010736,-0.040301,-0.008373,-0.01072,-0.021527
2026-09-20,L3,6230.0,0.001466,0.0524,-0.026709,0.048645,0.030389,0.167165,0.122968,0.016317,0.011623,-0.021527
2026-09-20,LA,94823.83,0.006962,1.0,-0.032005,0.044666,0.060621,0.023775,0.026077,0.101769,0.127172,-0.021527
2026-09-20,LCX,-77911.62,-0.003063,-0.0919,-0.000583,0.077769,0.075549,0.123725,0.263421,0.001569,-0.02553,-0.021527
2026-09-20,LINK,210825.35,2.2e-05,1.0,0.003509,0.036996,0.033818,-0.020444,0.069981,0.00027,0.000141,-0.021527
2026-09-20,LIT,-242367.49,-0.000206,-0.6944,-0.043979,0.018865,0.025749,0.152636,0.05003,0.001011,0.001471,-0.021527
2026-09-20,LITEB,0.05,0.0,0.0,0.000346,0.034765,0.024912,0.016192,0.012045,-0.130691,0.021508,-0.021527
2026-09-20,LMWR,-5975.47,-0.001161,-1.0,-0.019993,0.020759,0.054979,0.090932,0.05708,-0.005758,-0.004216,-0.021527
2026-09-20,LPT,-67349.36,-0.000851,-0.2996,-0.028595,0.087666,0.074402,0.048793,0.016714,-0.003147,-0.007437,-0.021527
2026-09-20,MAVIA,7488.97,0.00095,0.2681,-0.00585,0.020344,0.049925,0.082968,0.065496,0.014456,0.019321,-0.021527
2026-09-20,METH,-2066554.67,-0.003428,-1.0,-0.003071,0.047105,0.044088,0.016777,0.017183,-0.063409,-0.037287,-0.021527
2026-09-20,MLN,-193.08,-4.3e-05,-0.0048,0.01975,0.022684,0.077024,0.102424,0.120907,0.022905,0.029367,-0.021527
2026-09-20,MORPHO,-246299.83,-0.000171,-0.4577,0.051803,-0.015671,-0.041403,-0.059748,0.034238,4.4e-05,3e-06,-0.021527
2026-09-20,MRVLB,7245.55,0.000947,0.0199,0.005338,0.064948,0.085402,0.070985,0.077612,-0.055598,-0.212001,-0.021527
2026-09-20,MUUB,0.0,0.0,0.0,-0.003231,0.076464,0.170095,0.120696,0.147619,-0.019609,-1.192755,-0.021527
2026-09-20,MVLLB,-9497.5,-0.008702,-0.3333,0.014536,0.127372,0.166537,0.140189,0.150628,-0.175771,-0.202105,-0.021527
2026-09-20,NOM,-7878.54,-0.001616,-0.1985,-0.021357,0.055685,0.018699,0.073605,0.19704,0.005076,0.046633,-0.021527
2026-09-20,ONDO,64283.97,3.1e-05,1.0,0.000521,0.033083,0.015697,-0.037656,0.230046,0.000579,-4.7e-05,-0.021527
2026-09-20,ORCLB,-6013.99,-0.001816,-0.0536,-9.2e-05,0.010709,0.014302,-0.017009,-0.045391,0.07857,0.175593,-0.021527
2026-09-20,PAXG,-66540.69,-3.5e-05,-0.279,0.000149,-0.004869,3.7e-05,-0.01871,-0.022506,-0.001415,-0.00177,-0.021527
2026-09-20,PEPE,-456924.11,-0.000275,-0.7361,-0.050015,0.239307,0.215711,0.090378,0.096358,-0.000385,-0.000362,-0.021527
2026-09-20,PIEVERSE,-52548.87,-0.000114,-1.0,-0.028507,0.169435,0.135359,0.104906,0.033062,0.000117,0.000371,-0.021527
2026-09-20,POL,371870.21,0.000324,1.0,0.017696,0.043017,0.0146,-0.054081,0.013243,9e-06,-0.002087,-0.021527
2026-09-20,PRIME,13233.09,0.001593,0.1734,-0.008462,0.007598,-0.008296,-0.006456,-0.009155,-0.009071,-0.011514,-0.021527
2026-09-20,PTB,84893.07,0.011423,0.4844,0.288213,0.322654,0.084584,0.010087,0.049339,0.016574,0.002799,-0.021527
2026-09-20,QCOMB,-55355.62,-0.022538,-1.0,-0.001882,0.094473,0.115546,0.10712,0.093744,-0.093431,-0.171071,-0.021527
2026-09-20,QNTB,-5071.68,-0.008791,-1.0,-0.011505,-0.014346,-0.012438,-0.029499,-0.046234,-0.224427,-0.254609,-0.021527
2026-09-20,RED,-12185.7,-0.000155,-0.0352,0.020613,-0.004142,0.041256,0.002399,0.080639,0.003671,0.006452,-0.021527
2026-09-20,RKLBB,0.0,0.0,0.0,-0.000171,0.080368,0.116441,0.092243,0.153749,-0.045562,0.026999,-0.021527
2026-09-20,RLS,-5733.21,-0.001654,-1.0,0.012398,-0.005588,0.262588,0.049287,0.099248,-0.020863,-0.022246,-0.021527
2026-09-20,RPL,3528.35,8.5e-05,0.0274,-0.00444,0.068963,0.081268,0.059259,0.060852,0.000495,0.000335,-0.021527
2026-09-20,SD,-892.24,-0.000108,-0.0125,-0.001696,0.037313,0.087925,0.115853,0.093778,-0.002524,-0.000418,-0.021527
2026-09-20,SENT,-155429.46,-0.0012,-1.0,-0.004383,0.054835,0.157074,0.180215,0.177244,-0.007566,-0.019178,-0.021527
2026-09-20,SHIB,-63039.3,-1.9e-05,-1.0,-0.019173,0.079584,0.101637,0.0201,0.047731,-8.6e-05,-0.000115,-0.021527
2026-09-20,SKY,61703.11,3.7e-05,1.0,0.027027,0.022655,-0.036267,-0.016485,0.026092,0.000919,0.006581,-0.021527
2026-09-20,SOPH,-29400.92,-0.003406,-0.0769,0.011483,0.041618,-0.106635,-0.132316,-0.120458,0.010866,-0.016789,-0.021527
2026-09-20,SPX,-51541.79,-0.000117,-1.0,-0.037973,0.079552,0.120146,-0.085638,-0.080873,-0.001331,-0.00183,-0.021527
2026-09-20,STO,-11120.41,-0.001231,-1.0,-0.01796,0.030463,0.078712,0.068165,0.056311,0.002396,0.001009,-0.021527
2026-09-20,STRK,502245.43,0.001372,0.1768,0.171971,-0.108836,-0.13495,-0.221707,-0.213405,0.000372,-0.001526,-0.021527
2026-09-20,SWELL,-6297.11,-0.0016,-0.0862,-0.003297,0.257215,0.138155,0.18717,0.113515,0.01215,-0.021425,-0.021527
2026-09-20,SYN,107063.87,0.002042,1.0,-0.104803,0.20069,0.052426,-0.046376,-0.031766,0.006422,0.012162,-0.021527
2026-09-20,SYRUP,66389.31,0.000255,1.0,-0.025384,0.05839,-0.002642,-0.073704,-0.026935,0.004191,0.004115,-0.021527
2026-09-20,TMX,-28745.55,-0.063012,-0.2507,-0.195651,0.160762,0.111101,0.096854,0.211013,-3.164223,-3.297389,-0.021527
2026-09-20,TQQQB,-5314.3,-0.00217,-1.0,-0.002799,0.090498,0.116889,0.083277,0.087695,-0.114047,-0.081037,-0.021527
2026-09-20,TRAC,159000.44,0.000964,1.0,-0.026131,0.052994,0.077309,0.036731,0.109886,-0.001556,0.001402,-0.021527
2026-09-20,TREE,176690.18,0.026141,0.2845,-0.033433,0.030875,0.090127,0.102554,0.113192,0.109807,0.181038,-0.021527
2026-09-20,TSMB,34414.29,0.008862,1.0,-0.002219,0.030533,0.047523,0.034874,0.048208,-0.014091,-0.031164,-0.021527
2026-09-20,UNI,1204268.3,0.000222,0.8999,0.003194,0.008161,0.052384,0.05199,0.044129,0.000562,-8e-05,-0.021527
2026-09-20,WBETH,240406.89,2.5e-05,1.0,0.000327,0.049433,0.044306,0.016513,0.017376,-2e-05,-0.000173,-0.021527
2026-09-20,WETH,163918.03,1.8e-05,0.4255,-0.001478,0.048185,0.044792,0.014949,0.017778,-1e-05,-0.000575,-0.021527
2026-09-20,WLD,-17924.25,-1.1e-05,-0.1354,0.005861,-0.000988,0.049178,-0.06683,-0.012674,0.001766,0.002545,-0.021527
2026-09-20,WLFI,-333220.3,-0.00018,-1.0,-0.001491,-0.016912,-0.008021,-0.075899,-0.03376,-0.000698,-0.000286,-0.021527
2026-09-20,WSTETH,-0.02,-0.0,-0.0,-0.001283,0.048545,0.044544,0.015105,0.01908,2.3e-05,2.7e-05,-0.021527
2026-09-20,XAUt,-77731.56,-2.9e-05,-0.0688,-0.000385,-0.005286,-0.001324,-0.019407,-0.0234,-0.002062,-0.002926,-0.021527
2026-09-20,XCN,99215.44,0.00061,1.0,-0.026748,0.064916,0.078566,0.146944,0.18184,0.000701,0.005556,-0.021527
2026-09-20,ZKC,-83828.95,-0.003912,-0.2466,-0.018396,0.033463,0.056308,0.020875,0.040688,0.061314,0.054416,-0.021527
2026-09-20,ZKJ,63701.07,0.011415,0.2399,-0.012491,0.01966,-0.012031,-0.011513,-0.014793,0.006512,-2.4e-05,-0.021527
2026-09-20,ZRO,162069.01,0.000372,0.4834,0.024178,0.018762,0.151826,0.325205,0.295758,0.001501,0.002506,-0.021527
2026-09-20,stETH,52381.46,2e-06,1.0,-0.002975,0.050881,0.045868,0.018708,0.018198,7e-05,-6.9e-05,-0.021527
2026-09-21,A8,9889.96,0.00297,0.1053,0.051166,0.255557,0.10887,0.116822,0.120122,0.027062,0.014989,0.047703
2026-09-21,AAOIB,-180891.1,-0.036979,-0.7406,0.032148,-0.009908,-0.065066,-0.069113,-0.057766,-0.021926,-0.110625,0.047703
2026-09-21,AAVE,155296.36,6.9e-05,0.1034,0.057539,-0.007877,-0.041955,0.013829,0.064978,0.001338,0.004781,0.047703
2026-09-21,AERGO,0.0,0.0,0.0,-0.012926,-0.006938,0.011848,-0.006216,0.00914,-0.004101,-0.003999,0.047703
2026-09-21,AIOZ,574008.92,0.003574,0.7474,0.367519,0.016859,-0.044946,-0.000771,-0.024795,0.009942,0.014986,0.047703
2026-09-21,ALCX,-3171.1,-0.000562,-0.0198,0.029352,0.511425,0.367177,0.303676,0.341089,0.007442,0.007641,0.047703
2026-09-21,ALLO,-298602.93,-0.005574,-1.0,0.044418,0.011208,0.100626,0.076507,0.113512,-0.012074,-0.003157,0.047703
2026-09-21,ALT,-25348.71,-0.00443,-1.0,0.087032,0.023406,0.051552,-0.025023,0.123886,-0.013706,0.015018,0.047703
2026-09-21,AMATB,-93868.51,-0.034836,-1.0,0.054481,0.013474,0.016107,0.01746,0.045175,0.040302,0.073928,0.047703
2026-09-21,AMDon,-7856.16,-0.000794,-1.0,0.104712,0.012341,-0.001231,0.022382,0.020035,0.003491,-0.005693,0.047703
2026-09-21,AMZNB,47413.46,0.022778,0.5743,0.021385,-0.011774,-0.036196,-0.034314,-0.034781,0.024118,0.014898,0.047703
2026-09-21,APE,4397.81,3e-05,0.0061,0.048278,0.087362,0.029291,0.054435,0.074804,0.005791,-0.000387,0.047703
2026-09-21,ARKM,-89238.25,-0.003184,-0.213,0.106404,0.03245,-0.019476,0.041865,0.117154,-0.002742,0.002055,0.047703
2026-09-21,ARMB,-300625.42,-0.101284,-0.8974,0.167763,0.030171,0.031158,-0.050836,-0.035577,-0.159443,-0.300001,0.047703
2026-09-21,ASM,15989.01,0.001986,1.0,0.046706,0.070245,0.062854,0.068044,0.170851,0.000503,-0.011581,0.047703
2026-09-21,ASMLB,-33077.63,-0.008816,-1.0,0.025157,0.017842,0.011767,0.004078,0.013978,0.009453,-0.74422,0.047703
2026-09-21,ATH,69959.81,0.000638,0.0751,0.010361,0.040649,0.101651,0.108004,0.172743,-0.008283,-0.010197,0.047703
2026-09-21,AVGOB,-114610.19,-0.010188,-0.4759,0.018326,0.004382,-0.024144,-0.036648,-0.02594,0.121225,0.086322,0.047703
2026-09-21,AVGOon,-5437.88,-0.001095,-1.0,0.018433,0.005936,-0.022109,-0.035845,-0.025999,-0.00354,0.011451,0.047703
2026-09-21,AVT,-1879.54,-0.001691,-0.0196,0.053472,0.040351,0.097754,0.075447,0.157825,-0.024302,-0.021151,0.047703
2026-09-21,AXS,-194820.96,-0.00105,-1.0,0.051964,0.036819,-0.020701,0.022146,0.104377,-0.000582,-0.000129,0.047703
2026-09-21,AXTIB,-350239.69,-0.074354,-0.6221,0.149068,-0.02667,-0.081467,-0.049967,-0.013455,-0.11318,-0.161496,0.047703
2026-09-21,BAL,-171.14,-2e-05,-0.0019,0.069359,0.007668,-0.030246,-0.02483,0.295941,0.002833,0.007388,0.047703
2026-09-21,BARD,-6043.09,-0.000122,-0.0348,0.041822,0.020916,-0.000303,0.038772,0.084777,-0.008788,-0.02827,0.047703
2026-09-21,BEAM,23313.93,0.011939,0.0125,0.064586,-0.853373,-0.013994,-0.065146,-0.831976,-0.275551,-0.092743,0.047703
2026-09-21,BEB,-351072.95,-0.129437,-0.3496,0.021275,0.013279,0.005621,-0.027105,0.042627,-0.040609,-0.167377,0.047703
2026-09-21,BLUR,-155311.6,-0.002684,-1.0,0.070958,0.002291,-0.03048,0.00418,0.049269,-0.016111,-0.025349,0.047703
2026-09-21,BNT,3399.31,0.0001,0.0025,0.036951,0.017199,-0.023062,0.014553,0.039047,-0.000721,0.00795,0.047703
2026-09-21,BOBA,-2540.57,-0.000261,-0.023,0.023429,0.063171,0.007622,0.045039,0.102718,0.000161,0.003322,0.047703
2026-09-21,CAP,-1525177.01,-0.021417,-0.7024,0.01504,0.019602,0.109238,0.091993,0.126084,-0.063998,-0.05984,0.047703
2026-09-21,CBBTC,-343185.27,-4.2e-05,-0.039,0.066313,-0.002696,-0.0252,-0.024928,-0.028969,-0.000461,-0.000658,0.047703
2026-09-21,CBRSB,-217902.74,-0.081708,-0.6014,0.057451,0.017633,-0.01772,-0.00733,-0.01019,-0.205521,-0.221092,0.047703
2026-09-21,CBXRP,50367.04,0.000259,1.0,0.065827,0.051451,-0.003746,0.015751,0.014593,-0.002854,-0.004985,0.047703
2026-09-21,CFG,31646.32,0.000397,0.0609,0.002814,-0.025131,0.016066,0.122733,0.220347,-0.001222,4.7e-05,0.047703
2026-09-21,CHZ,-36190.01,-0.000218,-0.1179,0.050713,0.056706,-0.000868,0.040585,0.060922,-0.000219,-0.002734,0.047703
2026-09-21,COHRB,-82800.41,-0.023856,-0.6809,0.016179,-0.033458,-0.064815,-0.092285,-0.069699,-0.124153,-0.145649,0.047703
2026-09-21,COINon,-7827.01,-0.000796,-1.0,0.035655,0.003831,-0.016528,-0.008441,-0.025734,0.000587,-0.005534,0.047703
2026-09-21,COMP,216061.19,0.000968,1.0,0.028562,0.021559,-0.026886,0.08561,0.071315,0.000912,-0.001488,0.047703
2026-09-21,CRCLB,110279.57,0.000907,1.0,0.028128,0.008189,-0.023126,-0.010738,-0.05874,0.008536,0.006193,0.047703
2026-09-21,CRCLon,-3694.64,-3.3e-05,-0.007,0.029381,0.005567,-0.024339,-0.0119,-0.060064,0.003646,0.004798,0.047703
2026-09-21,CRDOB,-176117.52,-0.089353,-0.3116,0.085475,0.024074,0.03008,0.041593,0.110688,-0.530173,-0.499839,0.047703
2026-09-21,CREO,0.0,0.0,0.0,-0.058745,0.023076,0.159142,0.067172,0.157998,0.056106,0.073507,0.047703
2026-09-21,CRO,-217371.57,-6.9e-05,-1.0,0.079311,0.053018,-0.038678,-0.004136,0.036677,-0.000218,-0.01105,0.047703
2026-09-21,CRV,207274.54,0.000368,0.2794,0.040651,-0.010739,-0.099964,-0.021508,-0.034195,0.001176,0.001299,0.047703
2026-09-21,CRWVB,-112792.31,-0.067044,-0.6232,0.047953,0.014663,0.021898,0.055603,0.016314,0.216803,0.252956,0.047703
2026-09-21,CTC,5091.44,8.3e-05,0.0129,0.038208,0.019703,-0.022634,0.018281,0.051433,-0.005333,-0.013176,0.047703
2026-09-21,CVC,-123066.91,-0.004499,-1.0,0.032641,0.034998,0.022588,0.098805,0.144271,-0.003742,0.015914,0.047703
2026-09-21,CYBER,-69283.97,-0.002707,-1.0,0.020148,0.070182,0.021806,0.065439,0.095907,-0.033072,0.007513,0.047703
2026-09-21,DELLB,136197.13,0.136899,0.7738,0.00664,-0.0447,-0.049102,-0.064649,-0.024643,0.110272,-0.006607,0.047703
2026-09-21,DRV,-98663.44,-0.000325,-1.0,0.026234,0.018591,0.145753,0.109544,0.028105,-0.000632,0.002317,0.047703
2026-09-21,EDGE,-61033.52,-0.000291,-0.1421,0.07458,0.016498,-0.066374,-0.051859,0.026927,-0.001176,0.011595,0.047703
2026-09-21,EIGEN,474671.97,0.002138,0.3687,0.027076,0.025859,-0.019972,0.027581,0.162147,0.004585,0.004713,0.047703
2026-09-21,ELA,628.62,7.9e-05,0.0016,0.135202,-0.04304,-0.061305,0.00715,0.024087,0.000525,0.009403,0.047703
2026-09-21,ENA,1697785.38,0.000786,0.4044,-0.03385,-0.030678,-0.038807,0.0407,0.271306,0.002964,0.004362,0.047703
2026-09-21,ENS,-145450.23,-0.000511,-0.5873,0.057575,-0.001359,-0.007535,0.055194,0.043051,-0.005672,-0.009488,0.047703
2026-09-21,ERA,-109074.21,-0.011038,-0.2651,0.068947,0.026564,-0.006523,0.030198,0.044224,0.000415,0.034288,0.047703
2026-09-21,ETHFI,-61607.38,-8.8e-05,-0.1085,-0.000548,-0.048672,-0.096009,-0.06208,0.016108,0.000118,0.001428,0.047703
2026-09-21,EWYB,-1693076.94,-0.180716,-0.9812,0.045086,0.018382,-0.019092,-0.034779,-0.011426,-0.137184,-0.292813,0.047703
2026-09-21,FARM,-14353.39,-0.003003,-0.1178,0.072007,-0.032765,-0.012067,-0.045631,0.188937,0.003244,0.012494,0.047703
2026-09-21,FET,52738.2,0.000114,0.0437,0.136514,0.021287,-0.027192,0.117327,0.221726,0.001378,0.00132,0.047703
2026-09-21,FF,-159373.49,-0.000395,-0.3615,-0.149445,-0.012285,0.001639,0.025578,0.024686,0.001184,0.00256,0.047703
2026-09-21,FORT,-22770.0,-0.002223,-0.0617,0.044039,0.003395,-0.018485,0.002412,0.005434,-0.005348,-0.002591,0.047703
2026-09-21,FORTH,41441.89,0.010019,0.5244,-0.049298,0.006013,-0.024276,0.023455,0.036388,0.009348,-0.014022,0.047703
2026-09-21,GHST,22593.91,0.006522,1.0,0.005669,-0.020251,-0.034504,0.02584,0.054933,-0.007825,-0.004172,0.047703
2026-09-21,GLWB,-32281.86,-0.018773,-1.0,0.051226,0.003991,-0.030098,-0.02933,-0.017906,0.080117,-0.110521,0.047703
2026-09-21,GRT,-228661.34,-0.000896,-1.0,0.036038,0.064335,0.085883,0.111837,0.187277,-0.003204,-0.000374,0.047703
2026-09-21,GRVT,-66739.13,-0.00307,-1.0,0.009965,0.019306,0.030519,0.078969,0.082385,-0.022321,-0.070848,0.047703
2026-09-21,GTC,15645.95,0.002052,1.0,0.036917,0.001448,-0.043483,-0.005781,0.040823,-0.006847,-0.007623,0.047703
2026-09-21,HFT,-82.17,-1.5e-05,-0.0005,0.018393,0.035278,0.050019,0.046071,0.058751,-0.003269,0.005935,0.047703
2026-09-21,HIGH,-7287.58,-0.002488,-0.3849,-0.031794,0.000496,0.033732,0.065111,0.235905,-0.001385,0.006033,0.047703
2026-09-21,HOPR,-6842.53,-0.001486,-0.0401,0.041208,-0.015703,-0.035132,-0.01938,0.012051,-0.008071,-0.016475,0.047703
2026-09-21,IDEX,-178.45,-0.00019,-0.0017,0.033545,-0.046333,-0.061607,-0.051286,0.007492,-0.000307,-0.005716,0.047703
2026-09-21,IMU,-6159.98,-0.002954,-0.0339,0.010178,-0.0305,-0.027077,-0.018806,0.016609,0.007639,0.01919,0.047703
2026-09-21,IMX,-30866.67,-0.000103,-0.2036,0.057915,0.001456,-0.038966,0.020392,0.10333,-0.002587,-0.003304,0.047703
2026-09-21,INTWB,-165242.06,-0.127768,-0.2434,0.195598,0.029401,-0.003046,0.082922,0.00632,-0.138771,-0.311648,0.047703
2026-09-21,IRENB,-195573.87,-0.114585,-0.9404,0.019289,0.02879,0.005625,-0.022181,-0.067547,-0.186317,-0.419455,0.047703
2026-09-21,KAIO,-1992.31,-0.000212,-0.0629,0.014472,-0.020845,-0.003683,-0.015465,0.074537,0.002139,-0.010988,0.047703
2026-09-21,KORUB,25663.44,0.006221,1.0,0.12642,0.058397,-0.057683,-0.104096,-0.045024,0.054648,-0.073994,0.047703
2026-09-21,L3,-27592.66,-0.006193,-0.1685,0.048645,-0.01741,0.113022,0.069349,0.109357,0.000807,-0.007559,0.047703
2026-09-21,LA,426237.41,0.029956,0.8053,0.044666,0.015273,-0.019998,0.008311,0.020509,0.079911,0.142699,0.047703
2026-09-21,LBTC,-47441.52,-4.7e-05,-0.1601,0.059787,0.004503,-0.018462,-0.019088,-0.022971,9e-05,0.000183,0.047703
2026-09-21,LCX,483560.85,0.01764,0.3186,0.077769,-0.002059,0.042641,0.192467,0.192804,0.00986,-0.027593,0.047703
2026-09-21,LDO,-2552552.06,-0.007066,-0.7739,0.030175,-0.022759,-0.110188,0.004388,0.117833,-0.011363,-0.012564,0.047703
2026-09-21,LINK,2249691.35,0.000231,0.1089,0.036996,-0.003065,-0.055391,0.019243,0.086489,0.000442,0.000444,0.047703
2026-09-21,LIT,760868.74,0.000633,0.2099,0.018865,0.006757,0.131295,0.120465,-0.013585,0.001375,0.00191,0.047703
2026-09-21,LITEB,-1105292.18,-0.247761,-0.9436,0.034765,-0.009522,-0.017949,-0.02753,-0.014685,-0.406925,-0.284158,0.047703
2026-09-21,LMWR,50193.9,0.009556,1.0,0.020759,0.033524,0.068746,0.038881,0.042667,0.01133,-0.004954,0.047703
2026-09-21,LPT,-65583.39,-0.000762,-0.3176,0.087666,-0.012194,-0.035739,-0.043549,0.013357,-0.004661,-0.007091,0.047703
2026-09-21,MASK,54510.37,0.001134,0.087,0.030707,0.01819,-0.051338,-0.034437,-0.008027,-0.004046,-0.014407,0.047703
2026-09-21,MAVIA,33533.38,0.004168,1.0,0.020344,0.028991,0.061376,0.067142,0.097284,0.017841,0.029565,0.047703
2026-09-21,MDT,6290.94,0.001102,0.3645,0.039702,-0.055595,-0.076492,-0.088461,-0.085591,-0.001858,0.011737,0.047703
2026-09-21,METH,2611717.85,0.004145,0.8226,0.047105,-0.002881,-0.028964,-0.022076,-0.025417,-0.064616,-0.033303,0.047703
2026-09-21,MLN,26019.03,0.005709,0.3885,0.022684,0.053134,0.077971,1.262118,0.092561,0.031112,0.032859,0.047703
2026-09-21,MNT,-63676.58,-3e-05,-1.0,0.066667,0.024753,0.011165,0.057688,0.062442,0.0,-8.2e-05,0.047703
2026-09-21,MORPHO,542870.59,0.000383,0.3632,-0.015671,-0.026142,-0.044779,0.047038,0.015531,0.000533,0.000414,0.047703
2026-09-21,MRVLB,-277452.1,-0.03361,-0.3091,0.064948,0.019206,0.005669,0.006288,0.015073,-0.079249,-0.210733,0.047703
2026-09-21,MUUB,5140.76,0.002346,0.0103,0.076464,0.08698,0.041091,0.054767,0.063151,-0.054609,-1.230176,0.047703
2026-09-21,MVLLB,-206967.02,-0.168747,-0.9445,0.127372,0.03474,0.01137,0.006894,0.025564,-0.333556,-0.365806,0.047703
2026-09-21,NBISB,-166016.09,-0.024445,-0.34,0.052992,0.012479,-0.02595,0.047481,0.024894,-0.063061,-0.170914,0.047703
2026-09-21,NEXO,0.0,0.0,0.0,0.063068,0.002077,-0.015483,0.005922,-0.012144,-0.000393,-0.000886,0.047703
2026-09-21,NOKB,6191.93,0.003015,1.0,0.030101,-0.009892,-0.032286,-0.046308,-0.058441,0.020041,0.042286,0.047703
2026-09-21,NOM,7477.29,0.001453,0.1549,0.055685,-0.035035,0.016975,0.259305,0.142169,0.004464,0.04642,0.047703
2026-09-21,ONDO,-1028592.53,-0.000477,-0.3285,0.033083,-0.016829,-0.068474,0.154856,0.212847,0.000197,-0.000349,0.047703
2026-09-21,ORCLB,-212251.0,-0.063796,-0.53,0.010709,0.003554,-0.027424,-0.058304,-0.071421,-0.060479,-0.009438,0.047703
2026-09-21,PAXG,1104005.69,0.000585,0.4263,-0.004869,0.00493,-0.013909,-0.017315,-0.014763,0.000214,-0.001124,0.047703
2026-09-21,PENDLE,348307.58,0.000789,0.2386,-0.032931,-0.044793,-0.012525,0.025963,0.004596,0.000633,-0.000354,0.047703
2026-09-21,PEPE,487280.35,0.000237,0.2607,0.239307,-0.01904,-0.120171,-0.102704,-0.122596,-5.8e-05,-0.000128,0.047703
2026-09-21,PIEVERSE,83618.9,0.000155,0.0821,0.169435,-0.029139,-0.055179,-0.116527,-0.153052,6.5e-05,0.000743,0.047703
2026-09-21,PLTRB,9192.31,0.004491,0.0908,0.031266,0.010474,0.048388,0.052307,0.036902,-0.035367,0.34629,0.047703
2026-09-21,PLUME,31872.32,0.000325,0.2414,0.06116,0.066573,0.041135,0.239705,0.216512,0.002473,-0.002401,0.047703
2026-09-21,POL,-545313.98,-0.000456,-0.554,0.043017,-0.027245,-0.093094,-0.035878,0.062638,0.000277,-0.002367,0.047703
2026-09-21,PRIME,-536.59,-6.4e-05,-0.0055,0.007598,-0.015774,-0.013948,-0.013514,0.018288,-0.006171,-0.010349,0.047703
2026-09-21,PTB,203335.07,0.020686,0.77,0.322654,-0.179994,-0.236318,-0.16791,-0.169466,0.035244,0.025468,0.047703
2026-09-21,PUMP,0.0,0.0,0.0,0.029692,0.024834,-0.005487,0.019214,0.029917,-0.003319,-0.002185,0.047703
2026-09-21,QCOMB,9676.37,0.003373,0.0242,0.094473,0.019254,0.011555,-0.002617,0.037659,-0.054054,-0.162592,0.047703
2026-09-21,QNTB,-4783.19,-0.008136,-0.1282,-0.014346,0.001936,-0.015374,-0.034943,-0.038102,-0.141083,-0.250976,0.047703
2026-09-21,RE,-137746.47,-0.001868,-0.2379,0.002713,-0.006609,-0.041938,0.022528,0.056288,-0.003577,-0.006914,0.047703
2026-09-21,RED,4205.53,5.4e-05,0.0095,-0.004142,0.045587,0.006568,0.0697,0.118538,0.002214,0.006505,0.047703
2026-09-21,RESOLV,0.0,0.0,0.0,0.035791,0.031194,-0.028669,0.010485,0.111371,0.011287,0.01217,0.047703
2026-09-21,RKLBB,-121675.07,-0.036325,-0.1775,0.080368,0.033389,0.010992,0.055575,0.065883,-0.061477,-0.027084,0.047703
2026-09-21,RLS,6303.9,0.001829,1.0,-0.005588,0.269682,0.055183,0.118545,0.112608,-0.017379,-0.021046,0.047703
2026-09-21,RPL,-9739.62,-0.000219,-0.0685,0.068963,0.011511,-0.009078,0.018665,0.08427,0.000243,-0.001293,0.047703
2026-09-21,SAND,406946.87,0.003338,1.0,0.028617,0.023744,-0.025405,0.031711,0.087508,0.003399,0.015606,0.047703
2026-09-21,SD,3710.81,0.000431,0.0127,0.037313,0.048792,0.075715,0.094668,0.142347,-0.00337,0.004571,0.047703
2026-09-21,SHIB,99318.5,2.8e-05,0.2353,0.079584,0.020428,-0.055099,-0.01743,-0.001225,-8.3e-05,-9.4e-05,0.047703
2026-09-21,SKHYon,8401.29,0.006759,0.1786,0.013296,0.030934,-0.004882,-0.016873,0.012047,-0.017765,-0.011173,0.047703
2026-09-21,SKY,821061.57,0.000484,0.4305,0.022655,-0.057617,-0.038273,0.055813,0.067955,0.001115,0.007108,0.047703
2026-09-21,SMCIB,50599.32,0.029771,0.8236,0.043783,0.011016,0.00574,0.017243,0.056286,0.001035,-0.031904,0.047703
2026-09-21,SMHB,-4807.08,-0.003738,-0.2957,0.044028,0.017957,0.004635,0.005476,0.017907,-0.025733,0.011667,0.047703
2026-09-21,SNDKB,376665.71,0.012516,1.0,-0.000494,0.067366,0.025914,-0.009191,-0.001479,-0.573127,-0.519943,0.047703
2026-09-21,SNXXB,156446.89,0.026307,1.0,0.000168,0.133016,0.045549,-0.024819,-0.010094,0.123717,0.149034,0.047703
2026-09-21,SOPH,19677.19,0.002188,0.0734,0.041618,-0.14233,-0.166985,-0.148052,-0.135989,-0.001357,-0.004725,0.047703
2026-09-21,SPK,22499.91,0.000344,0.0792,-0.010736,0.022033,-0.046104,0.003561,0.198428,-0.001434,0.023316,0.047703
2026-09-21,SPX,-57493.55,-0.000121,-0.1773,0.079552,0.037602,-0.153018,-0.132287,-0.106267,-0.001043,-0.001844,0.047703
2026-09-21,STRK,560590.15,0.001718,0.7781,-0.108836,-0.029303,-0.126656,-0.110468,-0.073011,0.001809,-0.000245,0.047703
2026-09-21,SWELL,-46846.08,-0.009469,-0.3496,0.257215,-0.094701,-0.055714,-0.127706,-0.076025,0.004518,-0.018218,0.047703
2026-09-21,SYRUP,-52863.48,-0.000192,-1.0,0.05839,-0.057665,-0.124807,-0.060759,-0.04257,0.003921,0.004501,0.047703
2026-09-21,TREE,-50827.74,-0.007295,-0.0941,0.030875,0.057477,0.069532,0.081109,0.092995,0.103706,0.170659,0.047703
2026-09-21,TSMB,0.0,0.0,0.0,0.030533,0.016486,0.004212,0.012796,0.013271,-0.017155,-0.034103,0.047703
2026-09-21,UNI,537086.98,9.8e-05,0.0828,0.008161,0.043866,0.043475,0.058175,0.081429,0.000479,6.1e-05,0.047703
2026-09-21,USARB,-76372.28,-0.078835,-1.0,0.07956,0.009664,-0.054931,-0.087536,-0.09923,-0.099718,-0.066792,0.047703
2026-09-21,WBETH,-206846.09,-2e-05,-0.4125,0.049433,-0.004885,-0.031369,-0.024579,-0.028405,-6e-06,-0.000122,0.047703
2026-09-21,WBTC,-424645.06,-4.2e-05,-0.0693,0.065671,-0.002985,-0.024727,-0.024527,-0.029353,-9e-05,-0.000323,0.047703
2026-09-21,WDCB,-76454.95,-0.033271,-0.3919,0.021234,0.034642,0.056146,0.008755,0.028212,-0.036679,0.032877,0.047703
2026-09-21,WETH,130566.82,1.4e-05,0.3858,0.048185,-0.003237,-0.031708,-0.02405,-0.027551,1.3e-05,-0.000528,0.047703
2026-09-21,WLD,-565464.74,-0.000355,-0.3333,-0.000988,0.050215,-0.065908,0.014199,0.215704,-0.003629,0.002156,0.047703
2026-09-21,WLFI,339324.4,0.000186,0.3098,-0.016912,0.009044,-0.060001,-0.025652,0.022807,-0.000449,-0.000446,0.047703
2026-09-21,WSTETH,31011.8,2e-06,0.1012,0.048545,-0.003815,-0.031892,-0.025741,-0.02767,3.2e-05,3e-05,0.047703
2026-09-21,XAUt,-10384197.65,-0.003834,-0.3407,-0.005286,0.003984,-0.014196,-0.017989,-0.015658,-0.006003,-0.006572,0.047703
2026-09-21,XCN,51498.34,0.000297,0.1053,0.064916,0.012817,0.077027,0.13151,0.131816,0.001577,0.004344,0.047703
2026-09-21,ZAMA,-4826.57,-2.1e-05,-0.0044,0.034401,-0.022083,-0.018376,-0.013242,-0.033684,-0.008471,-0.013325,0.047703
2026-09-21,ZKC,124320.35,0.005613,0.4287,0.033463,0.022105,-0.012181,0.024202,0.071506,0.036264,0.059997,0.047703
2026-09-21,ZKJ,735.24,0.000129,0.0019,0.01966,-0.03108,-0.030572,-0.036284,-0.024582,-0.013722,0.013322,0.047703
2026-09-21,ZRO,439761.27,0.000989,0.1178,0.018762,0.130613,0.300799,0.256195,0.360967,0.002081,0.003128,0.047703
2026-09-21,cbETH,67007.38,0.000128,0.0388,0.04786,-0.00349,-0.031394,-0.024114,-0.027331,-0.003055,-0.002053,0.047703
2026-09-22,A8,-29410.89,-0.006985,-0.164,0.255557,-0.116831,-0.110497,-0.141027,-0.138941,0.024681,0.008004,0.052399
2026-09-22,AAOIB,-5586.61,-0.001184,-0.019,-0.009908,-0.05571,-0.059797,-0.045985,-0.050933,-0.029437,-0.012544,0.052399
2026-09-22,AAVE,1553458.12,0.000699,0.4628,-0.007877,-0.034349,0.021878,0.010185,0.074044,0.002176,0.005417,0.052399
2026-09-22,AERGO,-10937.66,-0.002334,-0.3932,-0.006938,0.018917,0.000727,0.056345,0.022572,-0.006435,-0.008374,0.052399
2026-09-22,AIOZ,-201185.98,-0.001232,-0.0847,0.016859,-0.060781,-0.017338,-0.061824,-0.038289,0.009001,0.019058,0.052399
2026-09-22,ALCX,-25706.34,-0.003016,-0.2611,0.511425,-0.095438,-0.137453,-0.105572,-0.154904,-0.003516,0.011917,0.052399
2026-09-22,ALLO,-42319.79,-0.000781,-0.2949,0.011208,0.088426,0.064575,0.044531,0.072037,-0.014144,-0.005016,0.052399
2026-09-22,AMATB,-54855.77,-0.020484,-0.7843,0.013474,0.002598,0.003933,0.009129,0.029436,0.024218,0.040064,0.052399
2026-09-22,AMZNB,130384.4,0.056928,1.0,-0.011774,-0.024713,-0.022808,-0.02073,-0.020301,0.073223,0.03968,0.052399
2026-09-22,APE,-170480.42,-0.001087,-0.1696,0.087362,-0.053405,-0.030281,-0.037548,0.038445,0.004891,-0.001045,0.052399
2026-09-22,API3,75337.02,0.003254,0.3973,0.039517,-0.034341,0.00736,-0.001119,0.055188,-0.004138,-0.017679,0.052399
2026-09-22,ARKM,-4138.71,-0.000143,-0.0143,0.03245,-0.050295,0.009119,0.020291,0.100766,-0.005924,0.001912,0.052399
2026-09-22,ARMB,-133406.89,-0.047977,-0.7282,0.030171,0.000958,-0.078635,-0.06394,-0.056949,-0.195733,-0.306665,0.052399
2026-09-22,ASM,0.0,0.0,0.0,0.070245,-0.006906,-0.002057,0.001598,0.063211,0.001448,-0.011581,0.052399
2026-09-22,ASMLB,124892.28,0.032699,0.8129,0.017842,-0.005968,-0.013523,-0.009812,-0.00187,0.03822,0.075803,0.052399
2026-09-22,ATH,-34597.1,-0.000303,-0.0727,0.040649,0.058619,0.064724,0.039773,0.126921,-0.00592,-0.009096,0.052399
2026-09-22,AVGOB,-397130.27,-0.034447,-0.6041,0.004382,-0.028401,-0.040851,-0.032302,-0.031835,0.02066,0.176069,0.052399
2026-09-22,AVGOon,-10721.61,-0.00215,-1.0,0.005936,-0.027879,-0.041534,-0.031152,-0.030847,0.00448,0.009161,0.052399
2026-09-22,AVT,9190.8,0.00795,0.2224,0.040351,0.055176,0.033735,0.065707,0.20647,-0.014476,-0.000432,0.052399
2026-09-22,AXS,-223516.67,-0.001162,-0.5935,0.036819,-0.055478,-0.014152,0.026959,0.069363,-0.001381,-0.003063,0.052399
2026-09-22,AXTIB,376696.78,0.089338,0.4952,-0.02667,-0.056298,-0.023935,-0.016495,0.026783,-0.030814,-0.060592,0.052399
2026-09-22,BAL,2066.83,0.00024,0.0325,0.007668,-0.037625,-0.032251,-0.026658,0.114072,0.000979,0.009561,0.052399
2026-09-22,BARD,-93741.23,-0.00186,-0.2767,0.020916,-0.020783,0.017491,-0.00283,0.08257,-0.006803,-0.022726,0.052399
2026-09-22,BEAM,-542469.23,-0.005567,-0.6307,-0.853373,5.724575,5.375715,0.05201,4.668175,-0.36184,-0.111162,0.052399
2026-09-22,BEB,251407.73,0.088887,0.7302,0.013279,-0.007558,-0.039855,-0.033152,0.051332,0.0575,-0.060145,0.052399
2026-09-22,BILL,687971.35,0.020654,0.7698,0.013938,-0.111873,-0.035492,-0.013407,-0.080794,0.053934,0.076758,0.052399
2026-09-22,BMNRB,9488.73,0.001034,1.0,0.021682,-0.0421,-0.021229,-0.024037,-0.034683,0.008148,0.072979,0.052399
2026-09-22,BNT,-538.31,-1.5e-05,-0.0012,0.017199,-0.039581,-0.002601,-0.014177,0.028411,-0.000636,0.00804,0.052399
2026-09-22,BOBA,-49110.42,-0.004753,-0.1643,0.063171,-0.052248,-0.017054,-0.056143,0.124948,-0.005462,0.004998,0.052399
2026-09-22,CAP,3027479.5,0.041695,0.4083,0.019602,0.087913,0.070999,0.115843,0.13945,-0.023003,-0.021719,0.052399
2026-09-22,CBBTC,-76024.35,-9e-06,-0.0023,-0.002696,-0.022566,-0.022293,-0.024036,-0.0182,-0.000489,-0.000688,0.052399
2026-09-22,CBRSB,-132958.52,-0.052424,-0.3779,0.017633,-0.03474,-0.02453,-0.02184,-0.026229,-0.232805,-0.346182,0.052399
2026-09-22,CFG,-246135.75,-0.003168,-1.0,-0.025131,0.042259,0.151676,0.112479,0.220605,-0.004851,-0.005024,0.052399
2026-09-22,COHRB,14388.46,0.004305,0.1303,-0.033458,-0.032442,-0.060863,-0.051329,-0.036107,-0.115868,-0.135862,0.052399
2026-09-22,COINB,-618299.57,-0.032944,-1.0,0.00244,-0.016052,-0.009881,-0.014968,-0.023848,-0.064637,-0.086082,0.052399
2026-09-22,COMP,-73526.11,-0.000322,-1.0,0.021559,-0.047423,0.062699,0.024881,0.061271,0.000589,0.002977,0.052399
2026-09-22,CRCLon,-95110.79,-0.000848,-0.3324,0.005567,-0.02974,-0.01737,-0.021977,-0.056291,0.000765,0.004059,0.052399
2026-09-22,CRDOB,-3479.54,-0.001849,-0.0087,0.024074,0.005865,0.017107,0.026919,0.097091,-0.501829,-0.492957,0.052399
2026-09-22,CREO,0.0,0.0,0.0,0.023076,0.132997,0.043101,0.104179,0.097723,0.020282,0.069738,0.052399
2026-09-22,CRO,-169218.67,-5.1e-05,-0.1949,0.053018,-0.08708,-0.054276,-0.036109,-0.00041,-0.000229,-0.01108,0.052399
2026-09-22,CRV,-97872.2,-0.000176,-0.4051,-0.010739,-0.090194,-0.010886,-0.040785,-0.017605,0.001225,0.000691,0.052399
2026-09-22,CRWVB,-206288.54,-0.128386,-0.9491,0.014663,0.007131,0.040349,0.040026,0.009553,-0.120243,0.159041,0.052399
2026-09-22,CTC,2038.94,3.3e-05,0.0181,0.019703,-0.041519,-0.001394,-0.000738,0.064275,-0.006252,-0.010907,0.052399
2026-09-22,CVC,60831.95,0.002149,1.0,0.034998,-0.01199,0.06165,0.071589,0.088741,-0.003456,0.0125,0.052399
2026-09-22,DELLB,172813.33,0.17187,1.0,-0.0447,-0.004607,-0.020882,-0.020699,0.03126,0.315774,0.146107,0.052399
2026-09-22,DOS,64421.83,0.001492,0.1758,-0.002083,0.005911,0.035083,0.017252,0.045876,-0.000528,-0.020489,0.052399
2026-09-22,DRV,138795.78,0.000448,1.0,0.018591,0.124841,0.089293,0.030049,-0.003751,0.001053,0.004091,0.052399
2026-09-22,EIGEN,214950.2,0.000944,0.0772,0.025859,-0.044676,0.001678,-0.050114,0.109136,0.004838,0.005657,0.052399
2026-09-22,ELA,1372.68,0.000179,0.003,-0.04304,-0.019087,0.052447,0.001097,0.062646,0.000699,0.012678,0.052399
2026-09-22,ENA,523263.13,0.00025,0.147,-0.030678,-0.008386,0.073638,0.073861,0.381456,0.003153,0.005068,0.052399
2026-09-22,ENS,-180936.99,-0.000636,-1.0,-0.001359,-0.006185,0.05663,0.034669,0.041919,-0.006549,-0.009624,0.052399
2026-09-22,ERA,50608.49,0.004989,0.0938,0.026564,-0.032231,0.00354,-0.008638,0.033301,-8.5e-05,0.028168,0.052399
2026-09-22,ETHFI,8651.14,1.3e-05,0.0187,-0.048672,-0.049759,-0.014094,-0.029171,0.039819,0.00025,0.001427,0.052399
2026-09-22,EWYB,-26389.02,-0.003317,-1.0,0.018382,-0.036797,-0.052201,-0.045135,-0.025519,-0.148602,-0.291562,0.052399
2026-09-22,FARM,6261.58,0.001355,0.16,-0.032765,0.021399,-0.013302,0.006361,0.22976,-0.003499,0.024346,0.052399
2026-09-22,FET,-1311221.35,-0.002768,-0.7053,0.021287,-0.047468,0.094038,0.095146,0.195878,-0.00161,-0.001143,0.052399
2026-09-22,FF,-624297.11,-0.001565,-0.8453,-0.012285,0.014098,0.038334,0.077529,0.034552,-0.000381,0.00086,0.052399
2026-09-22,FLOKI,-17636.85,-6.2e-05,-0.086,0.040036,-0.086841,-0.040035,-0.055444,-0.039966,-0.000529,-0.001598,0.052399
2026-09-22,FORT,6143.56,0.000598,0.0343,0.003395,-0.021806,-0.00098,0.007497,0.066366,-0.004166,0.003399,0.052399
2026-09-22,FORTH,25033.34,0.006016,0.2741,0.006013,-0.030108,0.017338,0.021714,0.021839,0.006534,-0.00244,0.052399
2026-09-22,GHST,10774.17,0.003174,0.2567,-0.020251,-0.014548,0.047043,0.057541,0.070021,-0.000776,0.002026,0.052399
2026-09-22,GLWB,-5184.19,-0.003024,-0.1437,0.003991,-0.033953,-0.033188,-0.028599,-0.003834,-0.192198,0.034059,0.052399
2026-09-22,GRT,-60598.08,-0.000223,-1.0,0.064335,0.020246,0.044631,0.028377,0.335707,-0.002583,-0.000157,0.052399
2026-09-22,GTC,26631.69,0.003487,1.0,0.001448,-0.044866,-0.007218,-0.017064,0.041868,-0.003479,-0.00308,0.052399
2026-09-22,HFT,35545.33,0.006172,0.3584,0.035278,0.014239,0.010425,0.008712,0.080688,0.002508,0.010669,0.052399
2026-09-22,HIGH,-8870.19,-0.003026,-0.0772,0.000496,0.03322,0.064583,0.032779,0.200327,-0.00636,0.002129,0.052399
2026-09-22,HOPR,2397.26,0.000529,0.0215,-0.015703,-0.019739,-0.003736,0.017268,0.016145,-0.000269,-0.009228,0.052399
2026-09-22,IDEX,-61766.44,-0.068942,-0.7622,-0.046333,-0.016016,-0.005194,0.044231,0.031058,-0.068978,-0.074657,0.052399
2026-09-22,IMU,300.32,0.000149,0.0023,-0.0305,0.00353,0.012062,0.01871,0.04629,0.002899,0.003734,0.052399
2026-09-22,IMX,-89408.56,-0.000298,-1.0,0.001456,-0.040363,0.018908,0.005764,0.167872,-0.002659,-0.003677,0.052399
2026-09-22,INTWB,-44115.21,-0.048906,-0.6474,0.029401,-0.031521,0.051992,0.06845,0.031882,-0.149634,-0.351149,0.052399
2026-09-22,IRENB,-46730.08,-0.030105,-1.0,0.02879,-0.022516,-0.049545,-0.049451,-0.083655,-0.191616,-0.333877,0.052399
2026-09-22,JASMY,-234450.74,-0.001076,-1.0,0.016316,-0.046824,0.031395,0.003239,0.194902,-0.003774,0.00408,0.052399
2026-09-22,KORUB,1291.25,0.000373,0.0567,0.058397,-0.109676,-0.153528,-0.134835,-0.086377,0.053938,-0.11481,0.052399
2026-09-22,L3,16505.97,0.00377,0.1315,-0.01741,0.132742,0.088296,0.089849,0.115492,0.003107,0.008707,0.052399
2026-09-22,LA,110147.3,0.007625,1.0,0.015273,-0.03474,-0.006858,-0.03257,-0.027356,0.086422,0.15029,0.052399
2026-09-22,LBTC,101419.86,9.9e-05,0.3705,0.004503,-0.022862,-0.023485,-0.025562,-0.019821,3.8e-05,0.000198,0.052399
2026-09-22,LCX,16722.19,0.000611,0.0162,-0.002059,0.044792,0.194928,0.174675,0.224323,0.017511,0.012244,0.052399
2026-09-22,LDO,62747.13,0.000178,0.1198,-0.022759,-0.089465,0.02778,0.016755,0.15922,-0.00951,-0.010997,0.052399
2026-09-22,LINK,-1145930.34,-0.000118,-0.298,-0.003065,-0.052488,0.022376,0.03498,0.084663,0.000285,0.000307,0.052399
2026-09-22,LIT,-1454010.78,-0.001202,-0.3737,0.006757,0.123702,0.112945,0.023671,-0.031328,-9.1e-05,0.000632,0.052399
2026-09-22,LITEB,-164127.21,-0.048891,-0.7343,-0.009522,-0.008508,-0.018182,-0.012554,-0.004389,-0.319616,-0.385023,0.052399
2026-09-22,LMWR,2275.85,0.000419,0.0616,0.033524,0.03408,0.005183,0.001991,0.03761,0.011888,-0.005305,0.052399
2026-09-22,LPT,-113505.22,-0.001335,-0.4115,-0.012194,-0.023836,-0.031742,-0.053694,0.040934,-0.005191,-0.008399,0.052399
2026-09-22,MASK,177187.44,0.003619,0.3831,0.01819,-0.068285,-0.051687,-0.064666,-0.009094,0.001771,-0.007996,0.052399
2026-09-22,MAVIA,23511.77,0.00284,1.0,0.028991,0.031472,0.037076,0.014831,0.035222,0.024864,0.033947,0.052399
2026-09-22,MDT,-53.0,-1e-05,-0.0049,-0.055595,-0.022127,-0.034801,-0.046079,-0.036541,0.000163,0.009732,0.052399
2026-09-22,METH,6385880.75,0.010089,1.0,-0.002881,-0.026158,-0.01925,-0.025769,-0.018753,0.010963,-0.026989,0.052399
2026-09-22,MLN,1921.97,0.0004,0.0216,0.053134,0.023583,1.147987,0.040745,0.044275,-0.001467,0.039316,0.052399
2026-09-22,MNT,50439.68,2.3e-05,1.0,0.024753,-0.013259,0.032139,0.01961,0.022142,2.3e-05,-5e-05,0.052399
2026-09-22,MORPHO,263932.92,0.000191,0.1392,-0.026142,-0.019137,0.075144,0.078908,0.028813,0.000579,0.000747,0.052399
2026-09-22,MRVLB,-260739.02,-0.031459,-0.2779,0.019206,-0.013282,-0.012675,-0.007176,0.0025,-0.111202,-0.215272,0.052399
2026-09-22,MUUB,-124354.59,-0.051753,-0.1588,0.08698,-0.042217,-0.029635,-0.019208,-0.001163,-0.095528,-1.273469,0.052399
2026-09-22,MVLLB,-122355.93,-0.113399,-1.0,0.03474,-0.022586,-0.026911,-0.013638,0.005758,-0.461664,-0.441074,0.052399
2026-09-22,NBISB,-157746.47,-0.023482,-0.6284,0.012479,-0.037955,0.03457,0.040739,0.023243,-0.077438,-0.11028,0.052399
2026-09-22,NEXO,-53713.41,-9.4e-05,-1.0,0.002077,-0.017523,0.003837,-0.00801,0.00472,-9e-05,-0.000656,0.052399
2026-09-22,NOKB,154391.28,0.076127,1.0,-0.009892,-0.022618,-0.03678,-0.034151,-0.042631,0.091537,0.114133,0.052399
2026-09-22,NOM,148653.46,0.02994,0.894,-0.035035,0.053899,0.305027,0.175067,0.272972,0.034404,0.033834,0.052399
2026-09-22,ONDO,1824402.51,0.000861,0.0864,-0.016829,-0.052529,0.174624,0.211036,0.274905,0.000986,0.000559,0.052399
2026-09-22,ORCLB,-126425.08,-0.039093,-0.5639,0.003554,-0.030869,-0.06164,-0.058851,-0.074816,-0.10554,0.000503,0.052399
2026-09-22,PAXG,289811.76,0.000153,0.0739,0.00493,-0.018747,-0.022135,-0.022542,-0.020296,0.001792,-0.00026,0.052399
2026-09-22,PENDLE,-557752.03,-0.001322,-0.3477,-0.044793,0.033781,0.074074,0.057037,0.098171,-0.000819,-0.001775,0.052399
2026-09-22,PEPE,474617.32,0.000235,0.0411,-0.01904,-0.103094,-0.085288,-0.098175,-0.099133,0.000724,0.000127,0.052399
2026-09-22,PIEVERSE,-13123.39,-2.5e-05,-0.0225,-0.029139,-0.026822,-0.090011,-0.090101,-0.134767,4e-05,0.00079,0.052399
2026-09-22,PLTRB,-157885.64,-0.073859,-0.5158,0.010474,0.037521,0.041399,0.039136,0.031237,-0.11753,0.318408,0.052399
2026-09-22,PLUME,-148602.13,-0.001422,-0.4134,0.066573,-0.02385,0.162326,0.113279,0.164459,0.003358,-0.001013,0.052399
2026-09-22,POL,800624.48,0.000688,1.0,-0.027245,-0.067693,-0.008874,-0.001338,0.141393,0.000908,-0.001424,0.052399
2026-09-22,PRIME,-3047.22,-0.00037,-0.0138,-0.015774,0.001855,0.002296,-0.000867,0.033221,-0.004244,-0.014063,0.052399
2026-09-22,PROM,58307.97,0.000655,1.0,-0.042535,0.054578,0.116193,0.1176,0.277305,0.002825,0.013656,0.052399
2026-09-22,PTB,16090.62,0.001996,0.1442,-0.179994,-0.068687,0.014737,-0.032497,0.023368,0.035989,0.028979,0.052399
2026-09-22,QCOMB,-20419.07,-0.006494,-0.0222,0.019254,-0.007553,-0.021457,-0.019544,0.027086,-0.054003,-0.139988,0.052399
2026-09-22,QNTB,13713.56,0.022987,1.0,0.001936,-0.017276,-0.036808,-0.034221,-0.035588,-0.065363,-0.264657,0.052399
2026-09-22,RED,720760.29,0.008784,0.4287,0.045587,-0.037318,0.023062,0.037823,0.092016,0.011541,0.015282,0.052399
2026-09-22,RESOLV,0.0,0.0,0.0,0.031194,-0.058052,-0.020083,-0.032992,0.069997,0.010206,0.014226,0.052399
2026-09-22,RKLBB,-293235.18,-0.094071,-0.888,0.033389,-0.021674,0.021469,0.033417,0.028597,-0.198121,-0.159984,0.052399
2026-09-22,RLS,23353.04,0.005336,0.0537,0.269682,-0.168939,-0.119035,-0.129369,-0.137306,-0.013965,-0.017187,0.052399
2026-09-22,RPL,4180.34,9.3e-05,0.0279,0.011511,-0.020355,0.007072,-0.018882,0.073195,-0.001214,0.000405,0.052399
2026-09-22,SAND,-31399.71,-0.000252,-0.0814,0.023744,-0.048009,0.007782,0.014352,0.061507,0.003147,0.014439,0.052399
2026-09-22,SD,-36516.03,-0.004014,-0.3443,0.048792,0.025671,0.043742,0.00538,0.053606,-0.00704,-0.001671,0.052399
2026-09-22,SENT,-88717.98,-0.000592,-1.0,0.096924,0.02,0.030604,0.017432,0.059155,-0.007314,-0.01977,0.052399
2026-09-22,SHIB,-745696.65,-0.000209,-0.4832,0.020428,-0.074015,-0.0371,-0.048933,-0.022307,-0.000166,-0.000235,0.052399
2026-09-22,SKHYon,11529.78,0.009016,1.0,0.030934,-0.034741,-0.046373,-0.038105,-0.015454,0.024493,0.017483,0.052399
2026-09-22,SKY,31509.82,2e-05,0.1605,-0.057617,0.020526,0.120364,0.064706,0.125939,0.001062,0.007055,0.052399
2026-09-22,SMCIB,207.36,0.000121,0.0018,0.011016,-0.005218,0.00616,0.002792,0.057774,0.021881,0.004451,0.052399
2026-09-22,SMHB,101955.78,0.078464,0.8546,0.017957,-0.013087,-0.012261,-0.007311,0.009959,0.05713,0.10624,0.052399
2026-09-22,SNDKB,55868.41,0.002035,1.0,0.067366,-0.038836,-0.071725,-0.060335,-0.05716,-0.607167,-0.548744,0.052399
2026-09-22,SNXXB,-10945.96,-0.002429,-1.0,0.133016,-0.077199,-0.139305,-0.118251,-0.11418,0.114363,0.137102,0.052399
2026-09-22,SOPH,210345.71,0.027273,0.6826,-0.14233,-0.028746,-0.006671,-0.015473,-0.021346,0.022835,0.029232,0.052399
2026-09-22,SPX,-87227.24,-0.000176,-0.1145,0.037602,-0.183712,-0.163732,-0.179457,-0.154999,-0.000887,-0.001844,0.052399
2026-09-22,STO,10745.44,0.001103,1.0,0.046822,-0.009778,0.010826,-0.020767,0.050002,0.002215,0.002111,0.052399
2026-09-22,STRK,653739.83,0.002064,0.5742,-0.029303,-0.100291,-0.083615,-0.090695,-0.045275,0.003171,0.005071,0.052399
2026-09-22,SWELL,-25323.41,-0.005654,-0.2181,-0.094701,0.043065,-0.036457,-0.021649,-0.002292,-0.018949,-0.023872,0.052399
2026-09-22,SYN,193811.5,0.00351,0.6444,-0.123482,-0.093881,-0.1652,-0.079999,-0.219488,0.012427,0.013421,0.052399
2026-09-22,SYRUP,-85190.25,-0.000328,-0.0506,-0.057665,-0.07125,-0.003283,-0.024357,0.000252,0.0025,0.004175,0.052399
2026-09-22,TMX,-237457.03,-0.468473,-1.0,-0.042782,-0.012823,0.089921,0.089921,0.029386,-3.09104,-3.632836,0.052399
2026-09-22,TQQQB,184482.02,0.091571,0.9212,0.024201,-0.030094,-0.028146,-0.026138,-0.015129,0.024586,0.004659,0.052399
2026-09-22,TRAC,-4152.22,-2.3e-05,-0.0177,0.023092,-0.037666,0.044378,0.030239,0.047485,-0.00043,0.000186,0.052399
2026-09-22,TREE,242777.91,0.032949,0.6303,0.057477,0.0114,0.022348,0.021158,0.044141,0.087951,0.196815,0.052399
2026-09-22,TSMB,37132.46,0.009072,1.0,0.016486,-0.012076,-0.00363,0.000654,0.000901,0.005583,-0.014395,0.052399
2026-09-22,UNI,4221968.91,0.000739,0.6063,0.043866,-0.000374,0.013708,-0.007845,0.057695,0.001152,0.000613,0.052399
2026-09-22,USARB,13777.61,0.014389,0.1502,0.009664,-0.063977,-0.09627,-0.090398,-0.098481,-0.053321,-0.063828,0.052399
2026-09-22,VIRTUAL,8026.8,1.7e-05,0.0378,0.043683,-0.047534,0.012671,0.002416,0.1129,-0.002931,-0.002823,0.052399
2026-09-22,WBETH,-606676.79,-5.9e-05,-0.1372,-0.004885,-0.026614,-0.019791,-0.025788,-0.020446,-3.6e-05,-0.000153,0.052399
2026-09-22,WBTC,844450.92,8.4e-05,0.3428,-0.002985,-0.021807,-0.021606,-0.024325,-0.018291,-3.8e-05,-0.000158,0.052399
2026-09-22,WDCB,-69203.4,-0.030252,-0.4823,0.034642,0.020783,-0.025021,-0.016927,-0.006566,-0.084043,0.026982,0.052399
2026-09-22,WLD,-4942151.95,-0.002953,-0.8011,0.050215,-0.110571,-0.034294,-0.058953,0.220199,-0.003605,-0.000634,0.052399
2026-09-22,WLFI,145281.6,7.9e-05,0.1688,0.009044,-0.068427,-0.034385,-0.025947,0.014021,-0.000364,-0.00031,0.052399
2026-09-22,WSTETH,-117475.27,-9e-06,-0.1426,-0.003815,-0.028184,-0.022009,-0.024378,-0.01989,2.3e-05,2.2e-05,0.052399
2026-09-22,XAUt,-648184.14,-0.000238,-0.0489,0.003984,-0.018108,-0.021886,-0.022105,-0.019787,-0.006516,-0.006735,0.052399
2026-09-22,XCN,-99723.43,-0.000569,-0.4489,0.012817,0.063397,0.117191,0.095751,0.183218,0.000282,0.004188,0.052399
2026-09-22,ZAMA,-203179.55,-0.000917,-0.1829,-0.022083,0.003791,0.009041,0.00331,-0.074227,0.000506,-0.014064,0.052399
2026-09-22,ZKC,103131.21,0.004553,0.1334,0.022105,-0.033544,0.002052,-0.014787,0.083758,0.024433,0.064607,0.052399
2026-09-22,ZKJ,16379.39,0.002971,0.0258,-0.03108,0.000524,-0.005371,-0.002796,0.006182,0.008209,0.015918,0.052399
2026-09-22,ZRO,683098.46,0.001358,0.574,0.130613,0.150525,0.111074,0.124959,0.284566,0.003078,0.004311,0.052399
2026-09-22,cbETH,50314.06,9.6e-05,0.0713,-0.00349,-0.028002,-0.020696,-0.025996,-0.020679,-0.002281,-0.003834,0.052399
2026-09-22,stETH,-832885.51,-3.1e-05,-0.8534,-0.004771,-0.025968,-0.019889,-0.026456,-0.020212,-6.2e-05,-7.9e-05,0.052399
2026-09-23,A8,-102639.14,-0.027599,-0.2827,-0.116831,0.007171,-0.027397,0.010148,-0.06364,-0.019337,-0.015725,-0.021011
2026-09-23,AAOIB,-30819.79,-0.007011,-0.3437,-0.05571,-0.004329,0.010298,0.007808,-0.041564,-0.049247,-0.015732,-0.021011
2026-09-23,AAVE,-5139690.36,-0.002396,-0.6439,-0.034349,0.058227,0.046117,0.111615,0.055748,-0.000381,0.002993,-0.021011
2026-09-23,AERGO,-10748.75,-0.002251,-0.4356,0.018917,-0.017853,0.036733,-0.002677,0.003899,-0.005049,-0.005975,-0.021011
2026-09-23,AIOZ,-326661.45,-0.002129,-0.0764,-0.060781,0.046254,-0.001111,0.021099,-0.017515,0.00563,0.011441,-0.021011
2026-09-23,ALCX,11082.2,0.001437,1.0,-0.095438,-0.046447,-0.011204,-0.019082,-0.079923,-0.002481,0.006533,-0.021011
2026-09-23,ALLO,160600.13,0.002724,0.0652,0.088426,-0.021914,-0.040329,0.011708,-0.0569,-0.012971,-0.00736,-0.021011
2026-09-23,ALT,8956.39,0.001489,1.0,0.027502,-0.072821,0.001484,0.068787,-0.062091,-0.007276,0.018561,-0.021011
2026-09-23,AMATB,4726.63,0.001782,0.1143,0.002598,0.001331,0.006514,0.028607,0.026579,-0.050613,0.031708,-0.021011
2026-09-23,AMDon,-7500.81,-0.000764,-1.0,-0.013407,0.023642,0.031674,0.021292,-0.011958,0.004218,-0.004651,-0.021011
2026-09-23,AMZNB,43235.29,0.016283,1.0,-0.024713,0.001953,0.004084,0.001468,-0.011144,0.078268,0.137565,-0.021011
2026-09-23,APE,-373384.28,-0.002514,-0.3261,-0.053405,0.024428,0.016752,0.044217,-0.011959,-0.000188,-0.004268,-0.021011
2026-09-23,API3,72827.11,0.003258,1.0,-0.034341,0.043184,0.034404,0.081735,0.033178,0.004362,-0.014421,-0.021011
2026-09-23,ARKM,18907.04,0.000688,0.1549,-0.050295,0.06256,0.074324,0.139345,0.058349,-0.002464,-0.011217,-0.021011
2026-09-23,ARMB,-82580.0,-0.031467,-0.8091,0.000958,-0.079517,-0.064836,-0.064719,-0.146341,-0.249281,-0.3259,-0.021011
2026-09-23,ASM,-6713.01,-0.000784,-1.0,-0.006906,0.004883,0.008563,0.101611,0.063596,-0.000327,-0.003836,-0.021011
2026-09-23,ASMLB,-11083.82,-0.00293,-1.0,-0.005968,-0.0076,-0.003867,0.002185,0.021304,0.034822,0.065432,-0.021011
2026-09-23,ATH,60069.68,0.000498,0.0359,0.058619,0.005767,-0.017802,0.064532,-0.001472,-0.001022,-0.009338,-0.021011
2026-09-23,AVGOB,-29516.61,-0.002615,-0.0455,-0.028401,-0.012814,-0.004015,-0.00184,-0.014025,-0.116298,0.175917,-0.021011
2026-09-23,AVGOon,0.0,0.0,0.0,-0.027879,-0.014047,-0.003367,-0.003978,-0.014226,0.003438,0.000584,-0.021011
2026-09-23,AVT,1919.32,0.001573,0.0094,0.055176,-0.02032,0.00998,0.054722,0.46558,0.00264,-0.011843,-0.021011
2026-09-23,AXS,-149288.26,-0.000822,-0.2299,-0.055478,0.043753,0.087279,0.127722,0.049543,-0.002492,-0.004288,-0.021011
2026-09-23,AXTIB,-130731.62,-0.031989,-0.8829,-0.056298,0.034294,0.042178,0.074044,0.005755,-0.066272,-0.017827,-0.021011
2026-09-23,BAL,-2600.75,-0.000313,-0.0216,-0.037625,0.005585,0.011396,0.33636,0.14108,0.002435,0.011089,-0.021011
2026-09-23,BARD,-371975.93,-0.007536,-0.5489,-0.020783,0.039087,0.018334,0.085106,0.006369,-0.009168,-0.028848,-0.021011
2026-09-23,BEAM,18272.3,0.00949,0.0134,5.724575,-0.051878,-0.843557,-0.829591,-0.129424,-0.166495,-0.48219,-0.021011
2026-09-23,BEB,1839.32,0.000654,0.0254,-0.007558,-0.032544,-0.02579,0.036798,-0.043299,-0.107992,-0.048766,-0.021011
2026-09-23,BILL,-225165.06,-0.007611,-0.3396,-0.111873,0.086003,0.110869,0.165783,-0.092129,0.04684,0.06103,-0.021011
2026-09-23,BLUR,-77100.61,-0.001373,-0.2577,-0.032695,0.03575,0.029309,0.082255,0.009811,-0.016135,-0.028621,-0.021011
2026-09-23,BNT,1007.43,3e-05,0.0006,-0.039581,0.038504,0.02645,0.063576,0.062705,-0.000286,0.007947,-0.021011
2026-09-23,BOBA,1644.95,0.000168,0.0091,-0.052248,0.037134,-0.004109,0.094376,0.041665,-0.005114,-0.004427,-0.021011
2026-09-23,CAP,-2363863.3,-0.029924,-0.5365,0.087913,-0.015547,0.025672,0.015187,0.107941,-0.046439,-0.054802,-0.021011
2026-09-23,CBBTC,-4188439.35,-0.000527,-0.7981,-0.022566,0.000279,-0.001504,-0.003867,-0.011158,-0.000639,-0.001269,-0.021011
2026-09-23,CBRSB,-229781.98,-0.102857,-0.6741,-0.03474,0.010577,0.013364,0.007666,-0.039633,-0.330191,-0.44289,-0.021011
2026-09-23,CFG,-301918.6,-0.003728,-0.7269,0.042259,0.10498,0.067372,0.201052,0.127745,-0.011029,-0.007944,-0.021011
2026-09-23,CHZ,0.0,0.0,0.0,-0.054485,0.041489,0.02781,0.061844,-0.01185,-0.000219,-0.00181,-0.021011
2026-09-23,COHRB,-56880.28,-0.017459,-0.2631,-0.032442,-0.029374,-0.019521,-0.005223,-0.060777,-0.134796,-0.147203,-0.021011
2026-09-23,COINon,14628.88,0.001539,1.0,-0.020281,0.008224,0.002661,-0.00936,-0.02883,0.00074,-0.001254,-0.021011
2026-09-23,COMP,-192011.47,-0.000884,-1.0,-0.047423,0.115604,0.075904,0.100914,0.076173,0.000238,0.002538,-0.021011
2026-09-23,CRCLon,74233.77,0.000688,0.1219,-0.02974,0.01275,0.008002,-0.036616,-0.065674,0.00135,0.00375,-0.021011
2026-09-23,CRDOB,-476429.07,-0.278072,-1.0,0.005865,0.011177,0.020931,0.078254,-0.004942,-0.76739,-0.785837,-0.021011
2026-09-23,CREO,0.0,0.0,0.0,0.132997,-0.079343,-0.025435,-0.000987,-0.070373,0.016007,0.076216,-0.021011
2026-09-23,CRO,52041.71,1.7e-05,1.0,-0.08708,0.035933,0.055833,0.078387,0.117573,-0.000145,-0.011003,-0.021011
2026-09-23,CRV,505592.49,0.000998,0.5481,-0.090194,0.08717,0.054306,0.073074,0.098649,0.002398,0.002135,-0.021011
2026-09-23,CRWVB,221755.51,0.131634,0.659,0.007131,0.032983,0.032662,-0.005464,-0.0253,-0.004024,0.317241,-0.021011
2026-09-23,CTC,-5.83,-0.0,-0.0,-0.041519,0.041863,0.042547,0.075782,0.028777,0.000101,-0.010907,-0.021011
2026-09-23,CVC,61020.73,0.002182,0.1941,-0.01199,0.074534,0.084593,0.118996,0.054196,0.00088,0.012213,-0.021011
2026-09-23,CYBER,-119487.11,-0.004569,-1.0,-0.045203,0.042702,0.028421,0.072519,-0.012419,-0.022843,0.005656,-0.021011
2026-09-23,DELLB,-411.88,-0.000397,-0.0089,-0.004607,-0.01635,-0.016166,0.025722,-0.014169,0.321437,0.102597,-0.021011
2026-09-23,DRV,81515.05,0.000234,0.1793,0.124841,-0.031603,-0.084272,-0.102682,-0.193675,0.000467,0.004325,-0.021011
2026-09-23,EIGEN,251406.79,0.001156,1.0,-0.044676,0.048522,-0.005692,0.185831,0.054447,0.005217,0.007311,-0.021011
2026-09-23,ELA,-16937.01,-0.002254,-0.0221,-0.019087,0.072926,0.020576,0.090969,0.043856,-0.009474,0.008786,-0.021011
2026-09-23,ENA,1455761.62,0.000702,0.4032,-0.008386,0.082717,0.082942,0.322633,0.265663,0.001841,0.005731,-0.021011
2026-09-23,ENS,110231.91,0.00039,0.1629,-0.006185,0.063206,0.041108,0.05097,-0.017443,-0.000576,-0.008679,-0.021011
2026-09-23,ERA,5513.74,0.000562,0.0997,-0.032231,0.036962,0.024379,0.05108,0.015818,-0.001229,0.015573,-0.021011
2026-09-23,ETHFI,177108.35,0.00028,0.2664,-0.049759,0.037532,0.021666,0.124024,0.062516,0.001015,0.0018,-0.021011
2026-09-23,EWYB,210935.94,0.02691,0.8648,-0.036797,-0.015992,-0.008656,0.007815,-0.010112,-0.146945,-0.168862,-0.021011
2026-09-23,FARM,7053.57,0.001494,0.0168,0.021399,-0.033974,-0.014724,0.203459,0.120299,0.006146,-0.002233,-0.021011
2026-09-23,FET,16440.65,3.6e-05,0.1256,-0.047468,0.148559,0.149722,0.255876,0.15923,-0.000881,-0.001234,-0.021011
2026-09-23,FF,-19073.74,-4.7e-05,-0.0256,0.014098,0.0239,0.06255,0.023009,-0.057962,-0.002319,0.000813,-0.021011
2026-09-23,FLOKI,-97481.49,-0.000376,-1.0,-0.086841,0.051258,0.034383,0.060406,-0.006507,-0.001375,-0.001961,-0.021011
2026-09-23,FORT,-2431.92,-0.000242,-0.0057,-0.021806,0.021291,0.029956,0.024369,0.076643,-0.002699,-0.001369,-0.021011
2026-09-23,FORTH,-5109.08,-0.001266,-0.0802,-0.030108,0.048918,0.05343,0.062173,0.006739,0.022041,-0.002568,-0.021011
2026-09-23,GALA,-116773.17,-0.001224,-0.5124,-0.105087,0.068146,0.049005,0.19827,0.109971,-0.003133,-0.002551,-0.021011
2026-09-23,GFI,10428.29,0.003232,0.3385,0.169617,0.428855,0.065394,0.214587,0.112061,0.002541,0.007763,-0.021011
2026-09-23,GLWB,53041.44,0.031248,0.7654,-0.033953,0.000792,0.005542,0.01257,-0.01903,0.184713,0.13271,-0.021011
2026-09-23,GROVE,-15752.91,-0.002608,-0.2422,-0.026127,-5.5e-05,0.004838,0.010013,-0.005181,-0.000189,-0.007833,-0.021011
2026-09-23,GRT,-236184.91,-0.000853,-0.4127,0.020246,0.023902,0.00797,0.093375,0.1952,-0.002545,-0.000534,-0.021011
2026-09-23,GRVT,-264370.32,-0.011802,-1.0,0.011001,0.047014,0.016465,0.05033,0.028671,-0.02405,-0.070686,-0.021011
2026-09-23,GTC,-6979.31,-0.000957,-0.29,-0.044866,0.039416,0.029108,0.088138,0.007951,-0.00104,-0.001946,-0.021011
2026-09-23,HFT,21703.93,0.003715,0.4982,0.014239,-0.00376,-0.005449,0.008316,0.000982,0.01142,0.004133,-0.021011
2026-09-23,HIGH,27309.15,0.009017,0.3352,0.03322,0.030355,-0.000427,0.195575,0.095754,0.003979,0.002357,-0.021011
2026-09-23,HOPR,-57257.1,-0.012886,-0.2068,-0.019739,0.016326,0.037753,0.048901,0.214115,-0.014377,-0.029048,-0.021011
2026-09-23,IDEX,-14169.9,-0.016073,-0.5789,-0.016016,0.010998,0.061228,0.073636,0.045455,-0.079254,-0.090731,-0.021011
2026-09-23,IMU,-33122.74,-0.016327,-0.1407,0.00353,0.008502,0.015126,0.044902,0.006458,-0.02053,-0.017166,-0.021011
2026-09-23,IMX,-74265.33,-0.000258,-1.0,-0.040363,0.061764,0.048067,0.148065,0.162816,-0.002291,-0.00362,-0.021011
2026-09-23,INTWB,21241.23,0.025064,0.3505,-0.031521,0.086231,0.103225,0.009395,-0.102933,-0.061484,-0.290011,-0.021011
2026-09-23,IRENB,-5054.13,-0.003421,-0.0858,-0.022516,-0.027651,-0.027555,-0.072763,-0.118442,-0.195441,-0.295751,-0.021011
2026-09-23,JASMY,83469.23,0.000402,1.0,-0.046824,0.082061,0.052522,0.128724,0.219679,-0.00268,-0.00044,-0.021011
2026-09-23,KORUB,437279.88,0.136948,1.0,-0.109676,-0.049254,-0.028259,0.013434,-0.038289,0.188862,0.019191,-0.021011
2026-09-23,L3,-29552.09,-0.005959,-0.0907,0.132742,-0.039238,-0.037867,-0.003293,-0.031278,-0.004661,-0.007792,-0.021011
2026-09-23,LA,151681.1,0.010878,0.249,-0.03474,0.028886,0.002248,0.041334,-0.077156,0.081494,0.165427,-0.021011
2026-09-23,LBTC,-480381.32,-0.000482,-0.2159,-0.022862,-0.000638,-0.002763,-0.004594,-0.01127,-0.00018,-0.000267,-0.021011
2026-09-23,LCX,558553.27,0.019543,0.1104,0.044792,0.143699,0.124314,0.144022,0.177206,0.018097,0.011783,-0.021011
2026-09-23,LDO,1252.88,4e-06,0.0051,-0.089465,0.128765,0.116657,0.256258,0.143902,-0.00821,-0.01127,-0.021011
2026-09-23,LINK,1266098.96,0.000138,0.2804,-0.052488,0.079011,0.092312,0.1502,0.229364,0.000296,0.000493,-0.021011
2026-09-23,LIT,-405873.57,-0.000299,-0.1909,0.123702,-0.009572,-0.089019,-0.128066,-0.178225,-0.000812,0.000386,-0.021011
2026-09-23,LITEB,671295.55,0.181583,1.0,-0.008508,-0.009757,-0.00408,0.003323,-0.019282,-0.128627,-0.091877,-0.021011
2026-09-23,LMWR,-24361.01,-0.00434,-1.0,0.03408,-0.027944,-0.031031,-0.024402,-0.013138,-0.000478,-0.010462,-0.021011
2026-09-23,LPT,45273.36,0.000546,0.1124,-0.023836,-0.008099,-0.030587,0.050916,-0.011071,-0.003621,-0.006329,-0.021011
2026-09-23,MASK,-165965.87,-0.003638,-1.0,-0.068285,0.017815,0.003885,0.045655,0.002323,0.001029,-0.008709,-0.021011
2026-09-23,MAVIA,96670.94,0.011322,0.8883,0.031472,0.005433,-0.016133,0.033832,-0.08013,0.025142,0.040042,-0.021011
2026-09-23,MDT,11988.51,0.002273,0.2104,-0.022127,-0.012961,-0.024494,-0.009853,-0.099866,0.000613,0.013536,-0.021011
2026-09-23,METH,8817044.15,0.014052,1.0,-0.026158,0.007094,0.000399,0.003653,0.000797,0.025132,-0.024497,-0.021011
2026-09-23,MITO,0.0,0.0,0.0,-0.057992,0.035575,0.019205,0.032512,-0.036216,0.00401,0.062253,-0.021011
2026-09-23,MLN,788.35,0.00016,0.0063,0.023583,1.098497,0.016766,0.013535,0.011666,0.012677,0.034957,-0.021011
2026-09-23,MNT,-124642.28,-5.8e-05,-1.0,-0.013259,0.046009,0.033311,0.050711,0.010797,1.9e-05,-7.5e-05,-0.021011
2026-09-23,MORPHO,179954.24,0.000133,0.082,-0.019137,0.096121,0.099958,0.063137,-0.018304,0.000755,0.000822,-0.021011
2026-09-23,MRVLB,-52664.78,-0.006887,-0.3897,-0.013282,0.000615,0.006188,0.009351,-0.031656,-0.093231,-0.191222,-0.021011
2026-09-23,MUUB,-32773.98,-0.017072,-0.2059,-0.042217,0.013136,0.024023,0.02119,-0.036017,-0.08978,-1.296565,-0.021011
2026-09-23,MVLLB,-32997.38,-0.034472,-0.5541,-0.022586,-0.004425,0.009155,0.014034,-0.067719,-0.386618,-0.485189,-0.021011
2026-09-23,NBISB,-116419.68,-0.018374,-0.4802,-0.037955,0.075387,0.081799,0.052198,0.023178,-0.095723,-0.114018,-0.021011
2026-09-23,NEXO,221.49,0.0,0.0018,-0.017523,0.021742,0.009683,0.003391,-0.007521,-0.0002,-0.000661,-0.021011
2026-09-23,NOKB,-46019.27,-0.023571,-0.8134,-0.022618,-0.01449,-0.0118,-0.027028,-0.04696,0.05778,0.042159,-0.021011
2026-09-23,NOM,18897.95,0.003611,0.3269,0.053899,0.238285,0.114972,0.123105,0.116152,0.037078,0.037445,-0.021011
2026-09-23,ONDO,-368477.84,-0.000184,-0.2167,-0.052529,0.239747,0.278177,0.302,0.239945,0.000159,0.000491,-0.021011
2026-09-23,ORCLB,-11866.77,-0.003842,-0.0443,-0.030869,-0.031751,-0.028873,-0.045238,-0.080723,-0.152527,-0.000692,-0.021011
2026-09-23,PAXG,1234078.73,0.000663,0.5695,-0.018747,-0.003453,-0.003868,-0.000866,-0.034746,0.001505,0.000337,-0.021011
2026-09-23,PENDLE,-263402.19,-0.000604,-0.6239,0.033781,0.038976,0.022496,0.017338,-0.060392,-0.001221,-0.002247,-0.021011
2026-09-23,PEPE,258975.54,0.000143,0.0851,-0.103094,0.019852,0.005484,-0.002757,-0.050757,0.000364,0.000113,-0.021011
2026-09-23,PIEVERSE,50008.88,9.8e-05,0.1997,-0.026822,-0.06493,-0.065023,-0.103589,-0.155457,0.000256,0.000348,-0.021011
2026-09-23,PLTRB,-27585.67,-0.013703,-1.0,0.037521,0.003738,0.001557,-0.010956,-0.022755,-0.127068,-0.046408,-0.021011
2026-09-23,PLUME,-47583.52,-0.000466,-0.0434,-0.02385,0.190725,0.14048,0.168448,0.131371,0.000796,-0.000797,-0.021011
2026-09-23,POL,-81372.9,-7.6e-05,-0.1189,-0.067693,0.063089,0.071173,0.171718,0.147317,0.000561,-0.00141,-0.021011
2026-09-23,PRIME,-5277.34,-0.000639,-0.1338,0.001855,0.00044,-0.002717,0.032692,0.090709,-0.002993,-0.010283,-0.021011
2026-09-23,PROM,57846.37,0.000616,1.0,0.054578,0.058426,0.059761,0.221061,0.218029,0.002331,0.011905,-0.021011
2026-09-23,PTB,46198.32,0.006154,0.1457,-0.068687,0.089576,0.03886,0.087539,-0.053352,0.046825,0.037755,-0.021011
2026-09-23,PUMP,0.0,0.0,0.0,-0.029586,0.024837,0.008391,0.035599,-0.045928,-0.001037,0.000344,-0.021011
2026-09-23,QCOMB,119812.47,0.037674,0.6313,-0.007553,-0.01401,-0.012082,0.025806,-0.047963,-0.08505,-0.096306,-0.021011
2026-09-23,QNTB,31917.77,0.049747,0.5278,-0.017276,-0.019875,-0.017243,-0.023083,-0.024548,0.042522,-0.173788,-0.021011
2026-09-23,RE,-1.74,-0.0,-0.0,-0.035564,0.067289,0.052364,0.102526,0.035315,-0.003364,-0.007055,-0.021011
2026-09-23,RESOLV,43951.29,0.005351,0.3521,-0.058052,0.040309,0.026605,0.144173,0.059578,0.015557,0.01896,-0.021011
2026-09-23,RKLBB,-141404.38,-0.048541,-0.4061,-0.021674,0.044098,0.056311,0.054295,0.02369,-0.22314,-0.195767,-0.021011
2026-09-23,RLS,17620.16,0.004844,0.1568,-0.168939,0.060048,0.047614,0.054421,-0.009889,0.011916,-0.014681,-0.021011
2026-09-23,RPL,3433.11,7.8e-05,0.0044,-0.020355,0.027997,0.001504,0.094204,-0.000521,3.6e-05,0.000472,-0.021011
2026-09-23,SAND,622397.9,0.005239,0.7221,-0.048009,0.058604,0.065505,0.115856,0.047903,0.009219,0.020529,-0.021011
2026-09-23,SD,20424.34,0.002189,0.247,0.025671,0.017619,-0.019783,0.061942,0.00998,0.002602,-0.004533,-0.021011
2026-09-23,SENT,-538779.93,-0.003523,-0.6184,0.02,0.010396,-0.002517,0.136449,-0.033341,-0.008646,-0.019013,-0.021011
2026-09-23,SHIB,108647.38,3.3e-05,0.2285,-0.074015,0.039865,0.027087,0.057016,0.004048,-0.000169,-0.000223,-0.021011
2026-09-23,SKY,321706.83,0.000197,0.3747,0.020526,0.09783,0.043291,0.110455,0.109333,0.00087,0.006198,-0.021011
2026-09-23,SMCIB,75172.77,0.043977,0.7075,-0.005218,0.011438,0.008052,0.050257,0.011693,0.039232,0.050591,-0.021011
2026-09-23,SMHB,-16399.14,-0.012766,-0.5647,-0.013087,0.000837,0.005853,0.013212,0.001137,0.006349,0.083615,-0.021011
2026-09-23,SNDKB,200530.23,0.009288,1.0,-0.038836,-0.034218,-0.022368,-0.026702,-0.057716,-0.601629,-0.550363,-0.021011
2026-09-23,SNXXB,42049.69,0.012938,1.0,-0.077199,-0.067302,-0.044487,-0.053218,-0.114658,0.066475,0.147582,-0.021011
2026-09-23,SOPH,79399.92,0.0106,0.3747,-0.028746,0.022728,0.013666,0.037209,-0.085053,0.033543,0.046088,-0.021011
2026-09-23,SPK,-314410.39,-0.005039,-1.0,-0.066668,0.052066,0.050067,0.256351,0.096054,-0.008406,0.018902,-0.021011
2026-09-23,SPX,782707.28,0.001938,0.492,-0.183712,0.024476,0.005212,0.055196,-0.043779,0.001098,0.000129,-0.021011
2026-09-23,STO,23904.2,0.002477,0.5951,-0.009778,0.020807,-0.011098,0.059325,0.008029,0.001884,0.006009,-0.021011
2026-09-23,STRK,115090.92,0.000404,0.2624,-0.100291,0.018535,0.010667,0.061425,0.048502,0.003878,0.003538,-0.021011
2026-09-23,SWELL,-37329.88,-0.007991,-0.4585,0.043065,-0.076239,-0.062043,-0.021509,-0.094782,-0.028386,-0.02048,-0.021011
2026-09-23,SYN,403659.57,0.008133,1.0,-0.093881,-0.078708,0.015321,-0.114519,-0.178637,0.01778,0.01856,-0.021011
2026-09-23,SYRUP,729742.55,0.003021,0.3322,-0.07125,0.073181,0.05049,0.093963,0.070455,0.003621,0.006993,-0.021011
2026-09-23,TMX,302996.29,0.605538,1.0,-0.012823,0.104078,0.104078,0.053653,0.075413,-2.398504,-2.977081,-0.021011
2026-09-23,TQQQB,38274.75,0.017407,0.5499,-0.030094,0.002008,0.004078,0.010702,-0.019931,0.036492,0.010358,-0.021011
2026-09-23,TRAC,23899.15,0.00014,0.0273,-0.037666,0.085255,0.070563,0.059577,0.0849,0.000986,-0.000728,-0.021011
2026-09-23,TREE,173098.58,0.023227,0.2726,0.0114,0.010824,0.009648,0.021937,-0.059603,0.104094,0.228785,-0.021011
2026-09-23,UNI,283801.14,5e-05,0.033,-0.000374,0.014088,-0.007473,0.036373,-0.048268,0.001156,0.000662,-0.021011
2026-09-23,USARB,-13373.7,-0.015716,-1.0,-0.063977,-0.0345,-0.028227,-0.046873,-0.094502,-0.084966,0.001521,-0.021011
2026-09-23,WBETH,-455782.32,-4.6e-05,-1.0,-0.026614,0.00701,0.000849,0.00306,-0.000325,-0.000109,-0.000207,-0.021011
2026-09-23,WBTC,-1496537.5,-0.000152,-0.3187,-0.021807,0.000205,-0.002574,-0.004744,-0.01258,-0.00017,-0.000302,-0.021011
2026-09-23,WDCB,-107536.98,-0.048335,-1.0,0.020783,-0.044871,-0.036943,-0.026449,-0.041723,-0.135352,-0.108222,-0.021011
2026-09-23,WETH,-68369.61,-8e-06,-1.0,-0.028564,0.007909,0.002787,0.004294,0.00178,1.3e-05,-0.000529,-0.021011
2026-09-23,WLD,-18369543.82,-0.012337,-0.8941,-0.110571,0.085759,0.058035,0.301482,0.181701,-0.015698,-0.014397,-0.021011
2026-09-23,WLFI,-433262.45,-0.000253,-0.4432,-0.068427,0.036542,0.045599,0.088093,0.0511,-0.000249,-0.000601,-0.021011
2026-09-23,XAUt,-151182.99,-5.7e-05,-0.0555,-0.018108,-0.003848,-0.004072,-0.001483,-0.036447,-0.004235,-0.006792,-0.021011
2026-09-23,XCN,-530374.07,-0.002844,-1.0,0.063397,0.050587,0.030425,0.05087,0.0183,-0.002116,0.001742,-0.021011
2026-09-23,ZAMA,-234352.0,-0.001054,-0.1698,0.003791,0.00523,-0.000479,-0.015595,-0.119235,-0.002316,-0.014602,-0.021011
2026-09-23,ZKC,-191446.41,-0.008746,-0.3169,-0.033544,0.036831,0.019408,0.084719,0.035252,0.010137,0.055486,-0.021011
2026-09-23,ZKJ,141629.41,0.025675,0.1195,0.000524,-0.005892,-0.003318,0.006178,-0.01964,0.034355,0.017768,-0.021011
2026-09-23,ZRO,-169154.43,-0.000292,-0.1401,0.150525,-0.03429,-0.022221,0.046255,0.004756,0.003137,0.003835,-0.021011
2026-09-23,cbETH,2233528.11,0.004387,0.3675,-0.028002,0.007516,0.002064,0.004194,0.001877,0.00242,0.000818,-0.021011
2026-09-23,stETH,-150722.14,-6e-06,-1.0,-0.025968,0.006241,-0.000501,0.002364,-5.4e-05,-4.8e-05,1.2e-05,-0.021011
2026-09-24,A8,-28638.89,-0.007646,-0.3932,0.007171,-0.034322,0.002955,-0.031977,-0.066774,-0.043681,-0.016357,-0.010039
2026-09-24,AAOIB,120787.06,0.027371,0.6706,-0.004329,0.014691,0.01219,0.009428,0.000191,-0.023388,0.016457,-0.010039
2026-09-24,AAVE,-7253337.59,-0.003195,-0.7238,0.058227,-0.011443,0.050451,0.051049,0.124822,-0.003551,-0.00167,-0.010039
2026-09-24,AERGO,8247.18,0.001758,0.0907,-0.017853,0.055578,0.015452,0.021829,-0.00856,-0.002826,-0.006927,-0.010039
2026-09-24,AIOZ,-640768.59,-0.00399,-0.0628,0.046254,-0.045271,-0.024043,-0.021321,-0.087713,-0.003357,0.001641,-0.010039
2026-09-24,ALCX,-6845.93,-0.000931,-1.0,-0.046447,0.036961,0.028698,-0.020232,-0.027226,-0.002878,0.005646,-0.010039
2026-09-24,ALLO,117556.55,0.002039,1.0,-0.021914,-0.018828,0.034375,0.00701,-0.014268,-0.004626,-0.006533,-0.010039
2026-09-24,ALT,12203.89,0.002188,1.0,-0.072821,0.080142,0.152731,0.109089,0.067263,-0.010139,0.01618,-0.010039
2026-09-24,AMATB,-26792.37,-0.00997,-0.1991,0.001331,0.005176,0.027239,0.025403,0.082134,-0.071836,0.008431,-0.010039
2026-09-24,AMDon,-10869.04,-0.001083,-1.0,0.023642,0.007846,-0.002295,0.007533,-0.034116,0.00374,-0.004115,-0.010039
2026-09-24,AMZNB,9160.93,0.003268,1.0,0.001953,0.002126,-0.000484,0.002566,-0.011022,0.078018,0.137671,-0.010039
2026-09-24,APE,-142639.43,-0.000937,-0.0403,0.024428,-0.007494,0.019317,0.070873,-0.020288,-0.004853,0.003706,-0.010039
2026-09-24,API3,-83196.3,-0.003568,-0.3866,0.043184,-0.008417,0.036956,0.047478,0.043019,0.00362,-0.014235,-0.010039
2026-09-24,ARMB,-23197.95,-0.009909,-1.0,-0.079517,0.015949,0.016076,0.023536,-0.041405,-0.264561,-0.314486,-0.010039
2026-09-24,ASMLB,-7671.37,-0.002047,-1.0,-0.0076,0.003761,0.00986,0.011813,0.062399,0.014792,0.066253,-0.010039
2026-09-24,ATH,-134663.24,-0.001109,-0.4202,0.005767,-0.023434,0.058428,0.058416,0.008702,-0.001643,-0.012121,-0.010039
2026-09-24,AVGOB,16390.78,0.001457,0.0471,-0.012814,0.008912,0.011116,0.0094,0.013843,-0.06753,0.175248,-0.010039
2026-09-24,AVT,-13374.54,-0.011192,-0.0546,-0.02032,0.030929,0.076599,0.167098,0.344916,-0.003289,-0.023105,-0.010039
2026-09-24,AXS,-91383.79,-0.000482,-1.0,0.043753,0.041702,0.080449,0.084714,0.052224,-0.003807,-0.002753,-0.010039
2026-09-24,AXTIB,-162102.88,-0.03912,-0.6582,0.034294,0.007623,0.038432,0.051962,0.0319,-0.126726,-0.042278,-0.010039
2026-09-24,BAL,4918.4,0.000589,0.0152,0.005585,0.005779,0.328938,0.151199,0.125383,0.002307,0.005414,-0.010039
2026-09-24,BEAM,-14543.63,-0.007967,-0.0155,-0.051878,-0.834997,-0.820267,-0.110974,-0.830626,-0.011777,-0.489459,-0.010039
2026-09-24,BEB,21293.3,0.007757,0.2286,-0.032544,0.006981,0.071675,0.094973,0.09572,0.091477,-0.023925,-0.010039
2026-09-24,BILL,585793.48,0.018234,1.0,0.086003,0.022897,0.073462,-0.046969,-0.143471,0.046159,0.069756,-0.010039
2026-09-24,BNT,-1520.94,-4.4e-05,-0.0005,0.038504,-0.011606,0.024143,0.031093,0.030056,4.2e-05,0.007971,-0.010039
2026-09-24,BOBA,-14509.19,-0.001429,-0.0714,0.037134,-0.039767,0.055192,0.144466,-0.003031,-0.00608,-0.002319,-0.010039
2026-09-24,CAP,-778017.15,-0.010005,-0.5417,-0.015547,0.04187,0.031219,0.063913,0.210088,-0.05323,-0.063842,-0.010039
2026-09-24,CBBTC,8743889.59,0.001096,0.2461,0.000279,-0.001783,-0.004145,0.004186,-0.009798,0.000509,-0.000246,-0.010039
2026-09-24,CBRSB,-31264.16,-0.016147,-0.6408,0.010577,0.002758,-0.002881,-0.001742,-0.057957,-0.289715,-0.458082,-0.010039
2026-09-24,CBXRP,50134.37,0.00025,1.0,0.019571,0.003086,-0.00114,0.004586,-0.02124,-0.001774,-0.004414,-0.010039
2026-09-24,CFG,-56029.73,-0.000626,-0.0419,0.10498,-0.034035,0.086944,0.059851,-0.003042,-0.006495,-0.010505,-0.010039
2026-09-24,CHZ,-56338.48,-0.000325,-0.3556,0.041489,-0.013134,0.019544,0.011698,-0.024069,-0.000197,-0.001153,-0.010039
2026-09-24,COHRB,-35605.41,-0.011619,-1.0,-0.029374,0.010151,0.024882,0.02636,0.003611,-0.053539,-0.156817,-0.010039
2026-09-24,COMP,376042.78,0.001552,0.3412,0.115604,-0.035586,-0.013167,-0.001344,0.022149,0.00112,0.003227,-0.010039
2026-09-24,CRDOB,-64402.91,-0.049386,-0.6698,0.011177,0.009646,0.066336,0.078639,-0.017696,-0.457647,-0.848016,-0.010039
2026-09-24,CREO,-32911.04,-0.019073,-0.7622,-0.079343,0.058554,0.085109,0.052365,0.13172,0.010872,0.048954,-0.010039
2026-09-24,CRO,150816.28,4.8e-05,0.4946,0.035933,0.01921,0.040982,0.056958,0.084394,-5.4e-05,-0.010916,-0.010039
2026-09-24,CRV,586993.89,0.001065,0.451,0.08717,-0.030228,-0.012966,-0.006793,0.090809,0.002358,0.003088,-0.010039
2026-09-24,CRWVB,-31603.15,-0.018042,-0.2423,0.032983,-0.00031,-0.037219,-0.029602,-0.047072,-0.081839,0.249349,-0.010039
2026-09-24,CTC,-4.7,-0.0,-0.0,0.041863,0.000657,0.032556,0.065761,0.03028,0.000132,-0.006507,-0.010039
2026-09-24,CVC,-39365.41,-0.00131,-0.0667,0.074534,0.009361,0.041378,0.025518,-0.007138,0.000889,0.008943,-0.010039
2026-09-24,DELLB,-5647.3,-0.005299,-0.0427,-0.01635,0.000187,0.042771,0.053254,-0.002087,0.293381,0.232374,-0.010039
2026-09-24,DOS,219108.59,0.004904,0.5462,0.029001,-0.017226,0.025774,0.010427,-0.038896,0.008252,-0.015687,-0.010039
2026-09-24,DRV,-268181.01,-0.000795,-0.359,-0.031603,-0.054388,-0.073399,-0.085417,-0.153011,-0.000724,-0.001273,-0.010039
2026-09-24,EIGEN,2367919.15,0.010355,1.0,0.048522,-0.051705,0.130955,0.107277,0.025905,0.014524,0.018172,-0.010039
2026-09-24,ELA,10627.85,0.001318,0.0069,0.072926,-0.048791,0.016817,0.009691,-0.009177,-0.000547,0.001202,-0.010039
2026-09-24,ENA,915836.02,0.000408,0.2748,0.082717,0.000208,0.221587,0.286706,0.121755,0.002075,0.005038,-0.010039
2026-09-24,ENS,168328.39,0.00056,0.375,0.063206,-0.020784,-0.011509,-0.013923,-0.01464,-0.000251,-0.005942,-0.010039
2026-09-24,ERA,-74161.09,-0.007285,-0.4214,0.036962,-0.012135,0.013615,0.029656,-0.028239,-0.007255,0.007763,-0.010039
2026-09-24,ETHFI,50549.91,7.7e-05,0.3253,0.037532,-0.015293,0.083363,0.054683,0.145843,0.000363,0.002155,-0.010039
2026-09-24,EWYB,36105.73,0.004634,0.7408,-0.015992,0.007455,0.024194,0.028152,0.024201,-0.159809,-0.158108,-0.010039
2026-09-24,FARM,-112137.02,-0.024586,-0.107,-0.033974,0.019928,0.245783,0.246339,0.23606,-0.023625,-0.020626,-0.010039
2026-09-24,FET,312837.63,0.000604,0.2635,0.148559,0.001013,0.093437,0.093086,0.014265,-0.001765,-0.001424,-0.010039
2026-09-24,FORT,-65542.47,-0.006384,-0.0587,0.021291,0.008485,0.003014,0.067411,0.035327,-0.009018,-0.007758,-0.010039
2026-09-24,FORTH,26954.2,0.006367,0.3043,0.048918,0.004302,0.012637,0.004425,-0.047918,0.020906,0.016775,-0.010039
2026-09-24,GALA,-3661.73,-3.6e-05,-0.0075,0.068146,-0.01792,0.121822,0.133265,0.095808,-0.001709,-0.000537,-0.010039
2026-09-24,GFI,-33065.71,-0.007172,-0.3526,0.428855,-0.254372,-0.149958,-0.228227,-0.153364,-0.007186,0.000275,-0.010039
2026-09-24,GHST,6412.14,0.001804,0.031,0.0625,0.010026,0.028361,0.021945,0.030639,0.011252,0.001436,-0.010039
2026-09-24,GLWB,2656.61,0.001525,0.0217,0.000792,0.004746,0.011769,0.030362,0.031807,-0.024619,0.138871,-0.010039
2026-09-24,GROVE,6307.85,0.001044,1.0,-5.5e-05,0.004894,0.010069,0.009807,0.012981,-0.000605,-0.007671,-0.010039
2026-09-24,GRT,-27175.47,-9.6e-05,-0.1631,0.023902,-0.01556,0.067852,0.27864,0.130516,-0.002375,-0.000152,-0.010039
2026-09-24,GRVT,14101.89,0.000601,0.0394,0.047014,-0.029178,0.003167,-0.019047,-0.008208,-0.020666,-0.074795,-0.010039
2026-09-24,GTC,-13564.88,-0.001789,-0.3262,0.039416,-0.009918,0.046874,0.049443,-0.000304,-0.00182,-0.001802,-0.010039
2026-09-24,HFT,-11156.28,-0.001917,-0.2021,-0.00376,-0.001696,0.012122,0.069538,-0.025043,0.008321,0.001021,-0.010039
2026-09-24,HOPR,69535.94,0.015399,0.0748,0.016326,0.021083,0.032052,0.019955,0.109282,0.001668,-0.013563,-0.010039
2026-09-24,IDEX,-333.18,-0.000374,-0.031,0.010998,0.049683,0.061956,0.036441,0.050794,-0.08551,-0.09656,-0.010039
2026-09-24,IMU,61082.68,0.029855,0.1695,0.008502,0.006569,0.036094,0.03382,0.054013,0.008969,0.012455,-0.010039
2026-09-24,INTWB,-73967.9,-0.080037,-0.6333,0.086231,0.015644,-0.070737,-0.019117,-0.177322,-0.240984,-0.248512,-0.010039
2026-09-24,IRENB,-16220.64,-0.011309,-0.53,-0.027651,9.8e-05,-0.046395,-0.035888,-0.105516,-0.200704,-0.315097,-0.010039
2026-09-24,JASMY,209935.42,0.000935,1.0,0.082061,-0.027299,0.043124,0.15853,0.161333,0.001314,3e-05,-0.010039
2026-09-24,KAIO,-176633.06,-0.019077,-1.0,-0.011826,-0.039132,0.091415,0.080378,0.971598,-0.016913,-0.02115,-0.010039
2026-09-24,KORUB,245827.69,0.070322,1.0,-0.049254,0.022084,0.065936,0.07933,0.065339,0.18821,0.292525,-0.010039
2026-09-24,L3,48665.58,0.010161,0.0518,-0.039238,0.001427,0.037413,0.02499,-0.031383,0.003245,0.00463,-0.010039
2026-09-24,LA,-82795.58,-0.005771,-0.3217,0.028886,-0.02589,0.012098,-0.02064,-0.082424,0.049649,0.149538,-0.010039
2026-09-24,LBTC,-178165.45,-0.000179,-0.1001,-0.000638,-0.002127,-0.003959,0.003752,-0.004714,-0.000356,-0.000503,-0.010039
2026-09-24,LCX,-464196.65,-0.014201,-0.0564,0.143699,-0.016949,0.000282,0.0246,0.160999,0.02053,0.016788,-0.010039
2026-09-24,LINK,-757622.26,-7.6e-05,-0.1559,0.079011,0.012328,0.065976,0.060923,0.105741,0.000197,0.000496,-0.010039
2026-09-24,LIT,-1020720.87,-0.000758,-0.259,-0.009572,-0.080215,-0.119638,-0.129632,-0.171129,-0.001831,-0.000683,-0.010039
2026-09-24,LITEB,161139.02,0.038647,1.0,-0.009757,0.005732,0.013209,0.014048,0.047198,-0.076422,-0.103665,-0.010039
2026-09-24,LMWR,-74355.56,-0.013602,-0.3218,-0.027944,-0.003175,0.003644,0.032259,0.01418,-0.009127,-0.017606,-0.010039
2026-09-24,MAVIA,12176.98,0.001418,0.1455,0.005433,-0.02145,0.028246,-0.001787,-0.066551,0.020698,0.035158,-0.010039
2026-09-24,MDT,-24274.45,-0.004663,-1.0,-0.012961,-0.011684,0.003148,-0.001803,-0.050581,0.003931,0.010758,-0.010039
2026-09-24,METH,466381.7,0.000738,1.0,0.007094,-0.006647,-0.003417,0.000507,9.3e-05,0.025596,-0.026575,-0.010039
2026-09-24,MLN,84301.61,0.008177,0.1395,1.098497,-0.515479,-0.517019,-0.513835,-0.506622,0.014404,0.036324,-0.010039
2026-09-24,MNT,-139404.41,-6.2e-05,-0.5152,0.046009,-0.012139,0.004495,-0.009686,-0.027912,-7.6e-05,-0.000104,-0.010039
2026-09-24,MORPHO,-222280.82,-0.00015,-0.2568,0.096121,0.003501,-0.030091,-0.043093,-0.124817,0.000386,0.000761,-0.010039
2026-09-24,MRVLB,-64705.41,-0.008518,-0.1703,0.000615,0.005569,0.008731,0.01537,0.009001,-0.079527,-0.18693,-0.010039
2026-09-24,MUUB,-109997.31,-0.059407,-1.0,0.013136,0.010746,0.007949,0.029342,-0.027289,-0.125886,-1.416014,-0.010039
2026-09-24,MVLLB,-34455.2,-0.037672,-1.0,-0.004425,0.01364,0.018541,0.033572,0.015657,-0.362992,-0.565735,-0.010039
2026-09-24,NBISB,-267411.18,-0.039878,-0.6711,0.075387,0.005963,-0.021563,-0.010948,-0.025737,-0.131823,-0.130628,-0.010039
2026-09-24,NEXO,0.0,0.0,0.0,0.021742,-0.011802,-0.01796,0.00088,-0.040909,-0.000395,-0.000661,-0.010039
2026-09-24,NOKB,15753.62,0.008267,1.0,-0.01449,0.002729,-0.012722,-0.006074,-0.006767,0.053398,0.080633,-0.010039
2026-09-24,NOM,44004.93,0.006791,0.0761,0.238285,-0.099584,-0.093016,-0.024562,-0.030651,0.040179,0.046871,-0.010039
2026-09-24,ONDO,-223972.9,-9e-05,-0.4229,0.239747,0.030999,0.050215,0.085373,0.001084,0.000141,0.000673,-0.010039
2026-09-24,ORCLB,649570.48,0.18111,1.0,-0.031751,0.002972,-0.013929,-0.014041,-0.013668,0.072563,0.146112,-0.010039
2026-09-24,PAXG,3088465.11,0.001664,0.3631,-0.003453,-0.000416,0.002596,0.001881,-0.020566,0.003029,0.001578,-0.010039
2026-09-24,PENDLE,435071.21,0.00096,0.8097,0.038976,-0.015862,-0.020827,0.022435,-0.102739,-7.1e-05,-0.001425,-0.010039
2026-09-24,PEPE,-823455.12,-0.000446,-0.3309,0.019852,-0.014089,-0.022169,-0.015136,-0.051322,-0.000106,-0.00049,-0.010039
2026-09-24,PLTRB,-81753.91,-0.041013,-1.0,0.003738,-0.002173,-0.014639,-0.009758,-0.030554,-0.148876,-0.103315,-0.010039
2026-09-24,PLUME,-129636.75,-0.001067,-1.0,0.190725,-0.042197,-0.018709,0.001835,-0.034619,-0.003455,-0.001864,-0.010039
2026-09-24,POL,-821978.78,-0.000719,-0.6723,0.063089,0.007604,0.102182,0.151613,0.091295,-0.000239,-0.000341,-0.010039
2026-09-24,PRIME,-77163.99,-0.009346,-0.879,0.00044,-0.003155,0.032238,0.030854,0.068931,-0.008827,-0.020071,-0.010039
2026-09-24,PROM,207474.27,0.002089,0.6389,0.058426,0.001261,0.153657,0.144341,0.0908,0.003821,0.0122,-0.010039
2026-09-24,PTB,5104.76,0.000624,0.1616,0.089576,-0.046547,-0.00187,0.008506,-0.078456,0.040884,0.04343,-0.010039
2026-09-24,PUMP,-66058.12,-0.010341,-1.0,0.024837,-0.016047,0.010501,0.007157,-0.066925,-0.012203,-0.012656,-0.010039
2026-09-24,QCOMB,6264.8,0.001997,0.1352,-0.01401,0.001955,0.040381,0.049608,-0.05354,0.014012,-0.072858,-0.010039
2026-09-24,RE,0.0,0.0,0.0,0.067289,-0.013984,0.033016,0.037649,0.006757,-0.004054,-0.007758,-0.010039
2026-09-24,RED,-656496505.7,-7.789614,-1.0,0.06272,0.014428,0.045656,0.0674,-0.000146,-7.780185,-7.776464,-0.010039
2026-09-24,RESOLV,-72480.8,-0.008465,-0.5931,0.040309,-0.013174,0.099839,0.091925,0.024219,-0.003114,0.00955,-0.010039
2026-09-24,RKLBB,91986.97,0.032086,0.2276,0.044098,0.011697,0.009766,0.006978,-0.054019,-0.146851,-0.187104,-0.010039
2026-09-24,RLS,29831.0,0.007737,0.1642,0.060048,-0.01173,-0.005308,-0.02074,-0.080925,0.018091,-0.007029,-0.010039
2026-09-24,RPL,34981.43,0.00077,0.0476,0.027997,-0.025772,0.064403,0.065659,-0.002261,0.000807,0.001247,-0.010039
2026-09-24,SAND,52330.71,0.000416,1.0,0.058604,0.006519,0.054082,0.05331,0.009702,0.011122,0.01442,-0.010039
2026-09-24,SD,11394.49,0.0012,0.057,0.017619,-0.036755,0.043556,0.00945,-0.040421,-0.000301,-0.003367,-0.010039
2026-09-24,SENT,-102126.42,-0.000661,-1.0,0.010396,-0.012781,0.124756,0.027703,-0.033314,-0.008027,-0.018054,-0.010039
2026-09-24,SHIB,-6264.24,-2e-06,-0.0065,0.039865,-0.012289,0.016493,0.015363,-0.013944,-0.000169,-0.000249,-0.010039
2026-09-24,SKHYon,23318.05,0.018753,1.0,-0.012051,0.00867,0.029417,0.032422,0.00246,0.033094,0.04183,-0.010039
2026-09-24,SKY,9263.5,5e-06,0.0811,0.09783,-0.049679,0.0115,0.004976,0.099305,0.000743,0.006099,-0.010039
2026-09-24,SMCIB,-52688.42,-0.030475,-1.0,0.011438,-0.003348,0.038381,0.051299,-0.020546,-0.004954,0.026638,-0.010039
2026-09-24,SMHB,-6189.63,-0.004874,-1.0,0.000837,0.005012,0.012364,0.022496,0.011111,0.04638,0.070054,-0.010039
2026-09-24,SNDKB,186574.28,0.006324,1.0,-0.034218,0.012271,0.007783,0.015691,-0.015584,-0.602567,-0.548927,-0.010039
2026-09-24,SNXXB,40391.93,0.014429,1.0,-0.067302,0.024462,0.0151,0.029192,-0.03456,0.072736,0.208525,-0.010039
2026-09-24,SOPH,-81828.39,-0.010681,-0.2772,0.022728,-0.008861,0.014159,-0.014774,-0.076614,0.025974,0.04061,-0.010039
2026-09-24,SPX,-491082.45,-0.001187,-0.5571,0.024476,-0.018804,0.029986,0.010443,-0.075415,0.000338,-0.001021,-0.010039
2026-09-24,STO,118479.71,0.012027,0.771,0.020807,-0.031255,0.037733,0.038756,-0.003086,0.015371,0.017051,-0.010039
2026-09-24,STRK,-20323.31,-7e-05,-0.0666,0.018535,-0.007725,0.042109,0.041838,0.067905,0.005489,0.002779,-0.010039
2026-09-24,SWELL,-79428.85,-0.018406,-0.1591,-0.076239,0.015368,0.059247,0.035458,-0.022752,-0.043122,-0.032644,-0.010039
2026-09-24,SYN,-119886.26,-0.002625,-0.3969,-0.078708,0.102062,-0.038871,-0.065031,-0.12944,0.012705,0.013493,-0.010039
2026-09-24,SYRUP,-514138.69,-0.001983,-0.3727,0.073181,-0.021144,0.019365,0.003547,0.095032,0.000773,0.004244,-0.010039
2026-09-24,TMX,23304.43,0.042184,0.6829,0.104078,0.0,-0.045672,-0.05554,-0.034481,-0.115053,-3.017819,-0.010039
2026-09-24,TQQQB,62012.75,0.029053,1.0,0.002008,0.002066,0.008676,0.013393,-0.015637,0.049291,0.153456,-0.010039
2026-09-24,TRAC,99077.46,0.000534,0.0481,0.085255,-0.013538,-0.023661,0.002975,-0.003831,0.001587,0.000133,-0.010039
2026-09-24,TREE,-13005.97,-0.001727,-0.0378,0.010824,-0.001164,0.010994,0.021317,-0.066959,0.073295,0.197657,-0.010039
2026-09-24,UNI,-6220434.08,-0.001074,-0.5038,0.014088,-0.021261,0.021976,0.043393,-0.038038,3.4e-05,-0.00046,-0.010039
2026-09-24,USARB,14443.32,0.017701,1.0,-0.0345,0.006497,-0.012815,-0.002446,-0.084398,-0.06726,-0.044195,-0.010039
2026-09-24,WBETH,126853.13,1.3e-05,0.4739,0.00701,-0.006118,-0.003923,-0.000668,-0.00151,-8.8e-05,-0.000158,-0.010039
2026-09-24,WBTC,-1799192.58,-0.000183,-1.0,0.000205,-0.002779,-0.004948,0.003389,-0.010193,-0.000281,-0.000457,-0.010039
2026-09-24,WDCB,-1484.42,-0.000734,-0.0371,-0.044871,0.008301,0.019288,0.018929,0.006095,-0.130737,-0.105499,-0.010039
2026-09-24,WETH,0.0,0.0,0.0,0.007909,-0.005082,-0.003587,-0.000153,-0.001108,1.9e-05,-0.000529,-0.010039
2026-09-24,WLD,15229153.93,0.009415,0.8874,0.085759,-0.025534,0.198684,0.263531,0.113888,-0.006242,-0.005333,-0.010039
2026-09-24,WLFI,52613.21,3e-05,0.0594,0.036542,0.008738,0.049734,0.05013,0.015975,-0.000138,-0.000258,-0.010039
2026-09-24,XAUt,-965127.34,-0.000363,-0.0815,-0.003848,-0.000224,0.002374,0.002146,-0.022613,-0.004521,-0.006428,-0.010039
2026-09-24,XCN,413488.28,0.00211,0.5367,0.050587,-0.019191,0.00027,0.059101,-0.023576,-0.000395,7.8e-05,-0.010039
2026-09-24,ZAMA,-164377.79,-0.000738,-0.577,0.00523,-0.00568,-0.020717,-0.082522,-0.17194,-0.002291,-0.01534,-0.010039
2026-09-24,ZKC,366381.06,0.016135,0.1986,0.036831,-0.016805,0.046186,0.081539,-0.016544,0.013644,0.075355,-0.010039
2026-09-24,ZKJ,-165761.91,-0.030228,-0.0562,-0.005892,0.002589,0.012142,0.011615,-0.015194,0.009962,0.003585,-0.010039
2026-09-24,ZRO,-223371.47,-0.000399,-0.1056,-0.03429,0.012497,0.083404,0.156148,0.056068,0.002027,0.003283,-0.010039
2026-09-24,cbETH,-102492.17,-0.0002,-0.0508,0.007516,-0.005412,-0.003297,1.8e-05,-6.3e-05,0.00391,0.001276,-0.010039
2026-09-24,stETH,-2086571.6,-7.9e-05,-0.9502,0.006241,-0.0067,-0.003852,-0.000329,-0.001837,-0.000119,-7.3e-05,-0.010039
2026-09-25,A8,-5478.18,-0.001515,-0.1886,-0.034322,0.038602,0.002428,-0.037264,-0.01116,-0.040775,-0.02361,0.007034
2026-09-25,AAOIB,165387.87,0.036619,0.5641,0.014691,-0.002465,-0.005187,-0.051333,-0.025806,0.018815,0.043886,0.007034
2026-09-25,AAVE,-70331.11,-3.1e-05,-1.0,-0.011443,0.062611,0.063215,0.009206,0.086645,-0.004854,-0.001229,0.007034
2026-09-25,AERGO,8005.11,0.001617,0.2331,0.055578,-0.038014,-0.031972,-0.031671,-0.049861,-0.001209,-0.005311,0.007034
2026-09-25,AMATB,-19554.74,-0.007435,-1.0,0.005176,0.021949,0.020123,0.019935,0.079963,-0.070943,0.011288,0.007034
2026-09-25,ARMB,4602.65,0.001944,0.1033,0.015949,0.000125,0.007468,-0.087156,-0.070192,-0.188693,-0.297901,0.007034
2026-09-25,ASM,-54145.58,-0.006273,-1.0,0.003662,0.092259,0.061515,0.054566,0.042192,-0.006601,-0.009133,0.007034
2026-09-25,ASMLB,-21240.42,-0.005656,-0.5981,0.003761,0.006076,0.008021,0.025269,0.048732,0.013251,0.04279,0.007034
2026-09-25,AVGOB,-89582.45,-0.00787,-1.0,0.008912,0.002184,0.000483,-0.01005,-0.003037,-0.053663,-0.043096,0.007034
2026-09-25,AVT,9482.66,0.007697,0.0724,0.030929,0.0443,0.132084,0.451098,0.502998,0.004337,-0.015699,0.007034
2026-09-25,AXS,82048.83,0.000415,0.3444,0.041702,0.037197,0.041291,-0.034707,0.005774,-0.003101,-0.00305,0.007034
2026-09-25,AXTIB,-62534.01,-0.015626,-0.7708,0.007623,0.030576,0.044004,-0.03495,0.015141,-0.071752,-0.05737,0.007034
2026-09-25,BEB,-47181.56,-0.017229,-1.0,0.006981,0.064245,0.087381,-0.017973,0.039414,-0.049367,0.030258,0.007034
2026-09-25,BILL,338343.42,0.010296,1.0,0.022897,0.049433,-0.068303,-0.182738,-0.162067,0.062397,0.06922,0.007034
2026-09-25,BOBA,-730.4,-7.5e-05,-0.0083,-0.039767,0.098892,0.191862,0.045964,0.047957,-0.00635,-0.002698,0.007034
2026-09-25,CBRSB,25014.37,0.013201,0.2345,0.002758,-0.005623,-0.004487,-0.052298,-0.139654,-0.239935,-0.336186,0.007034
2026-09-25,CBXRP,-19.61,-0.0,-0.0002,0.003086,-0.004213,0.001495,-0.025231,-0.027324,-0.001797,-0.00412,0.007034
2026-09-25,COHRB,3434.08,0.001121,0.1347,0.010151,0.014582,0.016046,-0.042078,-0.021808,-0.047508,-0.14457,0.007034
2026-09-25,COINB,-64763.71,-0.003654,-1.0,-0.005138,-0.013986,-0.009015,-0.031773,-0.056916,-0.058806,-0.086282,0.007034
2026-09-25,COMP,-21032.85,-9e-05,-0.1475,-0.035586,0.023246,0.035506,0.00025,0.050997,0.001223,0.001496,0.007034
2026-09-25,CRDOB,-91233.43,-0.072512,-0.7333,0.009646,0.056148,0.068333,-0.025342,-0.014733,-0.491172,-0.92909,0.007034
2026-09-25,CRO,-50002.2,-1.6e-05,-1.0,0.01921,0.021361,0.037037,0.058475,0.02984,-7e-05,-0.000192,0.007034
2026-09-25,CRWVB,-23711.04,-0.014117,-0.2947,-0.00031,-0.03692,-0.0293,-0.056129,-0.033465,-0.095955,0.235493,0.007034
2026-09-25,CYBER,-52704.55,-0.00196,-1.0,-0.013696,0.04288,0.049858,-0.039711,-0.086774,-0.022019,0.00642,0.007034
2026-09-25,DELLB,-27242.98,-0.026768,-0.4697,0.000187,0.042577,0.053058,0.002031,0.001505,0.276305,0.254926,0.007034
2026-09-25,ELA,-13266.27,-0.00173,-0.0459,-0.048791,0.068974,0.061482,0.02281,0.045866,-0.002408,-0.001856,0.007034
2026-09-25,ERA,-5572.21,-0.000554,-0.2602,-0.012135,0.026066,0.042304,-0.008357,-0.017952,-0.013327,-0.001342,0.007034
2026-09-25,EWYB,-261085.22,-0.033213,-0.8762,0.007455,0.016615,0.020543,-0.001469,-0.007286,-0.185703,-0.140005,0.007034
2026-09-25,FF,-325662.76,-0.000758,-0.5861,0.037748,-0.037213,-0.039885,-0.113418,-0.054213,-0.002921,5.5e-05,0.007034
2026-09-25,FORT,-453.12,-4.4e-05,-0.002,0.008485,-0.005425,0.05843,0.045328,-0.013938,-0.008296,-0.008138,0.007034
2026-09-25,FORTH,16258.96,0.003824,0.3265,0.004302,0.008299,0.000122,-0.044323,-0.035788,0.024959,0.026057,0.007034
2026-09-25,GFI,-69475.11,-0.020209,-0.7382,-0.254372,0.140036,0.035064,0.043803,0.049352,-0.027808,-0.022161,0.007034
2026-09-25,GHST,5187.21,0.001445,1.0,0.010026,0.018153,0.011801,-0.00438,-0.011642,0.01787,0.004329,0.007034
2026-09-25,GLWB,-18799.49,-0.0109,-1.0,0.004746,0.006989,0.025495,-0.024437,-0.005406,7.6e-05,0.124882,0.007034
2026-09-25,GROVE,0.0,0.0,0.0,0.004894,0.00515,0.00489,-0.009971,-0.033023,0.003142,-0.007671,0.007034
2026-09-25,GRT,0.0,0.0,0.0,-0.01556,0.08473,0.29885,0.18575,0.132903,-0.002068,0.000191,0.007034
2026-09-25,GRVT,0.0,0.0,0.0,-0.029178,0.033317,0.010435,0.012009,0.018468,-0.023085,-0.071599,0.007034
2026-09-25,HFT,3168.54,0.000545,0.0396,-0.001696,0.013841,0.071355,0.006467,-0.036193,0.008501,0.003678,0.007034
2026-09-25,HIGH,5552.68,0.001834,1.0,-0.029875,0.196086,0.162231,0.096223,0.09732,0.005338,0.002769,0.007034
2026-09-25,HOPR,-39887.0,-0.008651,-0.3388,0.021083,0.010743,-0.001104,0.169946,0.019097,-0.007095,-0.022496,0.007034
2026-09-25,IMU,-50796.74,-0.024666,-0.097,0.006569,0.029332,0.027073,-0.008539,0.008301,-0.013943,-0.000406,0.007034
2026-09-25,INTWB,10227.02,0.011918,1.0,0.015644,-0.08505,-0.034225,-0.186868,-0.127502,-0.219728,-0.238059,0.007034
2026-09-25,IRENB,29490.07,0.020802,0.2624,9.8e-05,-0.046489,-0.035983,-0.093463,-0.114164,-0.138618,-0.278887,0.007034
2026-09-25,KAIO,-6646.12,-0.000747,-1.0,-0.039132,0.135864,0.124378,1.686873,0.861911,-0.01669,-0.02246,0.007034
2026-09-25,KORUB,-2451114.89,-0.681184,-0.9581,0.022084,0.042905,0.05601,-0.010322,-0.033199,-0.46732,-0.417502,0.007034
2026-09-25,L3,-14867.06,-0.0031,-0.0997,0.001427,0.035935,0.023529,0.006848,-0.026519,-0.00132,0.014997,0.007034
2026-09-25,LBTC,-212833.8,-0.000214,-0.2412,-0.002127,-0.001836,0.005892,-0.00853,-0.00445,-0.000822,-0.000686,0.007034
2026-09-25,LCX,-634253.74,-0.019738,-1.0,-0.016949,0.017528,0.042266,0.047044,0.381589,0.003856,0.005425,0.007034
2026-09-25,LIT,-50917.43,-4.1e-05,-1.0,-0.080215,-0.042862,-0.053727,-0.097922,-0.227886,-0.001667,-0.000656,0.007034
2026-09-25,LITEB,502758.79,0.113739,0.5714,0.005732,0.007434,0.008269,-0.015264,0.041196,0.037317,-0.093374,0.007034
2026-09-25,LMWR,0.0,0.0,0.0,-0.003175,0.006841,0.035547,0.018466,0.051028,-0.007966,-0.013724,0.007034
2026-09-25,LRDS,11927.04,0.017686,0.1931,-0.024888,0.063425,0.058365,0.101823,0.17945,0.019193,0.013037,0.007034
2026-09-25,MAVIA,-3379.54,-0.000402,-0.0926,-0.02145,0.050785,0.020094,-0.065046,-0.059225,0.019346,0.033802,0.007034
2026-09-25,MDT,5328.29,0.001036,1.0,-0.011684,0.015008,0.009998,-0.077265,-0.062471,-0.000263,-0.011589,0.007034
2026-09-25,MITO,-5991.69,-0.00208,-1.0,-0.015807,0.013057,0.022092,-0.054377,-0.049582,0.00193,0.026159,0.007034
2026-09-25,MLN,-69680.0,-0.01395,-0.6283,-0.515479,-0.003178,0.003392,-0.005016,-0.012648,0.000498,0.023402,0.007034
2026-09-25,MRVLB,-132868.73,-0.017591,-1.0,0.005569,0.003144,0.009747,-0.037611,0.010506,-0.098066,-0.153663,0.007034
2026-09-25,MUUB,-67788.4,-0.038588,-1.0,0.010746,-0.002767,0.018398,-0.058632,-0.036402,-0.164474,-0.184083,0.007034
2026-09-25,NBISB,-134973.11,-0.021031,-0.2097,0.005963,-0.027363,-0.016811,-0.054189,-0.036393,-0.12721,-0.17684,0.007034
2026-09-25,NOKB,25297.22,0.013505,0.4806,0.002729,-0.01541,-0.00878,-0.035579,-0.031892,0.077343,0.085405,0.007034
2026-09-25,NOM,33845.94,0.005801,0.1205,-0.099584,0.007294,0.083319,0.001059,0.143127,0.047597,0.052672,0.007034
2026-09-25,ORCLB,-760.03,-0.000224,-0.0054,0.002972,-0.016851,-0.016963,-0.053391,-0.01987,0.074155,0.152725,0.007034
2026-09-25,PAXG,110059.56,5.9e-05,0.1583,-0.000416,0.003013,0.002298,-0.030998,-0.024146,0.003124,0.001709,0.007034
2026-09-25,PLTRB,-38465.36,-0.020181,-0.1623,-0.002173,-0.012494,-0.007601,-0.024275,-0.024272,-0.144265,-0.174802,0.007034
2026-09-25,PTB,15270.47,0.001958,0.2973,-0.046547,0.046858,0.057741,-0.088762,-0.054031,0.031419,0.047993,0.007034
2026-09-25,QCOMB,-21870.83,-0.006986,-0.3706,0.001955,0.038351,0.047559,-0.03632,-0.051947,0.029564,-0.063866,0.007034
2026-09-25,QNTB,7509.68,0.011679,1.0,0.002685,-0.005943,-0.001415,-0.007433,-0.024192,0.067485,-0.170338,0.007034
2026-09-25,RESOLV,0.0,0.0,0.0,-0.013174,0.114521,0.106502,0.032118,0.019597,-0.003114,0.008173,0.007034
2026-09-25,RKLBB,-58269.86,-0.019881,-0.4963,0.011697,-0.001909,-0.004665,-0.030882,-0.059204,-0.166732,-0.212295,0.007034
2026-09-25,RLS,32836.12,0.008617,0.3786,-0.01173,0.006498,-0.009117,-0.054889,-0.117829,0.028362,0.007499,0.007034
2026-09-25,SENT,52454.52,0.000344,1.0,-0.012781,0.139317,0.041008,-0.030902,0.01063,-0.005632,-0.016487,0.007034
2026-09-25,SHIB,-63324.75,-1.9e-05,-1.0,-0.012289,0.02914,0.027996,-0.022431,-0.006576,-0.000168,-0.000254,0.007034
2026-09-25,SKHYon,11533.38,0.009196,1.0,0.00867,0.020569,0.023548,-0.028825,-0.017392,0.03282,0.029536,0.007034
2026-09-25,SMCIB,24302.33,0.014104,0.3824,-0.003348,0.041868,0.05483,0.003612,-0.009146,0.057498,0.033629,0.007034
2026-09-25,SMHB,47272.88,0.037213,0.4066,0.005012,0.007316,0.017397,-0.004689,0.01193,0.094298,0.113034,0.007034
2026-09-25,SNXXB,-79470.26,-0.029831,-0.6562,0.024462,-0.009138,0.004617,-0.073438,-0.042587,0.021414,0.175905,0.007034
2026-09-25,SOPH,41665.22,0.005487,0.1859,-0.008861,0.023226,-0.005966,-0.097388,-0.036517,0.034867,0.045734,0.007034
2026-09-25,STRK,477118.99,0.001657,1.0,-0.007725,0.050222,0.049949,0.037436,0.089061,0.005774,0.006146,0.007034
2026-09-25,SYRUP,507142.67,0.001998,1.0,-0.021144,0.041384,0.025224,0.019006,0.052457,0.002517,0.006708,0.007034
2026-09-25,TMX,-9174.0,-0.016606,-1.0,0.0,-0.045672,-0.05554,-0.025963,-0.055598,0.099631,-2.990306,0.007034
2026-09-25,TQQQB,-6845.2,-0.003275,-0.067,0.002066,0.006596,0.011304,-0.023911,-0.00429,0.132586,-0.014361,0.007034
2026-09-25,TREE,-21061.67,-0.002799,-0.37,-0.001164,0.012172,0.022507,-0.068589,-0.06972,0.044356,0.154162,0.007034
2026-09-25,UNI,-139161.39,-2.5e-05,-1.0,-0.021261,0.044176,0.066058,-0.041103,-0.032761,-0.000212,0.00035,0.007034
2026-09-25,USARB,19762.06,0.023862,0.4836,0.006497,-0.019188,-0.008886,-0.0682,-0.085434,-0.038598,-0.055595,0.007034
2026-09-25,WBTC,-50510.62,-5e-06,-1.0,-0.002779,-0.002175,0.006185,-0.010032,-0.00709,-0.000298,-0.000453,0.007034
2026-09-25,WDCB,-36954.16,-0.018252,-0.5514,0.008301,0.010896,0.01054,-0.004964,0.004049,-0.130843,-0.132363,0.007034
2026-09-25,WETH,273.72,0.0,0.0017,-0.005082,0.001502,0.004954,-0.001004,-0.002954,2.5e-05,-0.000506,0.007034
2026-09-25,WLD,-259586.64,-0.000165,-1.0,-0.025534,0.230093,0.29664,0.116883,0.22844,-0.006395,-0.004629,0.007034
2026-09-25,ZKC,-52552.7,-0.002354,-1.0,-0.016805,0.064068,0.100025,0.015543,0.008429,0.015202,0.076516,0.007034
2026-09-25,ZKJ,12333.06,0.002243,0.0641,0.002589,0.009528,0.009002,-0.016376,-0.018386,0.00079,0.007303,0.007034
2026-09-25,ZRO,-156928.74,-0.000277,-1.0,0.012497,0.070032,0.141878,0.02759,0.1079,0.001378,0.002879,0.007034
2026-09-25,cbETH,749061.41,0.001479,0.3297,-0.005412,0.002126,0.005459,-0.000186,-0.002014,0.00589,0.002002,0.007034
2026-09-26,A8,527.64,0.00014,0.0239,0.038602,-0.03483,-0.073047,-0.069524,-0.086536,-0.043604,-0.016543,-0.017558
2026-09-26,AAVE,1096306.33,0.00046,0.2885,0.062611,0.000569,-0.050258,0.070799,0.093308,-0.004463,-0.003125,-0.017558
2026-09-26,AERGO,-8610.28,-0.001808,-0.3538,-0.038014,0.006281,0.006594,-0.023647,-0.03744,-0.003017,-0.007118,-0.017558
2026-09-26,AIOZ,-312979.61,-0.001996,-0.0778,0.022234,0.002789,-0.037816,-0.065238,-0.086601,-0.005773,0.0015,-0.017558
2026-09-26,ALLO,-88525.23,-0.001484,-1.0,0.054224,-0.026456,-0.067814,-0.047026,-0.07675,-0.003077,-0.005841,-0.017558
2026-09-26,ALT,73193.81,0.011382,1.0,0.067203,-0.03786,-0.122455,-0.074144,-0.093392,0.005816,0.026428,-0.017558
2026-09-26,APE,646454.29,0.004168,1.0,0.027013,0.050579,-0.053797,-0.038854,-0.044921,-0.000339,0.00685,-0.017558
2026-09-26,API3,-1.15,-0.0,-0.0,0.045758,0.010148,-0.044888,0.005847,0.004867,0.00158,-0.009282,-0.017558
2026-09-26,ARKM,20972.6,0.00067,0.17,0.060522,0.017305,-0.07109,-0.069879,-0.053148,0.000239,-0.01107,-0.017558
2026-09-26,ASM,0.0,0.0,0.0,0.092259,-0.028147,-0.034508,-0.055131,-0.041091,-0.005072,-0.009133,-0.017558
2026-09-26,ATH,-168412.4,-0.00131,-1.0,0.083827,-1.2e-05,-0.062003,-0.046981,-0.08343,-0.001587,-0.012452,-0.017558
2026-09-26,AVT,1512.35,0.001175,0.0437,0.0443,0.08406,0.389542,0.249227,0.340147,0.007204,-0.017098,-0.017558
2026-09-26,AXTIB,5594.9,0.001371,1.0,0.030576,0.013029,-0.063582,-0.00629,0.038638,0.003973,-0.109207,-0.017558
2026-09-26,BEAM,436282.15,0.003907,0.7203,0.089273,3.94637,4.108752,-0.057635,4.474783,0.011802,-0.508853,-0.017558
2026-09-26,BILL,938907.91,0.027225,0.89,0.049433,-0.11219,-0.221235,-0.202088,-0.190625,0.068797,0.092254,-0.017558
2026-09-26,BNT,-1025.31,-2.9e-05,-0.0024,0.036169,0.006787,-0.000819,0.005774,-0.002144,4.1e-05,-0.000442,-0.017558
2026-09-26,BOBA,4088.08,0.000381,0.0217,0.098892,0.084604,-0.048165,-0.055178,-0.036074,-0.005707,-0.005546,-0.017558
2026-09-26,CBBTC,1904783.6,0.000242,0.6156,-0.002366,0.008365,-0.00732,-0.005677,0.00733,0.000759,0.00032,-0.017558
2026-09-26,CFG,-23710.15,-0.000244,-0.1455,0.125241,-0.024926,-0.061035,-0.082788,-0.13622,-0.007368,-0.008987,-0.017558
2026-09-26,CHZ,8276.93,4.7e-05,0.0148,0.033113,-0.007697,-0.069402,-0.042777,-0.036065,-0.00015,-0.00146,-0.017558
2026-09-26,COINon,-5005.92,-0.00052,-1.0,-0.011989,0.003223,-0.019654,-0.032576,-0.032746,0.001363,-0.000347,-0.017558
2026-09-26,CRCLon,-88467.22,-0.000843,-1.0,-0.044263,0.009603,-0.030162,-0.054576,-0.058866,-0.001021,0.003118,-0.017558
2026-09-26,CRDOB,6761.4,0.005389,1.0,0.056148,0.011537,-0.077158,-0.078804,0.003504,-0.396431,-0.926603,-0.017558
2026-09-26,CRO,71120.45,2.2e-05,1.0,0.021361,0.015347,0.036337,0.041703,0.031874,2e-05,-0.000198,-0.017558
2026-09-26,CRV,154718.02,0.000283,0.5177,0.017801,0.006253,0.023834,0.105138,0.09303,0.002538,0.003553,-0.017558
2026-09-26,CTC,-522.42,-8e-06,-0.0039,0.031879,0.032157,-0.043694,-0.002204,-0.00824,0.000108,-0.006515,-0.017558
2026-09-26,CVC,-39175.01,-0.001252,-0.2347,0.031719,-0.01523,-0.057909,-0.046588,-0.011331,-0.00273,0.004885,-0.017558
2026-09-26,CYBER,0.0,0.0,0.0,0.04288,0.006692,-0.079195,-0.104219,-0.120453,-0.011905,-0.001545,-0.017558
2026-09-26,DOS,-57307.4,-0.00125,-1.0,0.043754,-0.014962,-0.094055,-0.063045,-0.063941,0.008389,-0.016937,-0.017558
2026-09-26,DRV,109517.26,0.00035,1.0,-0.020104,-0.01297,-0.101406,-0.085919,-0.089776,-8.7e-05,-0.002374,-0.017558
2026-09-26,EDGE,66784.87,0.000311,1.0,0.104013,0.000562,-0.122923,-0.144716,-0.186089,-0.001169,0.000877,-0.017558
2026-09-26,EIGEN,76937.66,0.000297,0.303,0.19262,-0.020936,-0.110795,-0.092886,-0.106076,0.014891,0.017949,-0.017558
2026-09-26,ELA,-2416.34,-0.000295,-0.0104,0.068974,-0.007008,-0.043185,-0.025565,0.056295,-0.002781,-0.002257,-0.017558
2026-09-26,ENA,1252540.7,0.000456,0.1996,0.221333,0.053307,-0.043073,-0.081724,-0.094878,0.002602,0.004843,-0.017558
2026-09-26,ERA,-387.08,-3.8e-05,-0.0015,0.026066,0.015826,-0.033549,-0.041292,-0.03587,-0.002326,-0.001911,-0.017558
2026-09-26,ETHFI,-54875.3,-7.7e-05,-1.0,0.100188,-0.026472,-0.054721,0.057673,-0.004544,0.000205,0.000883,-0.017558
2026-09-26,FARM,-5356.54,-0.000943,-1.0,0.221443,0.000446,-0.0691,-0.007805,-0.07391,-0.025683,-0.019387,-0.017558
2026-09-26,FET,-161595.08,-0.000285,-0.2927,0.09233,-0.000321,-0.076955,-0.072407,-0.062004,-0.002299,-0.00121,-0.017558
2026-09-26,FORT,-77.32,-8e-06,-0.001,-0.005425,0.064203,0.05103,0.032216,-0.039615,-0.00608,-0.011428,-0.017558
2026-09-26,FORTH,-5467.86,-0.001275,-0.2228,0.008299,-0.00811,-0.052189,-0.059799,-0.045731,0.013665,0.023013,-0.017558
2026-09-26,GFI,47329.56,0.012076,0.5718,0.140036,-0.092077,-0.084412,-0.004007,-0.127573,-0.0135,-0.00742,-0.017558
2026-09-26,GHST,-6048.18,-0.001655,-0.1855,0.018153,-0.006239,-0.022131,0.002215,-0.101077,0.01129,-0.010575,-0.017558
2026-09-26,GRT,-152451.63,-0.000503,-1.0,0.08473,0.197395,0.093129,0.058683,0.024009,-0.001675,-0.004879,-0.017558
2026-09-26,GRVT,134906.16,0.005734,1.0,0.033317,-0.022144,-0.020621,-0.011339,-0.002527,-0.008537,-0.066528,-0.017558
2026-09-26,GTC,-12012.5,-0.001513,-1.0,0.057361,0.002453,-0.073693,-0.045066,0.323014,0.001279,-0.007442,-0.017558
2026-09-26,HFT,-17868.39,-0.003033,-1.0,0.013841,0.056729,-0.007273,-0.036719,-0.047486,0.005483,0.002214,-0.017558
2026-09-26,HIGH,-3046.27,-0.000841,-0.0516,0.196086,-0.028305,-0.083492,-0.109929,-0.136881,0.004497,0.008059,-0.017558
2026-09-26,HOPR,7923.96,0.0017,0.0746,0.010743,-0.011721,0.157512,0.074832,-0.000767,-0.003909,-0.011981,-0.017558
2026-09-26,IMU,549.38,0.000259,0.0056,0.029332,-0.002195,-0.036792,0.017295,-0.017706,-0.01073,-0.003091,-0.017558
2026-09-26,IMX,-100116.26,-0.000302,-1.0,0.095412,0.060038,0.012849,0.000882,0.043808,-0.001785,-0.004009,-0.017558
2026-09-26,IRENB,-5151.85,-0.003601,-1.0,-0.046489,0.011018,-0.049264,-0.061997,-0.083797,-0.027633,-0.213951,-0.017558
2026-09-26,L3,15595.46,0.003139,0.1183,0.035935,-0.011976,-0.028078,-0.066315,-0.060525,0.008011,0.008818,-0.017558
2026-09-26,LA,527479.63,0.036326,1.0,0.038998,-0.032346,-0.113786,-0.093392,-0.071214,0.079014,0.180782,-0.017558
2026-09-26,LCX,-481.42,-1.5e-05,-0.0004,0.017528,0.024311,0.029007,0.160671,0.352485,-0.013799,-0.003939,-0.017558
2026-09-26,LDO,42846.11,0.000107,0.2598,0.125017,0.013423,-0.089437,-0.042332,-0.083717,-0.00787,-0.010988,-0.017558
2026-09-26,LINK,-187301.33,-1.8e-05,-0.1005,0.052995,-0.00474,0.068827,0.037304,0.021097,0.000157,0.000427,-0.017558
2026-09-26,LIT,-33510.91,-2.8e-05,-0.0296,-0.042862,-0.011351,-0.057526,-0.058488,-0.175469,-0.002329,-0.000953,-0.017558
2026-09-26,MAVIA,11461.01,0.001298,1.0,0.050785,-0.029208,-0.110233,-0.092193,-0.102124,0.016476,0.034317,-0.017558
2026-09-26,METH,2041525.37,0.003231,1.0,0.003252,0.003937,-0.002845,0.003522,0.006676,0.032255,-0.031154,-0.017558
2026-09-26,MLN,10488.34,0.002106,0.202,-0.003178,0.006591,-0.001844,0.021527,0.013763,-0.003105,0.028007,-0.017558
2026-09-26,MORPHO,-231331.86,-0.00016,-0.2326,-0.033475,-0.013405,-0.076605,-0.097665,-0.071253,0.000397,0.000442,-0.017558
2026-09-26,NBISB,-9135.06,-0.001493,-1.0,-0.027363,0.010849,-0.02758,-0.004266,-0.025952,-0.104257,-0.167319,-0.017558
2026-09-26,NEXO,0.0,0.0,0.0,-0.006232,0.019184,-0.010875,-0.023368,-0.026143,-9.4e-05,-0.000797,-0.017558
2026-09-26,NOM,16290.43,0.002772,0.1917,0.007294,0.075474,-0.00619,0.068761,0.303827,0.048915,0.05338,-0.017558
2026-09-26,ONDO,-659644.15,-0.000252,-0.4993,0.018638,0.033478,-0.047662,-0.046781,-0.078443,-0.000142,0.000437,-0.017558
2026-09-26,PAXG,-176992.93,-9.5e-05,-0.2744,0.003013,-0.000713,-0.033909,-0.023102,-0.022184,0.002444,0.002657,-0.017558
2026-09-26,PENDLE,105410.89,0.000238,1.0,-0.005045,0.044182,-0.076405,-0.083655,-0.063441,6e-05,-0.000226,-0.017558
2026-09-26,PEPE,72719.15,4e-05,0.0402,-0.008196,0.007193,-0.048133,-0.029814,0.017315,0.000209,-0.000175,-0.017558
2026-09-26,PLTRB,-5368.29,-0.002763,-1.0,-0.012494,0.004954,-0.01193,-0.016151,0.004121,-0.151519,-0.186885,-0.017558
2026-09-26,PLUME,-71461.65,-0.000599,-0.3669,0.024523,0.020935,-0.031732,-0.016214,0.031237,-0.00323,-0.002679,-0.017558
2026-09-26,POL,2011284.88,0.001597,0.5899,0.093864,0.044848,-0.020824,-0.009877,-0.095409,0.001034,0.001043,-0.017558
2026-09-26,PRIME,-49224.6,-0.005776,-0.4141,0.035505,-0.001341,0.05618,0.035547,0.01846,-0.016196,-0.025267,-0.017558
2026-09-26,PROM,23134.89,0.000202,0.0817,0.152204,-0.008075,-0.002483,-0.054485,0.046568,0.005437,0.009751,-0.017558
2026-09-26,PTB,15622.08,0.001913,1.0,0.046858,0.010395,-0.12955,-0.076729,-0.076835,0.012645,0.047889,-0.017558
2026-09-26,RED,0.0,0.0,0.0,0.030784,0.020795,-0.057854,-0.043802,0.044713,-7.780931,-7.775833,-0.017558
2026-09-26,RESOLV,8325.42,0.000881,0.0846,0.114521,-0.007195,-0.073936,-0.068756,-0.033377,-0.002234,0.009053,-0.017558
2026-09-26,RLS,-28278.14,-0.007373,-1.0,0.006498,-0.015514,-0.060991,-0.076021,-0.178256,0.019161,0.001781,-0.017558
2026-09-26,RPL,-76561.02,-0.001583,-1.0,0.092561,0.00118,-0.08657,-0.062631,-0.094319,-0.000862,-0.000366,-0.017558
2026-09-26,SAND,124316.12,0.000938,1.0,0.047255,-0.000732,-0.060898,-0.042103,-0.01839,0.009679,0.016756,-0.017558
2026-09-26,SD,34007.29,0.003432,0.4622,0.083375,-0.032682,-0.048931,-0.080472,-0.110574,0.003238,0.000715,-0.017558
2026-09-26,SHIB,-223235.21,-6.4e-05,-0.6095,0.02914,-0.001112,-0.050111,-0.029943,-0.022298,-0.000261,-0.000344,-0.017558
2026-09-26,SKY,145871.93,8.1e-05,1.0,0.064378,-0.00645,-0.001011,0.086807,0.076625,0.000786,0.001705,-0.017558
2026-09-26,SMCIB,-6.85,-4e-06,-0.0001,0.041868,0.012441,-0.036719,-0.056748,-0.035689,0.027723,0.028758,-0.017558
2026-09-26,SNDKB,1089192.65,0.040267,1.0,-0.004433,0.007847,-0.031865,-0.023187,0.012558,0.070431,-0.489223,-0.017558
2026-09-26,SNXXB,-146.99,-4.9e-05,-0.0047,-0.009138,0.013882,-0.064893,-0.048922,0.021181,-0.004942,0.118775,-0.017558
2026-09-26,SOPH,-120179.12,-0.015468,-1.0,0.023226,-0.028529,-0.117876,-0.089506,-0.014761,0.017211,0.015854,-0.017558
2026-09-26,SPK,-10479.54,-0.000134,-0.047,0.196449,-0.041394,-0.12759,-0.075541,-0.060661,-0.007041,-0.003151,-0.017558
2026-09-26,STRK,-186537.5,-0.000617,-1.0,0.050222,-0.00026,-0.012175,0.024754,0.01237,0.003439,0.005247,-0.017558
2026-09-26,SWELL,-4123.79,-0.000902,-0.033,0.043215,-0.022459,-0.074884,-0.077413,-0.085603,-0.042423,-0.030274,-0.017558
2026-09-26,SYN,-14955.58,-0.000347,-0.0327,-0.127881,-0.027219,-0.07241,-0.094232,0.025061,0.010712,0.010662,-0.017558
2026-09-26,SYRUP,220597.99,0.000835,1.0,0.041384,-0.015517,-0.021489,0.074229,0.074163,0.003543,0.007464,-0.017558
2026-09-26,TQQQB,-23974.86,-0.011292,-0.2262,0.006596,0.004677,-0.030308,-0.024104,-0.005964,0.123464,0.009417,-0.017558
2026-09-26,TRAC,64659.85,0.000357,0.1082,-0.010262,0.027282,0.0239,0.02031,0.210188,0.001971,-0.000569,-0.017558
2026-09-26,TREE,14477.53,0.001901,0.0572,0.012172,0.010211,-0.07979,-0.077105,-0.073929,0.053551,0.157257,-0.017558
2026-09-26,UNI,-1438968.66,-0.000243,-0.4566,0.044176,0.020956,-0.081671,-0.058724,-0.046557,-0.000553,-7.5e-05,-0.017558
2026-09-26,VIRTUAL,64671.73,0.000123,1.0,0.082702,0.025413,0.011758,0.016419,-0.010269,-0.002807,-0.002521,-0.017558
2026-09-26,WBTC,84179.61,9e-06,0.4423,-0.002175,0.008378,-0.007874,-0.005271,0.007485,-0.000248,-0.000338,-0.017558
2026-09-26,WLD,779145.11,0.000395,0.3229,0.230093,0.054099,-0.092034,-0.070741,-0.0565,-0.005645,-0.009274,-0.017558
2026-09-26,WLFI,-286803.15,-0.000154,-0.5646,0.040641,0.000377,-0.033998,-0.03216,-0.04769,-0.000112,-0.00081,-0.017558
2026-09-26,WSTETH,23851.75,2e-06,0.1137,0.000442,0.004156,0.000576,0.0025,0.004921,-5e-06,1.1e-05,-0.017558
2026-09-26,XAUt,282479660.47,0.095745,0.9817,0.002599,-0.000227,-0.035016,-0.024928,-0.024205,0.091253,0.089191,-0.017558
2026-09-26,XCN,105689.87,0.000539,1.0,0.019841,0.058815,-0.030994,-0.023839,-0.060092,-0.000466,0.000235,-0.017558
2026-09-26,ZAMA,404408.02,0.00185,0.7127,-0.015122,-0.063113,-0.105282,-0.154423,-0.141219,-0.000881,-0.014131,-0.017558
2026-09-26,ZKC,76415.28,0.003215,1.0,0.064068,0.033792,-0.045603,-0.059961,-0.055068,0.012804,0.049068,-0.017558
2026-09-26,ZKJ,35669.56,0.006427,0.1107,0.009528,-0.000521,-0.02566,-0.027009,-0.02834,0.007088,-0.006634,-0.017558
2026-09-26,ZRO,52253.74,8.6e-05,0.0653,0.070032,0.067144,-0.039664,-0.025232,0.164343,0.000475,0.002557,-0.017558
2026-09-26,cbETH,-191507.19,-0.000377,-0.1472,0.002126,0.003326,-0.002307,0.003245,0.005279,0.005386,0.002331,-0.017558
2026-09-26,stETH,444079.94,1.7e-05,1.0,0.002867,0.003537,-0.002412,0.002023,0.004596,-9.7e-05,-5e-05,-0.017558
2026-09-27,A8,-4920.17,-0.001357,-0.023,-0.03483,-0.039596,-0.035946,-0.013556,-0.035758,-0.037977,-0.013296,-0.008352
2026-09-27,AAVE,-1030953.19,-0.000432,-0.4828,0.000569,-0.050798,0.07019,0.022037,0.166037,-0.005595,-0.003419,-0.008352
2026-09-27,AERGO,6600.63,0.001377,0.0953,0.006281,0.000311,-0.02974,-0.01848,-0.01707,0.000694,-0.005741,-0.008352
2026-09-27,AIOZ,15086.4,9.6e-05,0.008,0.002789,-0.040493,-0.067838,-0.067271,-0.121062,-0.009251,0.000691,-0.008352
2026-09-27,ALCX,11181.34,0.001551,0.1568,-0.047565,-0.015182,-0.007138,0.00219,-0.017261,-0.00152,0.007238,-0.008352
2026-09-27,ALLO,-90109.94,-0.001552,-1.0,-0.026456,-0.042482,-0.021129,-0.048199,-0.070545,0.000945,-0.011128,-0.008352
2026-09-27,ALT,5811.38,0.000939,1.0,-0.03786,-0.087924,-0.037712,0.001231,-0.019684,0.011567,0.025076,-0.008352
2026-09-27,APE,454456.97,0.002789,0.3737,0.050579,-0.099351,-0.085127,-0.084387,-0.003775,0.002419,0.008211,-0.008352
2026-09-27,API3,208251.12,0.008526,1.0,0.010148,-0.054483,-0.004258,0.014094,-0.047117,0.01147,-0.000894,-0.008352
2026-09-27,ASM,-12570.38,-0.001372,-0.1716,-0.028147,-0.006546,-0.027766,-0.018203,-0.014222,-0.00843,-0.007927,-0.008352
2026-09-27,AVT,14241.97,0.010211,0.125,0.08406,0.281794,0.152359,0.327638,0.204993,0.009465,-0.005011,-0.008352
2026-09-27,AXS,-116200.38,-0.000565,-1.0,0.003947,-0.072984,-0.029953,-0.034108,-1.4e-05,-0.002616,-0.003198,-0.008352
2026-09-27,BEAM,164420.85,0.101307,1.0,3.94637,0.032828,-0.809484,-0.818971,0.074845,0.10117,-0.174381,-0.008352
2026-09-27,BILL,893626.69,0.029186,0.8694,-0.11219,-0.122825,-0.101258,-0.100638,-0.168154,0.077329,0.131264,-0.008352
2026-09-27,BNT,-2714.54,-7.6e-05,-0.0061,0.006787,-0.007554,-0.001006,-0.024966,-0.027754,-0.000134,-0.000855,-0.008352
2026-09-27,BOBA,-125619.39,-0.010808,-0.3763,0.084604,-0.122412,-0.128878,-0.120739,-0.087892,-0.011762,-0.017224,-0.008352
2026-09-27,CAP,-60379.86,-0.00073,-1.0,0.031704,0.057829,0.137393,0.289366,0.439719,-0.020381,-0.063793,-0.008352
2026-09-27,CBBTC,-7517963.45,-0.000952,-0.6901,0.008365,-0.015555,-0.013926,-0.013169,-0.006091,-0.000151,-0.000612,-0.008352
2026-09-27,CBXRP,63779.36,0.000314,0.2721,0.005733,-0.026686,-0.025708,-0.028777,-0.040973,-0.001802,-0.004868,-0.008352
2026-09-27,CFG,387634.5,0.004087,1.0,-0.024926,-0.037032,-0.059341,-0.106806,-0.132193,-0.003678,-0.0049,-0.008352
2026-09-27,CHZ,-165633.53,-0.000945,-1.0,-0.007697,-0.062184,-0.035353,-0.031881,-0.032112,-0.001441,-0.001767,-0.008352
2026-09-27,COINon,9283.42,0.000963,1.0,0.003223,-0.022803,-0.035684,-0.047376,-0.069695,0.002273,-0.001435,-0.008352
2026-09-27,COMP,483459.65,0.001998,1.0,0.011981,-0.034047,0.023525,0.01496,-0.019831,0.002253,0.003165,-0.008352
2026-09-27,CRCLB,176920.94,0.001509,1.0,0.009675,-0.036785,-0.063577,-0.078202,-0.093315,0.005336,0.006694,-0.008352
2026-09-27,CRCLon,178367.26,0.001684,1.0,0.009603,-0.039387,-0.063569,-0.078261,-0.095664,0.000648,0.004802,-0.008352
2026-09-27,CREO,7739.43,0.004262,1.0,-0.030176,-0.0405,0.075407,0.397707,0.398064,-0.014811,0.048217,-0.008352
2026-09-27,CRO,-311594.87,-9.3e-05,-1.0,0.015347,0.020673,0.025957,-0.00694,-0.017716,-2.2e-05,-0.000252,-0.008352
2026-09-27,CRV,-69319.29,-0.000126,-1.0,0.006253,0.017471,0.09827,0.108848,0.033054,0.002044,0.00322,-0.008352
2026-09-27,CTC,3490.52,5.3e-05,0.0075,0.032157,-0.073488,-0.033291,-0.053147,-0.065396,7.7e-05,-0.005256,-0.008352
2026-09-27,CVC,-91680.41,-0.002974,-0.1557,-0.01523,-0.043339,-0.031843,0.009662,-0.031418,-0.001205,-0.004947,-0.008352
2026-09-27,EIGEN,101249.19,0.0004,1.0,-0.020936,-0.09178,-0.073488,-0.111157,-0.12537,0.013152,0.017738,-0.008352
2026-09-27,ELA,-6997.34,-0.00086,-0.0067,-0.007008,-0.036432,-0.018687,-0.014712,0.036461,-0.00382,-0.003122,-0.008352
2026-09-27,ENA,-162451.23,-5.6e-05,-0.0862,0.053307,-0.091502,-0.128197,-0.081274,-0.178669,0.00176,0.004724,-0.008352
2026-09-27,ERA,-60520.57,-0.005774,-0.1096,0.015826,-0.048606,-0.056228,-0.057811,-0.089731,-0.013089,-0.013174,-0.008352
2026-09-27,ETHFI,-334825.83,-0.000484,-0.7274,-0.026472,-0.029017,0.086433,0.061993,-0.041237,-0.000191,-7.3e-05,-0.008352
2026-09-27,FARM,9806.97,0.001725,0.0272,0.000446,-0.069515,-0.008247,-0.088545,-0.082387,-0.020955,-0.017711,-0.008352
2026-09-27,FET,-150700.26,-0.000266,-0.2431,-0.000321,-0.076659,-0.072109,-0.087893,-0.114058,-0.002679,-0.001301,-0.008352
2026-09-27,FORT,39660.59,0.003619,0.1478,0.064203,-0.012379,-0.030058,-0.068373,-0.068836,-0.003058,-0.007224,-0.008352
2026-09-27,FORTH,7272.08,0.00171,1.0,-0.00811,-0.04444,-0.052112,-0.035906,-0.046867,0.00936,0.015893,-0.008352
2026-09-27,GFI,0.0,0.0,0.0,-0.092077,0.008443,0.097002,0.013803,-0.053956,-0.012073,-0.012758,-0.008352
2026-09-27,GHST,-12632.29,-0.003478,-0.3521,-0.006239,-0.015992,0.008507,-0.023169,-0.099532,0.001291,-0.006534,-0.008352
2026-09-27,GROVE,0.0,0.0,0.0,-0.000259,-0.014788,0.003143,-0.037728,-0.027251,0.002257,-0.008884,-0.008352
2026-09-27,GRT,0.0,0.0,0.0,0.197395,-0.087077,-0.115845,-0.127764,-0.164534,-0.001452,-0.004035,-0.008352
2026-09-27,GRVT,0.0,0.0,0.0,-0.022144,0.001557,0.01105,0.00795,0.015697,-0.005467,-0.027788,-0.008352
2026-09-27,GTC,-1136.35,-0.000143,-0.0168,0.002453,-0.075959,-0.047403,0.026133,0.661618,-0.000915,-0.007762,-0.008352
2026-09-27,HFT,22758.96,0.003649,0.0234,0.056729,-0.060566,-0.088432,-0.100385,-0.069717,0.00296,0.005468,-0.008352
2026-09-27,HIGH,44287.04,0.012588,0.2382,-0.028305,-0.056794,-0.084001,-0.05585,-0.083972,0.019572,0.018186,-0.008352
2026-09-27,HOPR,-9367.53,-0.002034,-0.0301,-0.011721,0.17124,0.087579,0.020224,-0.026169,-0.006472,-0.006741,-0.008352
2026-09-27,IDEX,12.86,1.4e-05,0.0012,-0.024026,-0.002277,0.013848,0.016102,0.020157,-0.085565,-0.09648,-0.008352
2026-09-27,IMU,997.82,0.000472,0.0037,-0.002195,-0.034673,0.019533,-0.018277,-0.008805,-0.010407,-0.007508,-0.008352
2026-09-27,IMX,106550.11,0.000304,1.0,0.060038,-0.044517,-0.055806,-0.058781,-0.011519,-0.000657,-0.003128,-0.008352
2026-09-27,INTWB,24787.28,0.023775,0.0919,0.05555,-0.158052,-0.161289,-0.096582,-0.112013,-0.068184,-0.206955,-0.008352
2026-09-27,IRENB,20711.59,0.014115,1.0,0.011018,-0.059625,-0.07222,-0.081099,-0.063078,0.016587,-0.175029,-0.008352
2026-09-27,JASMY,305513.81,0.001174,1.0,0.110635,-0.02706,0.002419,-0.050907,-0.003192,0.001836,-0.000907,-0.008352
2026-09-27,L3,9764.63,0.001989,0.0145,-0.011976,-0.016297,-0.054998,-0.048897,-0.061367,0.00623,0.009337,-0.008352
2026-09-27,LA,-50515.35,-0.003595,-1.0,-0.032346,-0.084162,-0.063087,-0.063247,-0.093536,0.045462,0.125374,-0.008352
2026-09-27,LCX,-859819.36,-0.025672,-0.3724,0.024311,0.004584,0.133123,0.325563,0.404249,-0.040083,-0.022572,-0.008352
2026-09-27,LDO,69636.42,0.000171,0.3826,0.013423,-0.101498,-0.055017,-0.064756,-0.121652,-0.006606,-0.010585,-0.008352
2026-09-27,LINK,-675975.77,-6.4e-05,-0.3864,-0.00474,0.073917,0.042244,0.012385,-0.032584,-0.000139,0.000303,-0.008352
2026-09-27,LIT,582070.01,0.000497,0.4553,-0.011351,-0.046705,-0.047678,-0.184047,-0.238039,-0.00063,-0.00072,-0.008352
2026-09-27,LITEB,162422.4,0.031928,1.0,0.000829,-0.02334,0.032691,0.032657,0.151071,0.317007,-0.089918,-0.008352
2026-09-27,LMWR,6546.32,0.00116,0.2188,0.028511,-0.016495,-0.017515,0.01495,-0.029881,-0.016362,-0.005032,-0.008352
2026-09-27,LPT,-107026.2,-0.001209,-0.3431,0.014688,-0.072605,-0.046653,-0.006431,-0.083048,-0.003612,-0.005908,-0.008352
2026-09-27,MASK,-50495.66,-0.001041,-1.0,0.017095,-0.057551,-0.071817,-0.058088,-0.025049,-0.00127,-0.007354,-0.008352
2026-09-27,MAVIA,-20183.1,-0.002355,-1.0,-0.029208,-0.083462,-0.06488,-0.077756,-0.065835,0.011281,0.036145,-0.008352
2026-09-27,MDT,-6820.7,-0.001313,-0.1236,-0.004936,-0.0864,-0.048866,-0.071752,0.037202,-0.002677,-0.004535,-0.008352
2026-09-27,MITO,-7265.77,-0.002468,-0.1856,0.008919,-0.074816,-0.071267,-0.070125,-0.050447,-0.004548,0.021401,-0.008352
2026-09-27,MLN,-344.99,-6.9e-05,-0.0012,0.006591,-0.008379,0.014838,-0.015985,-0.011097,-0.003574,-0.005042,-0.008352
2026-09-27,MNT,-181719.48,-8.1e-05,-0.6436,-0.014118,-0.024211,-0.018404,0.0209,-0.036584,-0.000207,-0.000217,-0.008352
2026-09-27,MORPHO,-62278.13,-4.4e-05,-0.0725,-0.013405,-0.064058,-0.085404,-0.078781,-0.056074,-3e-05,0.000503,-0.008352
2026-09-27,MRVLB,-0.01,-0.0,-0.0,0.006582,-0.0469,-0.006273,0.000752,0.033658,-0.064455,-0.143704,-0.008352
2026-09-27,NEXO,69668.51,0.000122,0.3692,0.019184,-0.029493,-0.041752,-0.038988,-0.042207,2.8e-05,-0.000365,-0.008352
2026-09-27,NOM,230536.78,0.036475,0.42,0.075474,-0.075933,-0.006241,0.055209,0.145419,0.055451,0.089854,-0.008352
2026-09-27,ONDO,100602.85,3.7e-05,0.0403,0.033478,-0.078511,-0.077659,-0.117899,-0.134546,0.000373,0.00057,-0.008352
2026-09-27,ORCLB,13914.51,0.004079,1.0,-0.000114,-0.037057,0.000379,-0.002958,0.033733,0.142029,0.08155,-0.008352
2026-09-27,PAXG,316391.58,0.00017,0.4137,-0.000713,-0.033219,-0.022405,-0.026384,-0.029353,0.002461,0.004253,-0.008352
2026-09-27,PENDLE,-77524.83,-0.000167,-0.2015,0.044182,-0.115485,-0.122428,-0.124187,-0.12421,-0.000896,-0.000262,-0.008352
2026-09-27,PEPE,554342.77,0.000305,0.254,0.007193,-0.054931,-0.036743,-0.030704,-0.050262,0.000277,0.000219,-0.008352
2026-09-27,PLUME,11734.0,9.6e-05,0.0228,0.020935,-0.051587,-0.036387,-0.003625,-0.038366,-0.003458,-0.000985,-0.008352
2026-09-27,POL,46885.71,3.6e-05,0.0563,0.044848,-0.062854,-0.052377,-0.099829,-0.147856,0.001525,0.001802,-0.008352
2026-09-27,PRIME,-29528.56,-0.00347,-0.1927,-0.001341,0.057598,0.036937,0.005649,-0.016598,-0.019601,-0.025773,-0.008352
2026-09-27,PROM,67054.54,0.00059,1.0,-0.008075,0.005637,-0.046788,0.041873,0.008365,0.004152,0.00768,-0.008352
2026-09-27,PTB,-6245.78,-0.000757,-1.0,0.010395,-0.138505,-0.086228,-0.10567,-0.094284,0.009892,0.045881,-0.008352
2026-09-27,PUMP,0.0,0.0,0.0,-0.003309,-0.075666,-0.073555,-0.061629,-0.255786,-0.012203,-0.01441,-0.008352
2026-09-27,RED,82052.63,0.000907,0.4312,0.020795,-0.077047,-0.063281,0.021339,-0.04591,-7.779869,-7.776198,-0.008352
2026-09-27,RESOLV,3941.99,0.000412,0.0725,-0.007195,-0.067224,-0.062006,-0.07854,-0.007964,-0.001821,0.008384,-0.008352
2026-09-27,RLS,-48324.66,-0.012798,-0.403,-0.015514,-0.046194,-0.06146,-0.109713,-0.09943,0.001026,-0.012938,-0.008352
2026-09-27,RPL,-5954.03,-0.000123,-0.012,0.00118,-0.087646,-0.063735,-0.08671,-0.112346,-0.000765,-0.000522,-0.008352
2026-09-27,SD,51637.21,0.005387,0.3421,-0.032682,-0.016798,-0.049404,-0.064726,-0.095224,0.008194,0.004824,-0.008352
2026-09-27,SHIB,130381.09,3.7e-05,0.5434,-0.001112,-0.049054,-0.028864,-0.03363,-0.056635,-1.4e-05,-0.00018,-0.008352
2026-09-27,SKY,-55808.12,-3.1e-05,-1.0,-0.00645,0.005475,0.093862,-0.005721,0.14891,0.000272,0.001387,-0.008352
2026-09-27,STRK,-67691.39,-0.000224,-0.2966,-0.00026,-0.011918,0.02502,0.037251,0.001244,0.00115,0.004322,-0.008352
2026-09-27,SWELL,5304.22,0.001187,0.3376,-0.022459,-0.053629,-0.056217,-0.038151,-0.070683,-0.031767,-0.027249,-0.008352
2026-09-27,SYRUP,189695.95,0.000729,0.3329,-0.015517,-0.006066,0.091161,0.026563,0.068484,0.0046,0.0071,-0.008352
2026-09-27,TMX,-67932.31,-0.130196,-1.0,-0.010341,0.031317,0.022298,-6.1e-05,0.008624,0.032447,-3.131776,-0.008352
2026-09-27,TQQQB,-10306.55,-0.00498,-1.0,0.004677,-0.034822,-0.028647,-0.01542,0.015636,0.026912,0.051498,-0.008352
2026-09-27,TRAC,-29218.05,-0.000157,-0.0766,0.027282,-0.003292,-0.006787,0.115398,0.156457,0.00085,-0.000705,-0.008352
2026-09-27,TREE,81684.56,0.010617,0.2639,0.010211,-0.089091,-0.086433,-0.090196,-0.083663,0.03122,0.119171,-0.008352
2026-09-27,UNI,151575.92,2.5e-05,0.0527,0.020956,-0.100521,-0.078044,-0.092695,-0.105753,-0.001267,-0.000115,-0.008352
2026-09-27,VIRTUAL,-53267.33,-9.9e-05,-1.0,0.025413,-0.013317,-0.008771,-0.03229,-0.082168,-0.003143,-0.00274,-0.008352
2026-09-27,WBTC,-603045.49,-6.1e-05,-0.6803,0.008378,-0.016117,-0.013536,-0.013194,-0.006675,-0.000393,-0.000431,-0.008352
2026-09-27,WLD,-312953.15,-0.00015,-0.167,0.054099,-0.138633,-0.118433,-0.052597,-0.036441,-0.002842,-0.006447,-0.008352
2026-09-27,WLFI,-22081.75,-1.2e-05,-0.062,0.000377,-0.034362,-0.032525,-0.059041,-0.062393,-0.00031,-0.000759,-0.008352
2026-09-27,WSTETH,-124383.0,-1e-05,-0.3547,0.004156,-0.003565,-0.001649,-0.006716,-0.008993,-1.5e-05,1e-06,-0.008352
2026-09-27,XAUt,4713437.84,0.001598,0.6862,-0.000227,-0.034796,-0.024706,-0.028214,-0.031641,0.096685,0.090682,-0.008352
2026-09-27,XCN,20299.39,9.8e-05,0.0439,0.058815,-0.08482,-0.078063,-0.118736,-0.107219,-0.000665,0.000912,-0.008352
2026-09-27,ZAMA,190878.26,0.000927,0.6242,-0.063113,-0.04501,-0.097461,-0.049381,-0.105044,6.7e-05,-0.008404,-0.008352
2026-09-27,ZKC,2880.23,0.000117,0.0037,0.033792,-0.0768,-0.090689,-0.083267,-0.096918,0.008368,0.032801,-0.008352
2026-09-27,ZKJ,18362.38,0.00331,0.0258,-0.000521,-0.025152,-0.026501,-0.027144,-0.059662,0.007427,0.015636,-0.008352
2026-09-27,ZRO,-842843.72,-0.001302,-0.5858,0.067144,-0.100088,-0.086563,-0.029756,0.029496,-0.002184,0.000894,-0.008352
2026-09-28,A8,-8281.03,-0.002378,-0.0619,-0.039596,0.0038,0.027114,-0.014552,0.008226,-0.012755,-0.032092,0.013092
2026-09-28,AAOIB,175137.48,0.037566,0.6428,-0.046387,0.039047,0.026909,0.107177,0.197167,0.093361,0.071435,0.013092
2026-09-28,AAVE,-2321348.57,-0.001025,-0.7071,-0.050798,0.127463,0.076733,0.151163,0.224839,-0.004224,-0.004605,0.013092
2026-09-28,AIOZ,1825077.85,0.012095,0.1324,-0.040493,-0.0285,-0.027909,-0.050702,-0.046038,0.004076,0.013077,0.013092
2026-09-28,ALT,13859.45,0.002456,1.0,-0.087924,0.055052,0.097749,0.033118,0.04367,0.018453,0.004747,0.013092
2026-09-28,AMATB,-126479.58,-0.047221,-1.0,-0.000184,0.055519,0.058854,0.092879,0.114941,-0.083327,-0.043026,0.013092
2026-09-28,AMZNB,7022.41,0.002216,0.1489,-0.015597,0.002077,0.014356,0.007544,0.022916,0.101472,0.124089,0.013092
2026-09-28,APE,-905371.87,-0.00617,-0.561,-0.099351,0.015792,0.016614,0.00938,0.104299,-0.002664,0.002227,0.013092
2026-09-28,API3,-49607.23,-0.002148,-0.1617,-0.054483,0.05312,0.072529,0.052093,0.10563,0.006068,0.00193,0.013092
2026-09-28,ARMB,-2207.11,-0.00097,-0.0104,-0.093922,0.033634,0.018583,0.033002,0.084519,-0.088379,-0.247822,0.013092
2026-09-28,ASM,0.0,0.0,0.0,-0.006546,-0.02136,-0.011734,-0.006818,0.008389,-0.00843,-0.006981,0.013092
2026-09-28,ASMLB,-18178.6,-0.004735,-1.0,0.017111,0.032332,0.022884,0.021522,0.050769,0.017332,0.026785,0.013092
2026-09-28,ATH,-3512.5,-2.9e-05,-0.01,-0.061992,0.016015,-0.011279,-0.022843,0.19862,-0.002254,-0.010538,0.013092
2026-09-28,AVGOB,-278510.41,-0.024038,-0.4666,-0.010528,0.015089,0.007084,-0.014075,0.017329,-0.067513,0.053712,0.013092
2026-09-28,AVT,-76907.01,-0.043019,-0.1896,0.281794,-0.100979,0.035766,-0.035548,-0.09235,-0.035127,-0.032486,0.013092
2026-09-28,AXS,-232985.46,-0.001222,-1.0,-0.072984,0.04642,0.041937,0.055645,0.100009,-0.002676,-0.004057,0.013092
2026-09-28,AXTIB,-43728.36,-0.010251,-0.0387,-0.075625,0.061181,0.051904,0.10916,0.156106,-0.095615,-0.126429,0.013092
2026-09-28,BAL,19421.86,0.00205,0.6538,-0.014295,-0.008248,-0.013213,-0.028789,-0.020994,0.002545,0.006481,0.013092
2026-09-28,BARD,211697.61,0.004262,1.0,-0.08971,-0.006797,0.0087,0.003355,-0.007668,-0.008932,-0.023247,0.013092
2026-09-28,BEAM,-106434.52,-0.063494,-0.1112,0.032828,-0.815539,-0.824725,0.071648,-0.808779,0.043243,-0.318598,0.013092
2026-09-28,BEB,-97752.39,-0.036563,-0.7039,-0.096888,0.108038,0.058437,0.055201,0.093551,0.043506,0.002897,0.013092
2026-09-28,BILL,1585834.89,0.059047,0.7714,-0.122825,0.024587,0.025293,0.039306,-0.005919,0.143987,0.190827,0.013092
2026-09-28,BLUR,-1312.47,-2.3e-05,-0.0095,-0.06897,0.001152,0.13878,0.057957,0.1042,-0.008824,-0.023248,0.013092
2026-09-28,BNT,8386.11,0.000236,0.0105,-0.007554,0.006598,-0.017544,-0.001325,-0.008542,0.000118,-0.000518,0.013092
2026-09-28,BOBA,14579.42,0.001429,0.0324,-0.122412,-0.007368,0.001906,0.012703,0.058044,-0.010501,-0.015615,0.013092
2026-09-28,CBBTC,776489.36,0.0001,0.202,-0.015555,0.001655,0.002424,0.014759,0.016557,-4.2e-05,-0.000531,0.013092
2026-09-28,CBRSB,-77026.53,-0.042005,-0.8834,-0.048026,-0.008705,-0.092176,-0.135719,-0.092988,-0.200232,-0.405753,0.013092
2026-09-28,CBXRP,-4394.0,-2.2e-05,-0.0341,-0.026686,0.001005,-0.002148,0.003116,-0.003141,0.0008,-0.002312,0.013092
2026-09-28,CHZ,-102775.47,-0.000625,-1.0,-0.062184,0.02861,0.032313,0.035823,0.104246,-0.001849,-0.002068,0.013092
2026-09-28,COHRB,-45298.57,-0.01528,-0.4644,-0.057206,0.037168,0.02116,0.130715,0.190742,-0.038932,-0.163085,0.013092
2026-09-28,COINB,-66798.54,-0.003879,-1.0,-0.022965,-0.01231,-0.025968,-0.013879,-0.039655,-0.055525,-0.094091,0.013092
2026-09-28,COINon,-64902.43,-0.00698,-0.6973,-0.022803,-0.013182,-0.025146,-0.013355,-0.041682,-0.005795,-0.005497,0.013092
2026-09-28,COMP,-129809.08,-0.000555,-1.0,-0.034047,0.0596,0.050734,0.018405,0.087106,0.00202,0.002609,0.013092
2026-09-28,CRCLB,63687.56,0.000513,1.0,-0.036785,-0.027815,-0.042998,-0.032978,-0.044477,0.005222,0.016379,0.013092
2026-09-28,CRCLon,75636.1,0.000742,0.3333,-0.039387,-0.025173,-0.040468,-0.029596,-0.042295,0.001423,0.005069,0.013092
2026-09-28,CRDOB,-8594.87,-0.007325,-0.2093,-0.087683,-0.001784,0.010885,0.087405,0.128494,-0.401906,-0.903735,0.013092
2026-09-28,CREO,608.68,0.000349,0.0266,-0.0405,0.120799,0.456704,0.330734,0.52702,-0.014462,0.041645,0.013092
2026-09-28,CRO,17967.88,5e-06,0.085,0.020673,0.005177,-0.027053,-0.004306,-0.0347,-3.4e-05,-0.000179,0.013092
2026-09-28,CRV,80239.45,0.000143,0.0713,0.017471,0.079411,0.089807,0.067586,0.077464,0.002363,0.003588,0.013092
2026-09-28,CRWVB,-110919.77,-0.070574,-1.0,-0.027638,0.009909,0.024011,0.038734,0.047445,-0.099485,0.117318,0.013092
2026-09-28,CTC,-1064.8,-1.7e-05,-0.0034,-0.073488,0.043385,0.021955,0.037074,0.025838,2.7e-05,-0.006225,0.013092
2026-09-28,CVC,-60058.13,-0.002037,-0.0763,-0.043339,0.012017,0.055402,0.049441,0.009895,-0.005391,-0.008847,0.013092
2026-09-28,CYBER,-61984.92,-0.0024,-0.3529,-0.085315,-0.027177,-0.04901,-0.044806,-0.056644,-0.011636,-0.035125,0.013092
2026-09-28,DELLB,6226.01,0.006106,1.0,-0.048456,-0.004295,-0.000525,0.000434,0.037827,0.145512,0.255784,0.013092
2026-09-28,DRV,67891.1,0.000242,1.0,-0.089598,0.017235,0.011091,0.012942,0.013993,0.000479,-0.000152,0.013092
2026-09-28,EIGEN,364121.56,0.001583,0.4663,-0.09178,0.020141,-0.021335,0.005306,0.04982,0.013792,0.01863,0.013092
2026-09-28,ELA,-48614.46,-0.006198,-0.0408,-0.036432,0.018416,0.022541,0.10397,0.137285,-0.007765,-0.017238,0.013092
2026-09-28,ENA,1579623.86,0.000601,0.2798,-0.091502,-0.04039,0.011259,-0.054137,-0.08554,0.002111,0.005264,0.013092
2026-09-28,ENS,208564.07,0.000749,0.1761,-0.062806,0.066239,0.05263,0.046155,0.038442,0.000552,-0.004972,0.013092
2026-09-28,ERA,51569.03,0.005171,0.1662,-0.048606,-0.008012,-0.009676,-0.002401,-0.033515,-0.008479,-0.009709,0.013092
2026-09-28,ETHFI,184772.35,0.000275,0.4336,-0.029017,0.1189,0.09373,0.053081,0.029672,7.1e-05,0.000321,0.013092
2026-09-28,EWYB,-363593.21,-0.047844,-1.0,-0.021569,0.018117,-0.005826,0.015134,0.042457,-0.052831,-0.190014,0.013092
2026-09-28,FARM,-1292.85,-0.000244,-0.003,-0.069515,0.065845,-0.020451,-0.005167,-0.007473,-0.022554,-0.026052,0.013092
2026-09-28,FET,2039481.3,0.003899,0.4189,-0.076659,0.004928,-0.012166,0.016197,1.6e-05,0.003988,0.002378,0.013092
2026-09-28,FF,-51828.92,-0.000136,-1.0,-0.076588,0.01215,0.066778,0.031424,-0.045619,-0.0029,-6.8e-05,0.013092
2026-09-28,FLOKI,205110.21,0.000797,1.0,-0.055016,0.011085,0.017491,0.023307,0.015348,0.000144,-0.000918,0.013092
2026-09-28,FORT,-290.82,-2.7e-05,-0.0006,-0.012379,-0.017901,-0.056696,-0.086244,-0.053085,-0.002843,-0.005543,0.013092
2026-09-28,FORTH,-10452.48,-0.002572,-1.0,-0.04444,-0.008029,0.00893,0.006814,-0.009469,0.008053,0.030095,0.013092
2026-09-28,GALA,140454.73,0.001324,1.0,-0.083042,0.054517,0.077206,0.089384,0.193691,-0.002045,-1.9e-05,0.013092
2026-09-28,GFI,9321.38,0.002598,0.0329,0.008443,0.087817,0.005316,-0.047141,-0.048057,-0.012707,-0.010166,0.013092
2026-09-28,GLWB,-35928.54,-0.021223,-0.5373,-0.04869,0.052656,0.019507,0.061986,0.086845,-0.002374,0.077743,0.013092
2026-09-28,GROVE,198129.62,0.032009,1.0,-0.014788,0.0182,-0.023284,-0.008977,0.001521,0.030446,0.022153,0.013092
2026-09-28,GRT,-434235.72,-0.001312,-1.0,-0.087077,-0.031512,-0.044568,-0.063231,-0.072703,-0.001911,-0.004456,0.013092
2026-09-28,GTC,276.3,3.8e-05,0.017,-0.075959,0.030904,0.110485,0.428267,0.340183,-0.004364,-0.007844,0.013092
2026-09-28,HFT,53982.62,0.009214,0.1278,-0.060566,-0.029662,-0.042386,-0.040508,0.287723,0.008459,0.019878,0.013092
2026-09-28,HIGH,-12834.29,-0.003868,-0.1701,-0.056794,-0.028845,0.001001,-0.058253,0.00172,0.018731,0.01237,0.013092
2026-09-28,HOPR,5895.34,0.001093,0.0203,0.17124,-0.071429,-0.128937,-0.136741,-0.170959,0.007507,-0.00687,0.013092
2026-09-28,IMU,103057.37,0.050474,0.1208,-0.034673,0.056153,0.016985,0.019816,0.021228,0.056394,0.035864,0.013092
2026-09-28,IMX,33187.55,9.9e-05,0.174,-0.044517,-0.011816,-0.014929,0.030566,0.089856,-0.000455,-0.003041,0.013092
2026-09-28,INTWB,1043777.81,0.515099,0.9523,-0.158052,-0.003844,0.07301,0.072584,0.031006,0.49582,0.346186,0.013092
2026-09-28,IRENB,-22165.11,-0.015967,-0.3219,-0.059625,-0.013393,-0.022835,-0.036323,-0.008595,0.004041,-0.1914,0.013092
2026-09-28,JASMY,259960.76,0.001027,1.0,-0.02706,0.030299,-0.024511,0.095575,0.051959,0.002461,5.1e-05,0.013092
2026-09-28,KAIO,-257077.24,-0.010755,-1.0,1.389653,-0.236327,-0.307034,-0.419384,-0.485079,-0.030926,-0.037181,0.013092
2026-09-28,KORUB,122407.64,0.050689,1.0,-0.062814,0.053192,-0.023116,0.038529,0.113263,-0.422852,-0.368204,0.013092
2026-09-28,L3,1339.38,0.000277,0.0028,-0.016297,-0.039342,-0.03314,-0.033385,-0.057655,0.012465,0.007804,0.013092
2026-09-28,LA,24952.69,0.001939,0.0389,-0.084162,0.023012,0.022837,0.048039,-0.002465,0.039777,0.126199,0.013092
2026-09-28,LBTC,-52425.63,-5.3e-05,-0.0941,-0.014337,0.005989,0.004115,0.011732,0.016762,-0.000828,-0.000739,0.013092
2026-09-28,LCX,-2723.35,-8.1e-05,-0.0003,0.004584,0.127952,0.319514,0.314359,0.49349,-0.059706,-0.041609,0.013092
2026-09-28,LDO,1414387.73,0.003868,0.5311,-0.101498,0.051731,0.040892,0.006282,0.049663,0.004327,-0.007036,0.013092
2026-09-28,LINK,-1574675.06,-0.000139,-0.4021,0.073917,-0.029493,-0.057297,-0.044656,-0.075325,-0.00016,0.000126,0.013092
2026-09-28,LIT,260030.85,0.000233,0.1326,-0.046705,-0.00102,-0.144071,-0.125142,-0.202891,-9.8e-05,-0.00091,0.013092
2026-09-28,LITEB,-162577.33,-0.032555,-0.3708,-0.02334,0.057369,0.057335,0.134571,0.187957,0.333342,0.013727,0.013092
2026-09-28,MASK,-14920.73,-0.000326,-0.1001,-0.057551,-0.015137,-0.00057,0.014224,0.058643,-0.000253,-0.006493,0.013092
2026-09-28,MAVIA,-34951.31,-0.00445,-1.0,-0.083462,0.020275,0.006226,0.009114,0.065259,-0.004491,0.020651,0.013092
2026-09-28,MLN,-14961.61,-0.00301,-0.0407,-0.008379,0.023413,-0.00767,0.015636,0.000794,-0.006745,0.005932,0.013092
2026-09-28,MNT,2018.9,1e-06,0.0087,-0.024211,0.005951,0.04623,0.034805,-0.031698,-0.000177,-0.000176,0.013092
2026-09-28,MORPHO,484237.83,0.000364,0.5329,-0.064058,-0.022807,-0.01573,0.005796,0.093392,0.000143,0.000721,0.013092
2026-09-28,MRVLB,17034.61,0.002364,0.1057,-0.0469,0.042626,0.049997,0.065805,0.083428,-0.030632,-0.141834,0.013092
2026-09-28,MUUB,81449.5,0.047201,0.3446,-0.075639,0.02231,0.023615,0.075432,0.026246,-0.119619,-0.174228,0.013092
2026-09-28,MVLLB,-3270.93,-0.00391,-0.1568,-0.093991,0.084612,0.100917,0.13018,0.167452,-0.3582,-0.53397,0.013092
2026-09-28,NBISB,-19439.22,-0.003244,-0.2023,-0.038016,0.023975,0.018815,0.001675,0.042863,-0.084019,-0.161457,0.013092
2026-09-28,NEXO,-173016.26,-0.000312,-0.589,-0.029493,-0.012631,-0.009783,-0.015436,-0.017742,-0.00019,-0.00028,0.013092
2026-09-28,NOKB,-9937.86,-0.005098,-0.1037,-0.027037,0.027072,0.003824,0.026961,0.044669,0.06923,0.08927,0.013092
2026-09-28,NOM,72246.29,0.01237,0.3078,-0.075933,0.075418,0.141918,0.311948,0.156612,0.064209,0.101287,0.013092
2026-09-28,ONDO,613481.59,0.000247,0.0783,-0.078511,0.000925,-0.042744,-0.032322,-0.037263,-0.000242,0.000744,0.013092
2026-09-28,ORCLB,19135.76,0.005382,0.0304,-0.037057,0.038877,0.035412,0.040618,0.070247,0.186504,0.080964,0.013092
2026-09-28,PAXG,210904.91,0.000117,0.0448,-0.033219,0.011186,0.00707,0.012137,0.003078,0.001916,0.00342,0.013092
2026-09-28,PENDLE,280677.68,0.000685,0.1543,-0.115485,-0.00785,-0.009839,0.014037,0.008119,0.001111,0.000292,0.013092
2026-09-28,PEPE,-1327441.17,-0.000773,-0.4999,-0.054931,0.019245,0.025634,0.068758,0.037893,-0.00073,-7e-06,0.013092
2026-09-28,PLTRB,-17380.95,-0.009052,-0.6176,-0.016801,-0.004272,3e-06,0.016245,0.009686,-0.086712,-0.204242,0.013092
2026-09-28,PLUME,1069983.56,0.00927,0.5895,-0.051587,0.016027,0.050571,0.065032,0.025117,0.007233,0.010592,0.013092
2026-09-28,POL,206620.09,0.000168,0.3086,-0.062854,0.01118,-0.039455,-0.076171,-0.055285,0.001005,0.001913,0.013092
2026-09-28,PRIME,187509.03,0.020832,0.4608,0.057598,-0.019536,-0.049119,-0.035713,-0.076126,0.001601,-0.002643,0.013092
2026-09-28,PROM,-10444.11,-9.1e-05,-0.0777,0.005637,-0.052131,0.036033,0.049173,-0.002829,0.003406,0.006231,0.013092
2026-09-28,PTB,6628.09,0.000932,1.0,-0.138505,0.060682,0.038114,0.060561,0.08014,0.00467,0.051496,0.013092
2026-09-28,QCOMB,22604.61,0.007436,0.588,-0.080071,-0.019786,-0.016216,-0.026578,-0.008991,0.033627,-0.020427,0.013092
2026-09-28,QNTB,68741.87,0.091894,0.6362,-0.006027,-0.009184,-0.016885,-0.047805,-0.055354,0.168171,-0.056256,0.013092
2026-09-28,RE,-229725.78,-0.00314,-0.4134,-0.065154,0.037849,0.039631,0.113661,0.092043,-0.00623,-0.012358,0.013092
2026-09-28,RESOLV,6846.27,0.000762,0.3499,-0.067224,0.005594,-0.012132,0.043797,0.049352,-0.00641,0.009146,0.013092
2026-09-28,RKLBB,-265562.05,-0.094061,-0.7054,-0.02634,-0.03516,-0.029224,-0.020536,0.028953,-0.224468,-0.285945,0.013092
2026-09-28,RLS,47747.4,0.013258,0.3241,-0.046194,-0.016006,-0.066595,-0.124881,-0.075624,0.00944,0.021356,0.013092
2026-09-28,RPL,84448.23,0.001912,0.1061,-0.087646,0.026208,0.001026,-0.008484,0.000369,0.001054,-0.000161,0.013092
2026-09-28,SD,-117215.51,-0.012438,-0.2824,-0.016798,-0.033163,-0.048746,-0.064814,-0.090746,-0.00023,-0.007269,0.013092
2026-09-28,SHIB,-484855.46,-0.000146,-0.5325,-0.049054,0.021232,0.016219,0.02928,0.022323,-0.000193,-0.000363,0.013092
2026-09-28,SKHYon,-7999.59,-0.006167,-1.0,-0.051168,0.023341,0.011772,0.060045,0.062246,0.037557,0.020079,0.013092
2026-09-28,SKY,308972.47,0.000171,0.2552,0.005475,0.087906,-0.011134,0.077714,0.141782,0.000422,0.001484,0.013092
2026-09-28,SMCIB,-74791.48,-0.043248,-0.6542,-0.048555,-0.020793,-0.012712,0.001069,0.044319,-0.015646,0.006235,0.013092
2026-09-28,SMHB,20538.51,0.0153,0.6368,-0.021709,0.010809,0.016697,0.031019,0.054056,0.113337,0.087604,0.013092
2026-09-28,SNDKB,56881.15,0.002007,1.0,-0.039403,0.008964,0.017371,0.045885,0.002144,0.059921,-0.513206,0.013092
2026-09-28,SNXXB,18087.39,0.005637,1.0,-0.077696,0.01708,0.033296,0.092047,-0.001132,0.003125,0.117487,0.013092
2026-09-28,SOPH,15607.77,0.002277,0.3395,-0.091971,0.032162,0.067439,0.116894,0.093087,-0.007785,0.01505,0.013092
2026-09-28,SPK,-76737.89,-0.001122,-1.0,-0.089918,0.059661,0.113908,0.076717,0.117883,-0.007067,-0.008388,0.013092
2026-09-28,SPX,-174338.69,-0.000451,-0.5641,-0.076271,-0.009418,0.037739,0.056905,0.081491,3e-06,-0.001329,0.013092
2026-09-28,STO,17270.29,0.001775,0.3857,-0.049361,0.009551,-0.021562,-0.014106,-0.054671,0.016151,0.019802,0.013092
2026-09-28,STRK,113140.07,0.000379,0.4075,-0.011918,0.037384,0.049762,0.024848,0.263371,0.001125,0.005003,0.013092
2026-09-28,SWELL,-5471.95,-0.001294,-1.0,-0.053629,-0.002734,0.016356,-0.011587,-0.02561,-0.027407,-0.046355,0.013092
2026-09-28,SYN,0.0,0.0,0.0,-0.046455,-0.023526,-0.068467,0.10508,0.067465,0.008671,0.015093,0.013092
2026-09-28,TMX,54445.18,0.101179,0.7289,0.031317,-0.008745,-0.030425,-0.021065,-0.093951,0.602098,-2.488941,0.013092
2026-09-28,TQQQB,119114.42,0.050743,0.2711,-0.034822,0.006398,0.020102,0.025105,0.057674,0.060249,0.096741,0.013092
2026-09-28,TRAC,-262405.27,-0.001415,-0.4312,-0.003292,-0.003506,0.119082,0.18194,0.23977,-0.000541,-0.000971,0.013092
2026-09-28,TREE,-57785.56,-0.008245,-0.2096,-0.089091,0.002918,-0.001214,0.006369,0.026927,-0.000253,0.103841,0.013092
2026-09-28,UNI,4304435.86,0.000792,0.4982,-0.100521,0.024988,0.0087,0.038237,0.028557,-0.000525,0.000632,0.013092
2026-09-28,USARB,87024.35,0.094669,1.0,-0.059846,-0.023726,-0.018495,-0.043009,-0.048509,0.134906,0.035188,0.013092
2026-09-28,VIRTUAL,-649888.78,-0.001225,-0.6868,-0.013317,0.004607,-0.019229,-0.021771,-0.015404,-0.001184,-0.004117,0.013092
2026-09-28,WBETH,5521834.54,0.000554,0.7519,-0.00662,0.005817,-0.001902,0.00905,0.004251,0.000442,0.000422,0.013092
2026-09-28,WBTC,-206258.91,-2.1e-05,-0.4479,-0.016117,0.002623,0.002971,0.015481,0.017212,-0.000262,-0.000432,0.013092
2026-09-28,WDCB,-26355.1,-0.013252,-0.7216,-0.015342,0.00279,0.009058,0.021636,-0.089123,-0.110824,-0.147504,0.013092
2026-09-28,WLD,1124976.51,0.000627,0.3551,-0.138633,0.023451,0.099883,0.039136,0.223645,0.010122,-0.005575,0.013092
2026-09-28,WLFI,-13565.02,-8e-06,-0.01,-0.034362,0.001903,-0.025557,-0.014174,-0.034494,-0.000397,-0.000761,0.013092
2026-09-28,WSTETH,1347.9,0.0,0.0029,-0.003565,0.001922,-0.003163,0.004342,-0.000541,-1.4e-05,8e-06,0.013092
2026-09-28,XAUt,19250152.3,0.006762,0.674,-0.034796,0.010454,0.006819,0.011203,0.002499,0.103685,0.097169,0.013092
2026-09-28,XCN,-174735.92,-0.00092,-0.2826,-0.08482,0.007383,-0.037059,-0.030029,-0.003442,-0.001016,-0.000734,0.013092
2026-09-28,ZAMA,1419814.57,0.007096,0.7591,-0.04501,-0.054923,-0.004577,-0.040165,0.116954,0.00808,0.008586,0.013092
2026-09-28,ZKC,4650.39,0.000205,0.0046,-0.0768,-0.015044,-0.007005,-0.009917,-0.006458,0.017318,0.027455,0.013092
2026-09-28,ZKJ,105110.34,0.019437,0.0476,-0.025152,-0.001385,-0.002044,-0.002751,-0.038318,0.001188,0.035543,0.013092
2026-09-28,ZRO,32390.69,5.6e-05,0.0122,-0.100088,0.015029,0.078154,0.212433,0.337919,-0.001837,0.0013,0.013092
2026-09-28,cbETH,51620.24,0.000102,1.0,-0.005614,0.005565,-0.001828,0.007604,0.002736,0.005392,0.003111,0.013092
2026-09-28,stETH,207008.16,8e-06,0.1896,-0.005928,0.004446,-0.001171,0.007026,0.002102,-9.1e-05,-2.1e-05,0.013092
2026-09-29,A8,-4597.45,-0.001315,-0.0452,0.0038,0.023226,-0.018283,0.000196,-0.007133,-0.006424,-0.050105,-0.006365
2026-09-29,AAOIB,4800.05,0.000983,0.0416,0.039047,-0.011683,0.065569,0.150125,0.157143,0.095528,0.06609,-0.006365
2026-09-29,AAVE,3834233.1,0.001501,0.4698,0.127463,-0.044995,0.02102,0.08956,0.100777,0.000473,-0.003078,-0.006365
2026-09-29,AIOZ,-946853.12,-0.006458,-0.2294,-0.0285,0.000608,-0.022853,-0.057097,-0.026842,-0.000254,0.005377,-0.006365
2026-09-29,ALCX,5234.72,0.000732,1.0,0.008167,0.009396,0.019723,-0.010195,-0.005184,-0.000226,0.007216,-0.006365
2026-09-29,ALT,-5061.11,-0.00085,-1.0,0.055052,0.040469,-0.02079,0.018735,0.013908,0.016114,0.008839,-0.006365
2026-09-29,AMATB,-61335.33,-0.022654,-1.0,0.055519,0.00316,0.035395,0.05149,0.055232,-0.085497,-0.061279,-0.006365
2026-09-29,AMZNB,77672.86,0.023741,0.8826,0.002077,0.012253,0.005455,0.018776,0.022349,0.102436,0.126553,-0.006365
2026-09-29,APE,488624.25,0.003278,0.3024,0.015792,0.000809,-0.006312,0.088922,0.094355,0.003128,0.00294,-0.006365
2026-09-29,API3,88702.2,0.003647,0.1295,0.05312,0.01843,-0.000975,-0.043042,0.051716,0.006457,0.010819,-0.006365
2026-09-29,ARKM,542532.97,0.018627,0.779,0.001304,0.02148,0.017988,-0.006497,0.018638,0.016658,0.013893,-0.006365
2026-09-29,ARMB,85847.03,0.035875,0.6403,0.033634,-0.01456,-0.000611,0.04972,0.049941,-0.004527,-0.20026,-0.006365
2026-09-29,ASMLB,-43479.11,-0.011019,-1.0,0.032332,-0.009152,-0.010471,0.021032,0.01914,-0.026387,0.011833,-0.006365
2026-09-29,ATH,-27510.76,-0.000225,-0.1053,0.016015,-0.026863,-0.038246,0.073865,0.1775,-0.002176,-0.008095,-0.006365
2026-09-29,AVGOB,-21128.71,-0.001826,-0.1723,0.015089,-0.007885,-0.02873,0.001336,0.001867,-0.034891,-0.014232,-0.006365
2026-09-29,AVT,-22782.86,-0.014175,-0.3656,-0.100979,0.152105,0.072781,0.045675,0.002973,-0.03811,-0.041399,-0.006365
2026-09-29,AXS,69922.64,0.00035,1.0,0.04642,-0.004284,0.008816,0.030863,0.149219,-0.001503,-0.003995,-0.006365
2026-09-29,AXTIB,-35003.26,-0.00871,-0.6469,0.061181,-0.008742,0.045213,0.095116,0.094238,-0.072335,-0.138608,-0.006365
2026-09-29,BAL,5008.8,0.000533,1.0,-0.008248,-0.005006,-0.020712,-0.019503,-0.008076,0.003098,0.005931,-0.006365
2026-09-29,BEAM,41688.58,0.000396,0.1338,-0.815539,-0.049798,4.809621,4.641743,4.685451,0.034149,-0.132346,-0.006365
2026-09-29,BEB,-113275.23,-0.039704,-1.0,0.108038,-0.044765,-0.047685,-0.002434,-0.013747,-0.085085,-0.027584,-0.006365
2026-09-29,BMNRB,1201938.91,0.125501,0.6884,-0.002732,-0.011641,-0.000931,-0.017734,-0.006178,0.125803,0.214376,-0.006365
2026-09-29,BNT,222460.56,0.006232,0.1102,0.006598,-0.023984,-0.007872,-0.026775,-0.015527,0.00632,0.006034,-0.006365
2026-09-29,BOBA,-73254.26,-0.007235,-0.3428,-0.007368,0.009343,0.020219,0.04705,0.045446,-0.016307,-0.022387,-0.006365
2026-09-29,CAP,1396297.74,0.014838,1.0,0.075215,0.133615,0.425126,0.265805,0.140186,0.015874,-0.048124,-0.006365
2026-09-29,CBBTC,-3554050.86,-0.000459,-0.48,0.001655,0.000768,0.013082,0.007945,0.014907,2.7e-05,-0.000612,-0.006365
2026-09-29,CBRSB,112470.42,0.059136,0.5198,-0.008705,-0.084204,-0.12813,-0.147406,-0.045896,-0.088672,-0.321476,-0.006365
2026-09-29,CFG,473907.93,0.005312,0.6489,-0.023167,-0.050459,-0.058254,-0.077447,-0.007767,0.004801,-5e-05,-0.006365
2026-09-29,COHRB,11745.79,0.003863,0.1779,0.037168,-0.015434,0.090195,0.153456,0.151273,-0.039375,-0.155243,-0.006365
2026-09-29,COINB,-239132.83,-0.013847,-0.3304,-0.01231,-0.013829,-0.001589,-0.03606,-0.0274,-0.050312,-0.102322,-0.006365
2026-09-29,COINon,-7127.47,-0.000772,-0.3314,-0.013182,-0.012124,-0.000175,-0.03527,-0.027146,-0.005771,-0.005184,-0.006365
2026-09-29,COMP,-197353.51,-0.000797,-0.6235,0.0596,-0.008367,-0.038878,-0.042359,0.008816,0.002107,0.002345,-0.006365
2026-09-29,CRCLB,396779.31,0.003232,1.0,-0.027815,-0.015618,-0.005311,-0.031757,-0.011243,0.007229,0.021022,-0.006365
2026-09-29,CRDOB,10330.52,0.008929,0.3185,-0.001784,0.012692,0.089349,0.136519,0.131087,-0.114905,-0.882295,-0.006365
2026-09-29,CREO,0.0,0.0,0.0,0.120799,0.299701,0.187308,0.300033,0.452601,-0.014462,0.00582,-0.006365
2026-09-29,CRV,162722.01,0.000269,0.1225,0.079411,0.009631,-0.010956,-0.059381,-0.025818,0.001635,0.004033,-0.006365
2026-09-29,CRWVB,79620.83,0.050097,0.6258,0.009909,0.013964,0.028542,0.041753,0.037384,0.078998,-0.041245,-0.006365
2026-09-29,CTC,-79701.72,-0.001242,-0.0762,0.043385,-0.020539,-0.006049,-0.033211,-0.007228,-0.001215,-0.001114,-0.006365
2026-09-29,CVC,62177.93,0.002084,0.2018,0.012017,0.042871,0.03698,0.00044,-0.006366,-0.005489,-0.004609,-0.006365
2026-09-29,CYBER,-59288.91,-0.00236,-1.0,-0.027177,-0.022442,-0.018122,-0.055466,-0.020142,-0.011289,-0.044361,-0.006365
2026-09-29,DELLB,7676.11,0.00748,1.0,-0.004295,0.003787,0.00475,0.046215,0.043221,-0.018878,0.296896,-0.006365
2026-09-29,DRV,454431.95,0.001591,1.0,0.017235,-0.00604,-0.00422,0.02544,0.054196,0.001622,0.002675,-0.006365
2026-09-29,EIGEN,83324.95,0.000355,0.0575,0.020141,-0.040656,-0.014541,-0.055997,0.044901,0.012991,0.018208,-0.006365
2026-09-29,ELA,11840.78,0.001482,0.0124,0.018416,0.004051,0.084007,0.056198,0.132855,-0.0076,-0.008147,-0.006365
2026-09-29,ENA,300516.47,0.000119,0.0756,-0.04039,0.053823,-0.014325,-0.057894,-0.047928,0.001529,0.00337,-0.006365
2026-09-29,ENS,162111.74,0.000546,0.562,0.066239,-0.012764,-0.018837,-0.051094,-0.030194,0.001609,-0.004063,-0.006365
2026-09-29,ERA,196270.55,0.01984,0.5458,-0.008012,-0.001677,0.005656,-0.035499,-0.026443,0.018646,0.011391,-0.006365
2026-09-29,ETHFI,-213388.81,-0.000284,-0.1908,0.1189,-0.022496,-0.058825,-0.117513,-0.055835,-0.000493,0.000522,-0.006365
2026-09-29,EWYB,-7399.26,-0.000994,-0.0905,0.018117,-0.023517,-0.00293,0.025264,0.022177,-0.050508,-0.19911,-0.006365
2026-09-29,FARM,32851.63,0.005827,0.1801,0.065845,-0.080966,-0.066625,-0.074757,-0.081332,-0.01822,-0.012075,-0.006365
2026-09-29,FET,758911.96,0.001444,0.4354,0.004928,-0.01701,0.011215,-0.045209,-0.027628,0.005395,0.004514,-0.006365
2026-09-29,FF,377.56,1e-06,0.0037,0.01215,0.053972,0.019042,-0.0458,-0.063085,-0.002505,-0.00132,-0.006365
2026-09-29,FLOKI,104665.81,0.000402,1.0,0.011085,0.006335,0.012088,-0.022276,-0.005705,0.000345,0.000429,-0.006365
2026-09-29,FORT,73265.03,0.006893,0.1856,-0.017901,-0.039502,-0.069589,-0.03998,-0.042723,0.010434,0.001416,-0.006365
2026-09-29,FORTH,6972.49,0.00173,0.2154,-0.008029,0.017097,0.014963,0.005533,0.003163,0.003416,0.024322,-0.006365
2026-09-29,GFI,25448.7,0.006519,0.3291,0.087817,-0.075842,-0.124063,-0.137609,-0.146213,0.000984,-0.006202,-0.006365
2026-09-29,GHST,-9172.26,-0.002504,-0.2037,0.024897,-0.031409,-0.103064,-0.107128,-0.087706,-0.004388,-0.005164,-0.006365
2026-09-29,GLWB,-151875.16,-0.085211,-0.5324,0.052656,-0.031491,0.008863,0.031903,0.032983,-0.084562,-0.27676,-0.006365
2026-09-29,GROVE,6212.82,0.000986,1.0,0.0182,-0.040742,-0.026691,-0.030298,-0.018501,0.034039,0.03385,-0.006365
2026-09-29,GRT,-77296.89,-0.000241,-0.1252,-0.031512,-0.013481,-0.032751,-0.055068,-0.035818,-0.002056,-0.004431,-0.006365
2026-09-29,GRVT,0.0,0.0,0.0,0.009478,-0.003066,0.008912,0.004597,0.064015,0.006335,-0.017715,-0.006365
2026-09-29,HFT,28244.26,0.004968,0.6903,-0.029662,-0.013113,-0.011177,0.02053,0.279794,0.015344,0.023665,-0.006365
2026-09-29,HIGH,-3776.95,-0.001172,-0.0346,-0.028845,0.030733,-0.030281,3.2e-05,0.002005,0.008541,0.012521,-0.006365
2026-09-29,HOPR,-5009.12,-0.001,-1.0,-0.071429,-0.061931,-0.070336,-0.104589,-0.080046,-0.008891,-0.007223,-0.006365
2026-09-29,IMU,-4793.09,-0.002223,-0.0247,0.056153,-0.037086,-0.034406,-0.027795,-0.050972,0.024316,0.033285,-0.006365
2026-09-29,INTWB,-113583.28,-0.054096,-0.5031,-0.003844,0.077151,0.076723,0.058752,0.023265,0.41666,0.355176,-0.006365
2026-09-29,IRENB,-37857.62,-0.027831,-0.5538,-0.013393,-0.00957,-0.023241,0.009853,0.003596,-0.012481,-0.213186,-0.006365
2026-09-29,JASMY,508937.52,0.001951,0.6803,0.030299,-0.053198,0.063357,-0.005598,0.044592,0.005488,0.001714,-0.006365
2026-09-29,KAIO,-58361.02,-0.003197,-1.0,-0.236327,-0.092589,-0.239707,-0.204803,-0.26591,-0.033988,-0.042361,-0.006365
2026-09-29,KORUB,-398566.22,-0.208465,-0.8805,0.053192,-0.072454,-0.013923,0.066937,0.052742,-0.631691,-0.577753,-0.006365
2026-09-29,L3,3308.6,0.000712,0.0131,-0.039342,0.006456,0.006201,-0.00674,-0.035998,0.003017,0.006262,-0.006365
2026-09-29,LA,51563.01,0.003917,0.1084,0.023012,-0.000171,0.024463,-0.0325,-0.029363,0.032816,0.11431,-0.006365
2026-09-29,LCX,165118.18,0.004351,0.0332,0.127952,0.169831,0.165262,0.239273,0.327747,-0.041155,-0.020624,-0.006365
2026-09-29,LDO,498314.28,0.001296,0.4907,0.051731,-0.010306,-0.043214,-0.070515,-0.01531,0.005445,-0.004065,-0.006365
2026-09-29,LINK,-2380710.39,-0.000217,-0.2642,-0.029493,-0.028649,-0.015624,-0.071796,-0.044017,-0.000515,-0.000218,-0.006365
2026-09-29,LIT,-1289747.39,-0.001156,-0.4617,-0.00102,-0.143197,-0.124248,-0.199892,-0.194709,-0.000496,-0.002327,-0.006365
2026-09-29,LITEB,-228587.32,-0.045473,-0.9127,0.057369,-3.3e-05,0.073012,0.114633,0.125429,0.106287,-0.02234,-0.006365
2026-09-29,LMWR,-8473.72,-0.001528,-0.321,-0.001036,0.033043,0.051659,-0.012587,0.002911,-0.018309,-0.006422,-0.006365
2026-09-29,LPT,-50615.07,-0.0006,-1.0,0.027983,0.04219,0.008975,-0.038177,0.022453,-0.003361,-0.006508,-0.006365
2026-09-29,LRDS,0.0,0.0,0.0,-0.023051,0.09571,-0.039084,-0.029056,-0.000257,0.009029,0.013037,-0.006365
2026-09-29,MDT,-9540.9,-0.00193,-0.4178,0.041083,-0.024062,-0.068461,0.09049,0.036628,-0.004597,-0.004434,-0.006365
2026-09-29,METH,159965.56,0.000252,1.0,0.006385,-0.008157,0.003143,-0.00627,0.001114,0.028362,-0.036255,-0.006365
2026-09-29,MITO,5319.71,0.001946,1.0,0.003837,0.00123,0.032717,0.022417,0.056881,-0.002602,-0.002341,-0.006365
2026-09-29,MLN,10132.83,0.001992,0.0542,0.023413,-0.030373,-0.0076,-0.025556,-0.003336,-0.01293,0.001474,-0.006365
2026-09-29,MNT,-249233.96,-0.000113,-0.5404,0.005951,0.040041,0.028684,-0.018521,-0.035476,-0.000313,-0.00029,-0.006365
2026-09-29,MORPHO,-141688.5,-0.000108,-0.1122,-0.022807,0.007242,0.029271,0.032069,0.118757,-9.8e-05,0.000657,-0.006365
2026-09-29,MRVLB,-75816.39,-0.010097,-0.8388,0.042626,0.007069,0.022231,0.040183,0.040414,-0.033843,-0.127074,-0.006365
2026-09-29,MUUB,-94477.94,-0.054739,-0.8976,0.02231,0.001277,0.051963,0.01277,-0.002002,-0.122606,-0.218133,-0.006365
2026-09-29,MVLLB,-38108.52,-0.042419,-1.0,0.084612,0.015033,0.042013,0.079078,0.077899,-0.231872,-0.565428,-0.006365
2026-09-29,NBISB,-56409.87,-0.009257,-0.7804,0.023975,-0.00504,-0.021778,0.022163,0.021103,-0.074902,-0.170625,-0.006365
2026-09-29,NOKB,48101.0,0.023754,0.5399,0.027072,-0.022635,-0.000107,0.021478,0.016082,0.016857,0.108394,-0.006365
2026-09-29,NOM,168915.66,0.026893,0.4033,0.075418,0.061836,0.219942,0.152613,0.104403,0.084311,0.12449,-0.006365
2026-09-29,ONDO,1133591.9,0.000455,0.0784,0.000925,-0.043628,-0.033216,-0.061677,-0.030682,0.000396,0.000555,-0.006365
2026-09-29,ORCLB,-370984.73,-0.093755,-0.3029,0.038877,-0.003335,0.001676,0.033342,0.033025,0.096592,-0.055935,-0.006365
2026-09-29,PAXG,2036990.32,0.00112,0.3794,0.011186,-0.00407,0.00094,-0.007107,-0.007457,0.001371,0.004401,-0.006365
2026-09-29,PENDLE,-333621.65,-0.000821,-1.0,-0.00785,-0.002005,0.02206,-0.002031,0.052482,0.000895,-0.000326,-0.006365
2026-09-29,PEPE,-963720.06,-0.00055,-0.3745,0.019245,0.006268,0.048578,-0.014035,0.007814,-0.001424,-0.001059,-0.006365
2026-09-29,PLTRB,-21593.74,-0.011428,-1.0,-0.004272,0.004293,0.020605,0.011127,0.015259,-0.084437,-0.211505,-0.006365
2026-09-29,PLUME,60040.73,0.000512,0.0541,0.016027,0.034,0.048233,-0.002053,0.021141,0.008212,0.009008,-0.006365
2026-09-29,POL,398726.16,0.00032,0.6331,0.01118,-0.050075,-0.086385,-0.100757,-0.068782,0.0014,0.001962,-0.006365
2026-09-29,PRIME,-23964.54,-0.002715,-0.2259,-0.019536,-0.030173,-0.0165,-0.051628,-0.055302,-0.000475,-0.003468,-0.006365
2026-09-29,PROM,66493.2,0.000614,0.0646,-0.052131,0.093013,0.106876,0.05786,0.06912,0.003403,0.005735,-0.006365
2026-09-29,PTB,5824.49,0.000773,1.0,0.060682,-0.021277,-0.000114,-0.008816,0.032368,0.004819,0.045703,-0.006365
2026-09-29,QCOMB,9519.18,0.003145,0.3985,-0.019786,0.003642,-0.006929,0.007446,0.012557,0.043266,-0.010737,-0.006365
2026-09-29,QNTB,60455.82,0.07155,0.3862,-0.009184,-0.007772,-0.038979,-0.055973,-0.044046,0.247856,0.106773,-0.006365
2026-09-29,RE,-58672.88,-0.000773,-0.0711,0.037849,0.001718,0.073047,0.041081,0.063152,-0.005781,-0.010108,-0.006365
2026-09-29,RED,320367.89,0.003764,0.6868,0.014915,0.090337,0.092571,0.018545,0.112044,-7.776159,-7.773944,-0.006365
2026-09-29,RESOLV,2318.12,0.000256,0.0336,0.005594,-0.017627,0.037991,0.057615,0.034786,0.002311,-0.000803,-0.006365
2026-09-29,RKLBB,-101232.59,-0.040867,-0.6805,-0.03516,0.006152,0.015157,0.063152,0.067514,-0.171264,-0.369385,-0.006365
2026-09-29,RLS,5484.7,0.001548,0.1412,-0.016006,-0.051412,-0.110647,-0.040457,-0.055562,0.003251,0.021343,-0.006365
2026-09-29,RPL,46396.79,0.001024,0.1042,0.026208,-0.024538,-0.033806,-0.051919,-0.023876,0.001999,0.002036,-0.006365
2026-09-29,SAND,-89527.4,-0.000705,-1.0,0.020013,-0.008787,0.024755,0.424771,0.764591,0.005636,0.009035,-0.006365
2026-09-29,SD,14291.89,0.001569,0.0438,-0.033163,-0.016118,-0.032736,-0.048201,-0.026375,-0.00085,0.001752,-0.006365
2026-09-29,SHIB,-180530.28,-5.3e-05,-0.3208,0.021232,-0.004908,0.007881,-0.028596,-0.009157,-0.000245,-0.000414,-0.006365
2026-09-29,SKY,606600.67,0.000308,0.4171,0.087906,-0.091038,-0.009368,0.050324,0.101852,0.000533,0.001403,-0.006365
2026-09-29,SMCIB,-29061.33,-0.017162,-1.0,-0.020793,0.008252,0.022327,0.064226,0.064127,-0.076785,-0.037553,-0.006365
2026-09-29,SNDKB,-1017426.97,-0.034084,-0.8948,0.008964,0.008332,0.036593,-0.005558,-0.006405,0.023802,-0.583364,-0.006365
2026-09-29,SNXXB,-26557.29,-0.008694,-0.1605,0.01708,0.015944,0.073709,-0.013381,-0.017499,-0.018507,0.047968,-0.006365
2026-09-29,SOPH,15012.53,0.002122,1.0,0.032162,0.034178,0.082092,0.049646,0.095483,-0.016262,0.017281,-0.006365
2026-09-29,SPK,-215885.07,-0.002979,-1.0,0.059661,0.051193,0.016096,0.071987,0.050396,-0.008929,0.009053,-0.006365
2026-09-29,SPX,60773.68,0.000159,1.0,-0.009418,0.047605,0.066954,0.013888,0.057524,0.000282,-0.00076,-0.006365
2026-09-29,STO,5818.73,0.000592,0.1275,0.009551,-0.030818,-0.023433,-0.066012,-0.061191,0.017975,0.02037,-0.006365
2026-09-29,STRK,-618074.82,-0.001995,-0.7574,0.037384,0.011932,-0.012084,-0.023195,0.241308,-0.0008,0.004689,-0.006365
2026-09-29,SWELL,4588.68,0.001088,0.0492,-0.002734,0.019142,-0.008877,-0.015328,0.001394,-0.018327,-0.046714,-0.006365
2026-09-29,SYRUP,661836.7,0.002331,1.0,0.09782,-0.059201,-6.2e-05,-0.020783,0.072238,0.00391,0.007532,-0.006365
2026-09-29,TMX,18646.92,0.034958,0.0931,-0.008745,-0.021871,-0.012429,-0.013376,-0.027413,0.031519,-2.366986,-0.006365
2026-09-29,TQQQB,1999.7,0.000846,0.0075,0.006398,0.013617,0.018588,0.045589,0.051769,0.032042,0.081332,-0.006365
2026-09-29,TRAC,186504.36,0.001009,1.0,-0.003506,0.123019,0.186099,0.16436,0.211538,0.000328,0.001314,-0.006365
2026-09-29,TREE,140485.91,0.019988,0.5894,0.002918,-0.004119,0.003441,0.003032,0.035581,0.021461,0.094757,-0.006365
2026-09-29,TSMB,-7927.66,-0.001832,-1.0,0.009047,0.001055,0.005022,0.036781,0.036732,-0.00131,-0.006128,-0.006365
2026-09-29,UNI,-1297998.48,-0.000233,-0.2724,0.024988,-0.015892,0.012926,-0.030055,0.00609,0.000317,0.000351,-0.006365
2026-09-29,USARB,31750.66,0.033379,0.6128,-0.023726,0.005358,-0.019751,-0.035139,-0.025388,0.153895,0.100574,-0.006365
2026-09-29,VIRTUAL,164.19,0.0,0.0003,0.004607,-0.023727,-0.026257,-0.074046,-0.023641,-0.001183,-0.004241,-0.006365
2026-09-29,WBETH,-679318.08,-6.8e-05,-0.3087,0.005817,-0.007674,0.003214,-0.008264,0.001554,0.000394,0.000388,-0.006365
2026-09-29,WBTC,-893295.81,-9.2e-05,-0.7274,0.002623,0.000347,0.012824,0.006955,0.014854,-0.000171,-0.000452,-0.006365
2026-09-29,WDCB,-3803.7,-0.001921,-0.1118,0.00279,0.006251,0.018794,-0.08524,-0.091518,-0.082494,-0.166536,-0.006365
2026-09-29,WETH,55948.82,6e-06,1.0,0.005003,-0.00692,0.0022,-0.00876,0.001077,1.3e-05,3e-06,-0.006365
2026-09-29,WLD,-853529.7,-0.00045,-0.4015,0.023451,0.07468,0.015325,0.093007,0.193092,0.000257,-0.005984,-0.006365
2026-09-29,WLFI,-223174.54,-0.000124,-0.182,0.001903,-0.027407,-0.016047,-0.030873,-0.035733,-0.000267,-0.000516,-0.006365
2026-09-29,WSTETH,115413.86,9e-06,1.0,0.001922,-0.005075,0.002415,-0.007356,0.00044,-8e-06,2.4e-05,-0.006365
2026-09-29,XAUt,-20895512.24,-0.007059,-0.4244,0.010454,-0.003597,0.000741,-0.007111,-0.007415,0.096683,0.092448,-0.006365
2026-09-29,XCN,2555.5,1.3e-05,0.0078,0.007383,-0.044117,-0.037138,-0.031625,-0.020489,0.001841,-0.000276,-0.006365
2026-09-29,ZAMA,1690813.54,0.008883,0.5472,-0.054923,0.053272,0.015615,-0.008402,0.181142,0.018018,0.015702,-0.006365
2026-09-29,ZKJ,-55034.72,-0.010191,-0.0553,-0.001385,-0.00066,-0.001369,-0.034063,-0.03627,0.021226,0.031188,-0.006365
2026-09-29,ZRO,29157493.99,0.047736,0.9819,0.015029,0.062191,0.194481,0.127057,0.288617,0.046299,0.048326,-0.006365
2026-09-29,cbETH,-1422946.01,-0.002786,-0.8897,0.005565,-0.007352,0.002028,-0.008901,0.001046,-0.001781,0.000639,-0.006365
2026-09-29,stETH,-1682085.48,-6.4e-05,-0.8979,0.004446,-0.005592,0.002568,-0.009067,0.001725,-0.000124,-0.000186,-0.006365
2026-09-30,A8,15356.13,0.004293,0.1618,0.023226,-0.040566,-0.022507,-0.018389,,-0.000616,-0.041391,0.041463
2026-09-30,AAOIB,112000.12,0.02283,0.6641,-0.011683,0.078165,0.16372,0.165797,,0.125368,0.076121,0.041463
2026-09-30,AAVE,-3850657.89,-0.001578,-0.296,-0.044995,0.069126,0.140895,0.137551,,-0.001075,-0.005928,0.041463
2026-09-30,AIOZ,82716.56,0.000564,0.0269,0.000608,-0.023448,-0.05767,-0.01865,,0.004301,0.000943,0.041463
2026-09-30,ALCX,12245.86,0.001695,0.5027,0.009396,0.010231,-0.019408,-0.019446,,0.004485,0.000969,0.041463
2026-09-30,AMATB,-17756.08,-0.006681,-1.0,0.00316,0.032134,0.048178,0.052969,,-0.09396,-0.144573,0.041463
2026-09-30,AMZNB,76707.64,0.022237,1.0,0.012253,-0.006716,0.006444,0.008439,,0.067745,0.140968,0.041463
2026-09-30,APE,163726.36,0.001097,0.1079,0.000809,-0.007116,0.088042,0.086252,,0.005163,0.00031,0.041463
2026-09-30,ARKM,175997.43,0.005915,1.0,0.02148,-0.003419,-0.027389,0.002059,,0.025757,0.023014,0.041463
2026-09-30,ARMB,-877.74,-0.000367,-0.0094,-0.01456,0.014155,0.06523,0.064732,,0.026574,-0.222707,0.041463
2026-09-30,ASMLB,-14813.61,-0.003813,-0.3835,-0.009152,-0.001331,0.030463,0.027261,,-0.02727,0.007552,0.041463
2026-09-30,ATH,-71240.77,-0.000598,-0.4152,-0.026863,-0.011697,0.103509,0.212293,,-0.003271,-0.004293,0.041463
2026-09-30,AVGOB,-141771.23,-0.011798,-0.5695,-0.007885,-0.021011,0.009294,0.010173,,-0.044074,-0.160373,0.041463
2026-09-30,AVT,-17564.17,-0.009485,-0.1955,0.152105,-0.068851,-0.092378,-0.123692,,-0.055293,-0.050955,0.041463
2026-09-30,AXS,-303737.72,-0.001529,-0.6889,-0.004284,0.013156,0.035297,0.055734,,-0.00255,-0.006357,0.041463
2026-09-30,AXTIB,-95237.75,-0.024106,-0.7385,-0.008742,0.054431,0.104774,0.09906,,-0.057322,-0.184048,0.041463
2026-09-30,BAL,13677.17,0.001463,1.0,-0.005006,-0.015785,-0.01457,-0.007885,,0.004321,0.0053,0.041463
2026-09-30,BEAM,697089.78,0.006972,0.0503,-0.049798,5.114093,4.937417,0.090975,,0.049088,0.037311,0.041463
2026-09-30,BEB,-35601.26,-0.013479,-0.3883,-0.044765,-0.003057,0.044314,0.033175,,-0.099217,-0.20721,0.041463
2026-09-30,BILL,-50163.43,-0.001822,-1.0,0.00069,0.013667,-0.07507,-0.030442,,0.123932,0.170091,0.041463
2026-09-30,BLUR,192530.65,0.002977,0.6009,0.13747,-0.070974,-0.092036,-0.030366,,-0.00247,-0.015153,0.041463
2026-09-30,BMNRB,38307.01,0.003941,0.0414,-0.011641,0.010836,-0.006165,0.002771,,0.151433,0.216779,0.041463
2026-09-30,BNT,9956.47,0.000286,0.0037,-0.023984,0.016508,-0.002859,0.009163,,0.006649,0.006691,0.041463
2026-09-30,BOBA,189188.1,0.018512,0.1046,0.009343,0.010776,0.037358,0.056031,,0.00228,-0.00407,0.041463
2026-09-30,CAP,-179943.4,-0.001687,-0.4321,0.133615,0.257152,0.11661,-0.000816,,-0.027508,-0.050511,0.041463
2026-09-30,CBBTC,-3057298.69,-0.000394,-0.2852,0.000768,0.012305,0.007172,0.014099,,-0.001463,-0.000954,0.041463
2026-09-30,CBRSB,391560.39,0.18593,0.9552,-0.084204,-0.047964,-0.069013,-0.000894,,0.200115,-0.130077,0.041463
2026-09-30,CBXRP,64882.5,0.000324,1.0,-0.003149,0.005274,-0.012557,-0.000996,,0.000865,-0.001989,0.041463
2026-09-30,CFG,206265.68,0.002435,1.0,-0.050459,-0.008209,-0.028422,0.030732,,0.010964,-6.5e-05,0.041463
2026-09-30,CHZ,-500439.29,-0.002948,-1.0,0.003599,0.003401,-0.000238,0.069681,,-0.004797,-0.005016,0.041463
2026-09-30,COHRB,16449.8,0.005455,0.4371,-0.015434,0.107285,0.171537,0.166068,,-0.01646,-0.151256,0.041463
2026-09-30,COINB,-372254.63,-0.022375,-1.0,-0.013829,0.012412,-0.022543,-0.014051,,-0.076698,-0.116813,0.041463
2026-09-30,COINon,77994.83,0.008429,1.0,-0.012124,0.012095,-0.02343,-0.016962,,0.001119,0.00186,0.041463
2026-09-30,COMP,732781.65,0.002983,0.0992,-0.008367,-0.030768,-0.034279,0.034616,,0.003539,0.004659,0.041463
2026-09-30,CRCLB,4293257.14,0.033478,0.6285,-0.015618,0.01047,-0.016395,-0.001545,,0.039639,0.048864,0.041463
2026-09-30,CRDOB,-22291.45,-0.018658,-0.426,0.012692,0.075697,0.122275,0.116343,,-0.084177,-0.541823,0.041463
2026-09-30,CREO,17794.83,0.007011,0.2852,0.299701,-0.086476,0.000255,0.04827,,-0.00745,0.008556,0.041463
2026-09-30,CRO,243571.02,7.4e-05,0.7086,-0.032064,0.023379,-0.010852,-0.00786,,-9e-06,-6.3e-05,0.041463
2026-09-30,CRV,-333688.15,-0.000547,-0.1994,0.009631,-0.020391,-0.068353,-0.011326,,2.3e-05,0.002381,0.041463
2026-09-30,CRWVB,9051.91,0.005566,0.1211,0.013964,0.014378,0.027406,0.022884,,-0.047069,-0.051092,0.041463
2026-09-30,CVC,-60345.88,-0.001939,-0.3321,0.042871,-0.005649,-0.040687,-0.043119,,-0.006118,-0.005229,0.041463
2026-09-30,CYBER,-5317.3,-0.000217,-0.0221,-0.022442,0.00442,-0.033782,-0.008028,,-0.006936,-0.029779,0.041463
2026-09-30,DOS,59980.7,0.001393,1.0,0.002956,-0.0039,-0.014401,-0.005132,,0.004374,-0.001888,0.041463
2026-09-30,DRV,391318.4,0.001378,1.0,-0.00604,0.001831,0.031671,0.00287,,0.002766,0.003233,0.041463
2026-09-30,EIGEN,731342.73,0.003118,1.0,-0.040656,0.027222,-0.015991,0.072706,,0.005754,0.020278,0.041463
2026-09-30,ELA,678.4,8.5e-05,0.0014,0.004051,0.079634,0.051937,0.112214,,-0.005786,-0.008194,0.041463
2026-09-30,ENA,2176622.81,0.00082,0.1919,0.053823,-0.064668,-0.106012,-0.095722,,0.001941,0.004016,0.041463
2026-09-30,ENS,203953.43,0.000696,1.0,-0.012764,-0.006151,-0.038825,-0.013478,,0.002941,-0.003608,0.041463
2026-09-30,ERA,-171848.68,-0.017401,-0.4701,-0.001677,0.007346,-0.033878,-0.024072,,0.001799,-0.011527,0.041463
2026-09-30,ETHFI,-5168692.38,-0.007034,-0.8054,-0.022496,-0.037165,-0.097204,-0.058568,,-0.007604,-0.007241,0.041463
2026-09-30,EWYB,316485.46,0.041661,1.0,-0.023517,0.021083,0.049956,0.048566,,-0.035756,-0.182701,0.041463
2026-09-30,FARM,-14868.84,-0.00287,-0.239,-0.080966,0.015604,0.006756,0.01325,,0.003495,-0.02013,0.041463
2026-09-30,FET,-1317909.12,-0.00255,-0.1957,-0.01701,0.028713,-0.028687,0.012332,,0.002241,0.000476,0.041463
2026-09-30,FF,18810.32,4.6e-05,0.0345,0.053972,-0.033142,-0.094663,-0.105362,,-0.000894,-0.001274,0.041463
2026-09-30,FORT,4649.55,0.000455,0.0066,-0.039502,-0.031324,-0.000498,0.003828,,0.010934,0.002638,0.041463
2026-09-30,FORTH,-7404.34,-0.001806,-0.1004,0.017097,-0.002098,-0.011369,-0.018237,,-0.002214,0.022745,0.041463
2026-09-30,GALA,84710.11,0.00074,1.0,0.021516,0.011305,0.113782,0.108137,,-0.000235,0.000722,0.041463
2026-09-30,GFI,204279.3,0.056627,0.7267,-0.075842,-0.052179,-0.066837,-0.053091,,0.077821,0.050013,0.041463
2026-09-30,GLWB,25645.44,0.016403,1.0,-0.031491,0.041666,0.065455,0.06605,,-0.099407,0.085306,0.041463
2026-09-30,GROVE,0.0,0.0,0.0,-0.040742,0.014648,0.010888,0.025396,,0.032995,0.03239,0.041463
2026-09-30,GRT,607715.14,0.001921,0.6427,-0.013481,-0.019534,-0.042156,-0.029448,,-0.000135,-0.002203,0.041463
2026-09-30,GRVT,308.15,1.3e-05,0.0017,-0.003066,0.012015,0.007686,0.041376,,0.005747,-0.014919,0.041463
2026-09-30,GTC,114236.75,0.013991,0.3488,0.077195,0.286166,0.619301,0.206845,,0.010583,0.009543,0.041463
2026-09-30,HFT,1752.39,0.000312,0.019,-0.013113,0.001961,0.03409,0.34472,,0.015111,0.023612,0.041463
2026-09-30,HIGH,0.0,0.0,0.0,0.030733,-0.059195,-0.029785,0.000718,,0.006707,0.012045,0.041463
2026-09-30,HOPR,0.0,0.0,0.0,-0.061931,-0.008959,-0.045473,-0.048243,,-0.000241,-0.007336,0.041463
2026-09-30,IMU,-3130.74,-0.001508,-0.0227,-0.037086,0.002783,0.009649,0.004172,,0.047474,0.033531,0.041463
2026-09-30,IMX,-26594.64,-8.1e-05,-0.1648,-0.003151,0.046185,0.050215,0.106373,,-0.000238,-0.002897,0.041463
2026-09-30,INTWB,-29424.35,-0.014056,-1.0,0.077151,-0.000397,-0.017081,-0.039146,,0.48264,0.241657,0.041463
2026-09-30,IRENB,16129.67,0.012456,0.5399,-0.00957,-0.013803,0.019611,0.014573,,-0.020827,-0.159445,0.041463
2026-09-30,JASMY,264044.52,0.001069,0.3736,-0.053198,0.123104,0.050274,0.078391,,0.006155,0.003475,0.041463
2026-09-30,KORUB,1810377.38,0.577331,0.9196,-0.072454,0.063103,0.150279,0.139606,,-0.191308,-0.002446,0.041463
2026-09-30,L3,48235.78,0.01031,0.2034,0.006456,-0.000253,-0.013111,-0.025355,,0.016426,0.015106,0.041463
2026-09-30,LA,53369.77,0.004055,0.1159,-0.000171,0.024639,-0.032334,-0.024737,,0.042642,0.092291,0.041463
2026-09-30,LBTC,-409283.4,-0.000413,-0.5653,-0.001863,0.007586,0.003708,0.012595,,-0.001341,-0.001303,0.041463
2026-09-30,LCX,28739.47,0.000647,0.0149,0.169831,-0.003906,0.059361,0.131848,,-0.02077,-0.016914,0.041463
2026-09-30,LDO,2998573.23,0.007878,0.2327,-0.010306,-0.03325,-0.060836,0.008426,,0.013319,0.005109,0.041463
2026-09-30,LINK,4554318.96,0.000427,0.2014,-0.028649,0.013409,-0.044419,-0.019124,,-1.1e-05,0.000186,0.041463
2026-09-30,LIT,5332581.43,0.005578,0.1865,-0.143197,0.022115,-0.06617,-0.068721,,0.005124,0.003457,0.041463
2026-09-30,LITEB,-299922.77,-0.06124,-0.6146,-3.3e-05,0.073047,0.114669,0.123539,,0.0064,-0.070023,0.041463
2026-09-30,LMWR,52012.55,0.009055,0.1955,0.033043,0.018021,-0.044171,-0.029618,,-0.004915,-0.005393,0.041463
2026-09-30,LPT,-38588.87,-0.000439,-0.0621,0.04219,-0.03187,-0.077113,-0.004508,,-0.003038,-0.007699,0.041463
2026-09-30,LRDS,10681.59,0.013429,1.0,0.09571,-0.123019,-0.113867,-0.108524,,0.007401,0.04563,0.041463
2026-09-30,MASK,-17651.63,-0.000386,-0.1485,0.01479,0.014803,0.035077,0.059248,,-0.001773,-0.005818,0.041463
2026-09-30,MAVIA,-13333.62,-0.001687,-1.0,-0.013769,0.00287,0.012926,0.058668,,-0.007596,0.013102,0.041463
2026-09-30,MDT,-11087.13,-0.002299,-1.0,-0.024062,-0.045494,0.117376,0.054029,,-0.009169,-0.008556,0.041463
2026-09-30,METH,-89582.18,-0.000142,-1.0,-0.008157,0.011393,0.001903,0.003103,,0.018131,0.029094,0.041463
2026-09-30,MLN,-20544.15,-0.004165,-0.333,-0.030373,0.023486,0.004967,0.00853,,-0.003146,-0.002649,0.041463
2026-09-30,MNT,1076467.06,0.000471,0.0797,0.040041,-0.01092,-0.056307,-0.074484,,0.000216,0.000234,0.041463
2026-09-30,MORPHO,-19331.1,-1.5e-05,-0.0039,0.007242,0.021871,0.024649,0.110866,,3.7e-05,0.000423,0.041463
2026-09-30,MRVLB,122057.92,0.016289,0.2635,0.007069,0.015056,0.032882,0.03184,,-0.009036,-0.088563,0.041463
2026-09-30,MUUB,-4824.74,-0.00272,-0.0167,0.001277,0.050622,0.011479,0.002571,,-0.108254,-0.198034,0.041463
2026-09-30,MVLLB,-58364.14,-0.066626,-1.0,0.015033,0.02658,0.063096,0.060436,,-0.185098,-0.646763,0.041463
2026-09-30,NBISB,-63646.87,-0.010398,-0.2283,-0.00504,-0.016824,0.027341,0.023605,,-0.045422,-0.177244,0.041463
2026-09-30,NEXO,403.04,1e-06,0.0026,0.002884,-0.005709,-0.00335,-0.008038,,-0.000189,-0.000389,0.041463
2026-09-30,NOKB,38831.49,0.019334,1.0,-0.022635,0.02305,0.045135,0.04069,,0.059762,0.117543,0.041463
2026-09-30,NOM,32007.36,0.004799,0.0457,0.061836,0.148899,0.08549,0.012868,,0.083309,0.130906,0.041463
2026-09-30,ONDO,4300706.96,0.001805,0.2645,-0.043628,0.010887,-0.018872,0.005725,,0.002292,0.002433,0.041463
2026-09-30,ORCLB,113980.53,0.028537,0.7266,-0.003335,0.005028,0.0368,0.033644,,-0.055981,0.016582,0.041463
2026-09-30,PAXG,1242355.01,0.000686,0.156,-0.00407,0.005031,-0.003049,-0.003964,,0.001998,0.005122,0.041463
2026-09-30,PENDLE,1855781.3,0.004573,0.124,-0.002005,0.024113,-2.6e-05,0.018136,,0.004508,0.004437,0.041463
2026-09-30,PEPE,2570655.42,0.001459,0.3178,0.006268,0.042046,-0.020177,0.011952,,0.000481,0.000375,0.041463
2026-09-30,PLTRB,-30622.98,-0.016064,-0.3521,0.004293,0.016241,0.006805,0.009683,,-0.059488,-0.208363,0.041463
2026-09-30,PLUME,359598.03,0.002965,0.3114,0.034,0.013765,-0.034867,-0.024229,,0.012244,0.008789,0.041463
2026-09-30,POL,726991.99,0.000614,0.0701,-0.050075,-0.038225,-0.053354,-0.016481,,0.002733,0.002495,0.041463
2026-09-30,PRIME,12029.37,0.001405,0.5405,-0.030173,0.014098,-0.022122,-0.028401,,0.010276,0.00145,0.041463
2026-09-30,PROM,-59556.94,-0.000503,-0.1185,0.093013,0.012683,-0.032161,-0.03751,,0.000811,0.004632,0.041463
2026-09-30,PTB,8003.4,0.001082,1.0,-0.021277,0.021623,0.012732,0.040483,,0.003944,0.035362,0.041463
2026-09-30,PUMP,0.0,0.0,0.0,0.012873,-0.211072,-0.206908,-0.148307,,-0.010341,-0.01441,0.041463
2026-09-30,QCOMB,35904.11,0.011691,1.0,0.003642,-0.010532,0.003791,0.007344,,0.017283,-0.067768,0.041463
2026-09-30,QNTB,-8456.9,-0.010572,-1.0,-0.007772,-0.031451,-0.048579,-0.03913,,0.214297,0.148934,0.041463
2026-09-30,RED,-105794.68,-0.001138,-0.5041,0.090337,0.002049,-0.065844,0.037811,,-7.786081,-7.774539,0.041463
2026-09-30,RESOLV,13848.58,0.001556,1.0,-0.017627,0.056616,0.076592,0.062239,,0.003867,0.000753,0.041463
2026-09-30,RKLBB,36725.46,0.014924,0.289,0.006152,0.00895,0.056652,0.059929,,-0.107799,-0.330939,0.041463
2026-09-30,RLS,-11948.8,-0.003555,-0.218,-0.051412,-0.062445,0.01155,-0.009673,,-0.00892,0.019442,0.041463
2026-09-30,RPL,-66216.95,-0.001498,-0.336,-0.024538,-0.009501,-0.02807,-0.000657,,-0.000268,0.000538,0.041463
2026-09-30,SD,1824.12,0.000203,0.0066,-0.016118,-0.016891,-0.032609,-0.044152,,-0.001847,-0.002148,0.041463
2026-09-30,SENT,70688.21,0.000459,1.0,0.032096,0.010617,-0.039798,0.028407,,-0.003974,-0.01154,0.041463
2026-09-30,SHIB,-156240.49,-4.6e-05,-0.3716,-0.004908,0.012852,-0.023805,0.006006,,-0.000272,-0.000441,0.041463
2026-09-30,SKY,-35643.46,-2e-05,-0.015,-0.091038,0.089849,0.15552,0.154638,,0.000508,0.001251,0.041463
2026-09-30,SMCIB,-7796.63,-0.004566,-1.0,0.008252,0.013959,0.055515,0.057766,,-0.050877,-0.05583,0.041463
2026-09-30,SMHB,-10621.22,-0.007814,-1.0,0.005826,0.014086,0.034335,0.036746,,0.027058,0.084188,0.041463
2026-09-30,SNDKB,-2593277.94,-0.086922,-0.8188,0.008332,0.028027,-0.013776,-0.014966,,-0.072408,-0.674038,0.041463
2026-09-30,SNXXB,132577.73,0.041217,0.4244,0.015944,0.056858,-0.028865,-0.033318,,0.008281,0.081017,0.041463
2026-09-30,SOPH,18508.12,0.00253,1.0,0.034178,0.04633,0.014956,0.024027,,-0.003051,0.022923,0.041463
2026-09-30,SPK,-87726.5,-0.001152,-1.0,0.051193,-0.033387,0.019782,0.003568,,-0.010425,-0.011859,0.041463
2026-09-30,SPX,-9370.56,-2.3e-05,-0.0092,0.047605,0.01847,-0.032185,0.042161,,0.000435,-0.000452,0.041463
2026-09-30,STO,-16187.22,-0.001701,-1.0,-0.030818,0.00762,-0.036313,-0.033839,,0.015171,0.017386,0.041463
2026-09-30,STRK,595251.63,0.001898,0.836,0.011932,-0.023733,-0.034713,0.203484,,-0.000558,0.005216,0.041463
2026-09-30,SWELL,26532.0,0.006173,1.0,0.019142,-0.027493,-0.033822,-0.04129,,0.006252,-0.036869,0.041463
2026-09-30,SYN,-122002.73,-0.003265,-0.3739,-0.046024,0.186302,0.086259,0.145923,,0.001895,0.014322,0.041463
2026-09-30,SYRUP,461080.1,0.001726,0.0755,-0.059201,0.062861,0.040836,0.135772,,0.007619,0.008393,0.041463
2026-09-30,TMX,1839543.68,3.5258,0.3928,-0.021871,0.009654,0.008685,-0.065519,,3.515135,3.400082,0.041463
2026-09-30,TQQQB,72294.3,0.030228,0.2019,0.013617,0.004904,0.031543,0.036831,,0.065545,0.198131,0.041463
2026-09-30,TRAC,133083.46,0.000641,0.2115,0.123019,0.056169,0.036812,0.107845,,0.000435,0.002023,0.041463
2026-09-30,TREE,69681.02,0.009955,0.2728,-0.004119,0.007592,0.007181,0.028174,,0.034215,0.078571,0.041463
2026-09-30,TSMB,-23212.5,-0.005327,-0.2827,0.001055,0.003963,0.035689,0.03406,,0.010775,-0.010176,0.041463
2026-09-30,UNI,6268845.08,0.001144,0.2446,-0.015892,0.029283,-0.014392,0.019686,,0.001485,0.001273,0.041463
2026-09-30,USARB,-12274.38,-0.012622,-0.2647,0.005358,-0.024976,-0.040282,-0.030579,,0.156988,0.072023,0.041463
2026-09-30,VIRTUAL,135073.96,0.00026,1.0,-0.023727,-0.002592,-0.051542,0.003901,,-0.000941,-0.003871,0.041463
2026-09-30,WBETH,-19376.77,-2e-06,-0.0522,-0.007674,0.010972,-0.000595,0.006164,,0.000452,0.000416,0.041463
2026-09-30,WBTC,-332593.27,-3.4e-05,-0.0936,0.000347,0.012473,0.006606,0.014199,,-0.0002,-0.000498,0.041463
2026-09-30,WDCB,-33705.66,-0.017074,-1.0,0.006251,0.012466,-0.090922,-0.0973,,-0.051233,-0.186585,0.041463
2026-09-30,WETH,-44307.34,-5e-06,-0.0832,-0.00692,0.009184,-0.001852,0.00427,,-6e-06,7e-06,0.041463
2026-09-30,WLD,3953580.64,0.001887,0.414,0.07468,-0.05523,0.017053,0.112523,,0.002309,-0.004086,0.041463
2026-09-30,WLFI,8520156.52,0.004858,0.7372,-0.027407,0.011681,-0.003563,-0.009172,,0.004561,0.004423,0.041463
2026-09-30,WSTETH,99895.13,8e-06,0.0091,-0.005075,0.007528,-0.002293,0.00263,,9e-06,3.2e-05,0.041463
2026-09-30,XAUt,-12750743.39,-0.004323,-0.3368,-0.003597,0.004354,-0.003526,-0.004291,,0.092723,0.088202,0.041463
2026-09-30,XCN,441765.84,0.002403,0.4327,-0.044117,0.007301,0.013068,0.034912,,0.002133,0.001739,0.041463
2026-09-30,ZAMA,302711.82,0.001506,0.2326,0.053272,-0.035752,-0.058554,0.12209,,0.020261,0.017971,0.041463
2026-09-30,ZKC,40313.45,0.001787,0.0472,0.008162,-0.002932,-0.01489,0.000551,,0.00297,0.016615,0.041463
2026-09-30,ZKJ,-159881.4,-0.029625,-0.3415,-0.00066,-0.000709,-0.033425,-0.036348,,-0.010643,-0.009852,0.041463
2026-09-30,ZRO,7326831.81,0.011293,0.5233,0.062191,0.124545,0.061069,0.240935,,0.057869,0.059247,0.041463
2026-09-30,cbETH,2207599.31,0.004351,0.3628,-0.007352,0.009449,-0.00156,0.004573,,0.00277,0.006679,0.041463
2026-09-30,stETH,-1119083.0,-4.3e-05,-0.6479,-0.005592,0.008206,-0.003495,0.003277,,-0.000161,-0.000208,0.041463
2026-10-01,A8,1164.95,0.000339,0.0266,-0.040566,0.018822,0.023114,0.011358,,-0.000417,-0.044022,0.04199
2026-10-01,AAOIB,-757018.26,-0.141078,-0.8905,0.078165,0.079352,0.081279,0.085939,,-0.04308,-0.066469,0.04199
2026-10-01,AAVE,-7291810.4,-0.002796,-0.3324,0.069126,0.067129,0.064001,0.078114,,-0.00433,-0.008793,0.04199
2026-10-01,AERGO,-6281.33,-0.00137,-1.0,-0.025437,0.027576,0.025964,0.020516,,0.001574,-0.003474,0.04199
2026-10-01,AIOZ,-157927.96,-0.001102,-0.0474,-0.023448,-0.035045,0.004913,-0.004082,,0.005195,-0.000579,0.04199
2026-10-01,ALCX,11601.95,0.00159,1.0,0.010231,-0.029339,-0.029377,-0.024425,,0.004638,0.002157,0.04199
2026-10-01,ALT,-3123157.82,-0.535686,-1.0,-0.058876,0.040363,0.010213,0.035434,,-0.521759,-0.531898,0.04199
2026-10-01,AMATB,-16574.23,-0.006072,-1.0,0.032134,0.015545,0.020187,0.019159,,-0.090063,-0.161898,0.04199
2026-10-01,AMDon,-26598.32,-0.002703,-1.0,0.007869,0.026557,0.025981,0.026175,,-0.001895,-0.007558,0.04199
2026-10-01,AMZNB,112599.69,0.031241,0.8734,-0.006716,0.013248,0.015257,0.016802,,0.082703,0.160971,0.04199
2026-10-01,APE,-5203006.78,-0.035126,-0.7732,-0.007116,0.095839,0.094037,0.101306,,-0.034131,-0.034471,0.04199
2026-10-01,API3,-98749.33,-0.004064,-1.0,-0.019054,-0.042109,0.050886,0.052742,,0.005961,0.00958,0.04199
2026-10-01,ARKM,-534092.55,-0.018013,-1.0,-0.003419,-0.024052,0.005496,0.000638,,0.007887,0.001963,0.04199
2026-10-01,ARMB,24473.99,0.009337,0.0522,0.014155,0.050361,0.049871,0.050583,,0.04582,-0.218741,0.04199
2026-10-01,ASMLB,-1984.58,-0.000513,-0.0643,-0.001331,0.031837,0.028631,0.029925,,-0.025736,-0.010944,0.04199
2026-10-01,ATH,-1096576.04,-0.009309,-0.8611,-0.011697,0.116569,0.226641,0.224325,,-0.011471,-0.013114,0.04199
2026-10-01,AVGOB,399455.59,0.030577,0.5093,-0.021011,0.030955,0.031853,0.031502,,-0.014955,-0.082485,0.04199
2026-10-01,AVGOon,-7146.34,-0.001493,-1.0,-0.019567,0.027339,0.030189,0.028045,,-0.001146,-0.004303,0.04199
2026-10-01,AXS,-488725.03,-0.002428,-1.0,0.013156,0.021854,0.042025,0.139176,,-0.005393,-0.008494,0.04199
2026-10-01,AXTIB,-33713.75,-0.008273,-0.4938,0.054431,0.047745,0.042325,0.046905,,-0.049968,-0.12172,0.04199
2026-10-01,BARD,-145827.91,-0.002926,-1.0,-0.005299,-0.028729,-0.010986,-0.005632,,-0.008182,-0.018413,0.04199
2026-10-01,BEAM,-4473858.29,-2.490479,-0.835,5.114093,-0.028896,-0.821564,-0.021373,,-2.445298,-2.433497,0.04199
2026-10-01,BEB,16886.74,0.006243,0.0951,-0.003057,0.047517,0.036343,0.035637,,-0.100731,-0.009254,0.04199
2026-10-01,BLUR,-21212.21,-0.000353,-0.0678,-0.070974,-0.022671,0.04371,0.040399,,-0.001456,-0.014075,0.04199
2026-10-01,BMNRB,324111.51,0.033123,0.8641,0.010836,-0.016819,-0.007979,-0.005252,,0.15493,0.2432,0.04199
2026-10-01,BNT,-6925.8,-0.000196,-0.0025,0.016508,-0.019053,-0.007226,-0.007716,,0.006483,0.006524,0.04199
2026-10-01,BOBA,50.31,5e-06,0.001,0.010776,0.026299,0.044773,0.024727,,0.001904,-0.003804,0.04199
2026-10-01,CAP,2052758.8,0.015307,0.8138,0.257152,-0.111794,-0.2052,-0.19994,,0.017723,-0.028716,0.04199
2026-10-01,CBBTC,2380544.91,0.000303,0.1501,0.012305,-0.00507,0.001772,0.001801,,-0.001402,-0.000643,0.04199
2026-10-01,CBRSB,828165.49,0.296196,0.7746,-0.047964,-0.022109,0.049441,0.094318,,0.512457,0.222743,0.04199
2026-10-01,CBXRP,-207.92,-1e-06,-0.0018,0.005274,-0.017738,-0.006238,-0.005607,,0.000614,-0.00116,0.04199
2026-10-01,CFG,128754.42,0.001532,0.2612,-0.008209,-0.02038,0.039264,0.05361,,0.013122,0.006627,0.04199
2026-10-01,CHZ,-356283.12,-0.002092,-0.7746,0.003401,-0.003627,0.066056,0.05673,,-0.006564,-0.006761,0.04199
2026-10-01,COHRB,60289.18,0.017282,0.2239,0.107285,0.058027,0.053088,0.056025,,0.01244,-0.041099,0.04199
2026-10-01,COINB,135384.77,0.00808,1.0,0.012412,-0.034526,-0.026139,-0.025852,,-0.035674,-0.100311,0.04199
2026-10-01,COINon,5484.23,0.000585,0.2293,0.012095,-0.035101,-0.02871,-0.026975,,0.002224,0.003588,0.04199
2026-10-01,COMP,-429637.52,-0.001805,-0.7967,-0.030768,-0.003622,0.06746,0.049624,,0.001824,0.003048,0.04199
2026-10-01,CRCLB,1245210.06,0.009394,0.5593,0.01047,-0.026587,-0.011891,-0.005964,,0.048125,0.056661,0.04199
2026-10-01,CRCLon,222533.47,0.002219,0.5677,0.01133,-0.029872,-0.013086,-0.007183,,0.00449,0.005255,0.04199
2026-10-01,CRDOB,-204866.75,-0.161418,-0.7061,0.075697,0.043301,0.037786,0.038314,,-0.173083,-0.664255,0.04199
2026-10-01,CREO,0.0,0.0,0.0,-0.086476,0.094941,0.147502,0.223441,,0.011623,0.022495,0.04199
2026-10-01,CRO,-1546136.99,-0.000456,-0.9187,0.023379,-0.033449,-0.030525,-0.019952,,-0.000449,-0.000519,0.04199
2026-10-01,CRV,-3281271.6,-0.005491,-0.4998,-0.020391,-0.048961,0.009253,-0.015026,,-0.005751,-0.003213,0.04199
2026-10-01,CRWVB,-16197.25,-0.009803,-0.5613,0.014378,0.012844,0.008386,0.008596,,-0.03883,-0.120669,0.04199
2026-10-01,CTC,-0.84,-0.0,-0.0,0.014794,-0.027327,-0.010835,-0.001186,,-0.001215,-0.001083,0.04199
2026-10-01,CVC,5160.57,0.000167,0.0457,-0.005649,-0.035237,-0.037683,-0.0418,,-0.0047,-0.00743,0.04199
2026-10-01,CYBER,-64301.2,-0.002607,-1.0,0.00442,-0.038034,-0.012393,-0.002057,,-0.007583,-0.029602,0.04199
2026-10-01,DRV,-284921.56,-0.001002,-0.2117,0.001831,0.029785,0.001037,0.058663,,0.00256,0.001836,0.04199
2026-10-01,EDGE,-3263405.13,-0.018645,-1.0,-0.030111,-0.040537,-0.064539,-0.029112,,-0.019528,-0.017442,0.04199
2026-10-01,EIGEN,194929.54,0.000807,0.111,0.027222,-0.042067,0.044279,0.060319,,0.006264,0.021155,0.04199
2026-10-01,ELA,36301.88,0.004193,0.0661,0.079634,-0.025654,0.030177,0.045062,,-0.001298,-0.00408,0.04199
2026-10-01,ENA,1745855.97,0.000703,0.0847,-0.064668,-0.044203,-0.033201,-0.034092,,0.002187,0.004789,0.04199
2026-10-01,ENS,-1302011.5,-0.00447,-1.0,-0.006151,-0.032876,-0.007372,-0.011576,,-0.001919,-0.002495,0.04199
2026-10-01,ERA,-85847.12,-0.008629,-0.3636,0.007346,-0.040923,-0.031189,-0.031919,,-0.006792,-0.009118,0.04199
2026-10-01,ETHFI,-3223078.29,-0.004555,-0.9127,-0.037165,-0.062356,-0.022229,0.003176,,-0.012082,-0.011877,0.04199
2026-10-01,EWYB,16026.1,0.002056,1.0,0.021083,0.028277,0.026915,0.02518,,-0.038334,-0.198143,0.04199
2026-10-01,FARM,-2133.85,-0.000406,-0.0185,0.015604,-0.008712,-0.002318,-0.015757,,0.004033,-0.02165,0.04199
2026-10-01,FET,-167292.01,-0.000313,-0.0122,0.028713,-0.055798,-0.015924,-0.038411,,0.002213,-8.7e-05,0.04199
2026-10-01,FF,-3835225.36,-0.009164,-1.0,-0.033142,-0.06363,-0.074696,-0.080592,,-0.010011,-0.01233,0.04199
2026-10-01,FLOKI,-1115711.8,-0.004236,-0.89,0.005716,-0.033953,-0.007778,-0.017581,,-0.003475,-0.003488,0.04199
2026-10-01,FORT,3569.8,0.000359,0.0085,-0.031324,0.031823,0.036289,0.028875,,0.0113,0.00522,0.04199
2026-10-01,FORTH,1670.22,0.000408,0.1345,-0.002098,-0.009291,-0.016173,-0.011626,,-0.00053,0.013135,0.04199
2026-10-01,GALA,-568021.86,-0.004908,-0.6171,0.011305,0.101332,0.095749,0.100506,,-0.004104,-0.004855,0.04199
2026-10-01,GFI,11800.7,0.003451,0.1236,-0.052179,-0.015465,-0.000962,-0.025287,,0.069196,0.055696,0.04199
2026-10-01,GHST,-5035.24,-0.001533,-0.1649,-0.073979,-0.004531,0.014502,0.017122,,-0.007725,0.003527,0.04199
2026-10-01,GLWB,10468.35,0.006262,1.0,0.041666,0.022837,0.023408,0.023907,,-0.094669,-0.119289,0.04199
2026-10-01,GROVE,5003.27,0.000816,1.0,0.014648,-0.003706,0.010593,0.008415,,0.033811,0.036953,0.04199
2026-10-01,GRT,-487471.18,-0.001572,-0.5868,-0.019534,-0.023073,-0.010112,-0.003171,,-0.001203,-0.002878,0.04199
2026-10-01,GRVT,0.0,0.0,0.0,0.012015,-0.004278,0.029012,0.054615,,0.005747,-0.017338,0.04199
2026-10-01,GTC,-76909.15,-0.007324,-0.2685,0.286166,0.259014,-0.061672,-0.040811,,0.005049,0.003229,0.04199
2026-10-01,HFT,-5712.71,-0.001016,-0.0377,0.001961,0.032066,0.342088,0.29426,,0.017128,0.022611,0.04199
2026-10-01,HIGH,-12794.06,-0.004094,-0.0899,-0.059195,0.03126,0.063683,0.033294,,0.003454,0.007951,0.04199
2026-10-01,HOPR,11470.82,0.002463,1.0,-0.008959,-0.036844,-0.039639,-0.010444,,0.000522,-0.003387,0.04199
2026-10-01,IMU,1204.02,0.000578,0.0087,0.002783,0.006846,0.001385,-0.017156,,0.047793,0.037063,0.04199
2026-10-01,IMX,-575670.32,-0.001666,-0.5918,0.046185,0.003852,0.057531,0.085919,,-0.001646,-0.003937,0.04199
2026-10-01,INTWB,-49045.01,-0.022988,-0.2711,-0.000397,-0.01669,-0.038764,-0.049649,,0.447734,0.228006,0.04199
2026-10-01,IRENB,88782.95,0.063287,0.6811,-0.013803,0.033882,0.028773,0.027475,,0.04606,0.018427,0.04199
2026-10-01,JASMY,-1046888.63,-0.003774,-0.3215,0.123104,-0.064847,-0.039812,-0.017647,,0.001447,0.00276,0.04199
2026-10-01,KAIO,59012.29,0.004252,1.0,-0.16213,0.045909,-0.113147,-0.034464,,-0.029524,-0.027385,0.04199
2026-10-01,KORUB,-515965.92,-0.134418,-0.3931,0.063103,0.082001,0.071962,0.067606,,-0.396047,-0.207837,0.04199
2026-10-01,L3,22761.23,0.004744,0.1195,-0.000253,-0.012861,-0.025108,-0.041939,,0.018032,0.026042,0.04199
2026-10-01,LA,7992.93,0.000593,0.0194,0.024639,-0.055603,-0.048189,-0.052541,,0.006908,0.085922,0.04199
2026-10-01,LBTC,158184.5,0.000159,0.1029,0.007586,-0.003848,0.004972,0.005445,,-0.000701,-0.000881,0.04199
2026-10-01,LCX,-1264944.44,-0.028604,-0.2445,-0.003906,0.063515,0.136287,0.139441,,-0.049359,-0.063158,0.04199
2026-10-01,LDO,-3704809.34,-0.010068,-0.2864,-0.03325,-0.028534,0.04311,0.029164,,0.003144,-0.004726,0.04199
2026-10-01,LINK,-5350713.15,-0.000496,-0.2284,0.013409,-0.057063,-0.032102,-0.028844,,-0.000489,-0.000332,0.04199
2026-10-01,LIT,104655.56,0.000107,0.0097,0.022115,-0.086375,-0.088871,-0.080458,,0.005259,0.002931,0.04199
2026-10-01,LITEB,-491783.78,-0.084414,-0.1986,0.073047,0.038789,0.047054,0.048849,,-0.191754,-0.154437,0.04199
2026-10-01,LMWR,-7288.82,-0.001246,-1.0,0.018021,-0.061091,-0.046795,-0.046353,,0.00744,-0.001687,0.04199
2026-10-01,LPT,107674.73,0.001265,0.1732,-0.03187,-0.046732,0.028263,0.013358,,-0.000438,-0.005629,0.04199
2026-10-01,MASK,66244.84,0.001428,1.0,0.014803,0.019978,0.043796,0.040764,,-0.003963,-0.002192,0.04199
2026-10-01,MAVIA,2330.86,0.000294,0.113,0.00287,0.010028,0.055638,0.067605,,-0.0069,0.012447,0.04199
2026-10-01,MDT,149872.37,0.032552,0.6684,-0.045494,0.170633,0.104267,0.112813,,0.028046,0.031977,0.04199
2026-10-01,METH,-2182184.25,-0.003431,-1.0,0.011393,-0.009383,-0.008197,-0.002022,,0.000647,0.025779,0.04199
2026-10-01,MITO,0.0,0.0,0.0,0.031448,-0.009973,0.025552,0.023399,,-0.002602,-0.002341,0.04199
2026-10-01,MLN,20412.46,0.004044,0.3301,0.023486,-0.018094,-0.014613,0.004296,,-0.001209,-0.004314,0.04199
2026-10-01,MORPHO,-1648590.62,-0.001224,-0.3608,0.021871,0.002719,0.087091,0.086942,,-0.001027,-0.00063,0.04199
2026-10-01,MRVLB,-26237.36,-0.003496,-0.1103,0.015056,0.017562,0.016535,0.017787,,0.00506,-0.093006,0.04199
2026-10-01,MUUB,-98874.12,-0.052472,-0.3902,0.050622,-0.037257,-0.045735,-0.051299,,-0.101319,-0.227205,0.04199
2026-10-01,MVLLB,-8363.85,-0.009727,-0.2271,0.02658,0.03557,0.032979,0.034439,,-0.160354,-0.546972,0.04199
2026-10-01,NBISB,9371.0,0.001587,0.144,-0.016824,0.04492,0.04112,0.043836,,-0.022804,-0.150014,0.04199
2026-10-01,NOKB,66763.77,0.030778,0.5634,0.02305,0.021588,0.017243,0.016191,,0.082273,0.13567,0.04199
2026-10-01,NOM,-117397.32,-0.015321,-0.127,0.148899,-0.055191,-0.118401,-0.094708,,0.065216,0.114131,0.04199
2026-10-01,ONDO,-2669337.29,-0.001109,-0.1049,0.010887,-0.029439,-0.005106,0.00262,,0.001436,0.001294,0.04199
2026-10-01,ORCLB,-438327.62,-0.106845,-0.7437,0.005028,0.031612,0.028472,0.031296,,-0.162602,-0.088447,0.04199
2026-10-01,PAXG,-310639.32,-0.000171,-0.0499,0.005031,-0.00804,-0.00895,-0.008389,,0.001922,0.004366,0.04199
2026-10-01,PENDLE,-477113.47,-0.001148,-0.1376,0.024113,-0.023571,-0.005836,0.029766,,0.003122,0.003183,0.04199
2026-10-01,PEPE,-1599293.95,-0.000871,-0.0585,0.042046,-0.059712,-0.028879,-0.038875,,-0.00043,-0.000221,0.04199
2026-10-01,PLTRB,-6928.43,-0.003632,-0.106,0.016241,-0.009286,-0.006454,-0.005237,,-0.042938,-0.187203,0.04199
2026-10-01,PLUME,-574663.74,-0.004675,-0.1442,0.013765,-0.047972,-0.037479,-0.025845,,0.008169,0.00494,0.04199
2026-10-01,POL,-1738133.54,-0.001525,-0.1326,-0.038225,-0.015731,0.022608,0.019268,,-0.000389,0.000645,0.04199
2026-10-01,PRIME,-74357.03,-0.008567,-0.5835,0.014098,-0.035717,-0.041909,-0.039453,,0.007486,-0.00871,0.04199
2026-10-01,PROM,127564.67,0.001064,0.4874,0.012683,-0.044283,-0.049564,-0.034111,,0.001673,0.00711,0.04199
2026-10-01,PTB,-243561.07,-0.032246,-1.0,0.021623,-0.008703,0.018461,0.032486,,-0.030215,-0.01757,0.04199
2026-10-01,PUMP,88876.04,0.018639,0.724,-0.211072,0.005277,0.079557,0.012796,,0.008298,0.00498,0.04199
2026-10-01,QCOMB,-12047.16,-0.003963,-1.0,-0.010532,0.014476,0.018067,0.019622,,0.011323,0.025335,0.04199
2026-10-01,RE,-97008.62,-0.001191,-0.1579,0.071208,-0.02979,-0.019411,-0.009222,,-0.005104,-0.008681,0.04199
2026-10-01,RED,-98594.86,-0.001056,-0.1545,0.002049,-0.067754,0.035689,0.017824,,0.002477,-7.777708,0.04199
2026-10-01,RESOLV,-17973.77,-0.001911,-0.3342,0.056616,0.018906,0.005322,-0.003087,,0.001076,-0.001158,0.04199
2026-10-01,RKLBB,35488.19,0.014124,0.4342,0.00895,0.047279,0.050527,0.051575,,-0.125761,-0.272612,0.04199
2026-10-01,RLS,-134971.73,-0.042826,-0.2762,-0.062445,0.078923,0.056286,0.061938,,-0.044373,-0.025212,0.04199
2026-10-01,RPL,1260.93,2.9e-05,0.005,-0.009501,-0.018747,0.008929,0.010277,,0.001344,0.000482,0.04199
2026-10-01,SAND,20374.49,0.000157,0.0233,0.03384,0.390353,0.687337,0.721963,,0.006044,0.009191,0.04199
2026-10-01,SD,24272.65,0.002754,0.078,-0.016891,-0.015988,-0.027729,0.006577,,-0.002525,0.000714,0.04199
2026-10-01,SHIB,-4632079.27,-0.001357,-0.6423,0.012852,-0.036192,-0.006759,-0.016905,,-0.001566,-0.001826,0.04199
2026-10-01,SKY,119860.21,6.1e-05,0.0595,0.089849,0.060257,0.059448,0.112272,,0.000489,0.001275,0.04199
2026-10-01,SMCIB,-8809.23,-0.005089,-1.0,0.013959,0.040984,0.043204,0.040887,,-0.070069,-0.012571,0.04199
2026-10-01,SMHB,-7332.86,-0.005254,-0.1736,0.014086,0.019967,0.022344,0.021259,,0.034571,0.040919,0.04199
2026-10-01,SNDKB,-8623941.57,-0.283387,-0.8474,0.028027,-0.040663,-0.041821,-0.04148,,-0.362119,-0.964686,0.04199
2026-10-01,SNXXB,152401.88,0.041065,0.3692,0.056858,-0.081111,-0.085325,-0.084946,,0.079177,0.10059,0.04199
2026-10-01,SOPH,40950.93,0.00535,0.7254,0.04633,-0.029984,-0.021316,0.012375,,-0.003189,0.031678,0.04199
2026-10-01,SPX,-52158.06,-0.000128,-0.05,0.01847,-0.049736,0.023261,-0.008839,,-0.001631,-0.000533,0.04199
2026-10-01,STO,-940017.87,-0.098015,-0.9877,0.00762,-0.0436,-0.041145,-0.038664,,-0.085321,-0.083437,0.04199
2026-10-01,STRK,-1470807.92,-0.004758,-0.7566,-0.023733,-0.011247,0.232741,0.256492,,-0.0047,-0.001261,0.04199
2026-10-01,SWELL,-50160.54,-0.012001,-1.0,-0.027493,-0.006509,-0.014187,0.010362,,-0.004847,-0.04727,0.04199
2026-10-01,SYN,96572.58,0.002174,1.0,0.186302,-0.084332,-0.034038,-0.017171,,-0.004064,0.013716,0.04199
2026-10-01,SYRUP,-866190.8,-0.003051,-0.1684,0.062861,-0.020723,0.068599,0.072304,,0.00257,0.005087,0.04199
2026-10-01,TMX,444946.22,0.844662,0.2823,0.009654,-0.000959,-0.074454,-0.015173,,4.376403,4.476034,0.04199
2026-10-01,TQQQB,203180.23,0.076793,0.796,0.004904,0.026509,0.031771,0.032575,,0.15363,0.277094,0.04199
2026-10-01,TRAC,594110.09,0.00271,0.3327,0.056169,-0.018328,0.048928,0.021448,,0.002788,0.00476,0.04199
2026-10-01,TREE,-42674.23,-0.006051,-0.1707,0.007592,-0.000408,0.020428,0.03203,,0.026264,0.079815,0.04199
2026-10-01,TSMB,17949.86,0.004122,0.3568,0.003963,0.031601,0.029978,0.031552,,0.006036,-0.008055,0.04199
2026-10-01,UNI,860423.44,0.000151,0.016,0.029283,-0.042432,-0.009324,-0.006749,,0.00188,0.001326,0.04199
2026-10-01,USARB,30505.07,0.031798,1.0,-0.024976,-0.015698,-0.005747,-0.00575,,0.171085,0.103825,0.04199
2026-10-01,VIRTUAL,-688168.51,-0.001326,-0.8182,-0.002592,-0.049078,0.006509,0.002687,,-0.002389,-0.005197,0.04199
2026-10-01,WBETH,7238966.38,0.00072,1.0,0.010972,-0.011441,-0.004756,-0.001655,,0.001218,0.001109,0.04199
2026-10-01,WBTC,-4012403.73,-0.000407,-0.4231,0.012473,-0.005794,0.001705,0.002004,,-0.000615,-0.000863,0.04199
2026-10-01,WDCB,-13738.22,-0.006956,-0.3523,0.012466,-0.102115,-0.108414,-0.108277,,-0.057455,-0.188192,0.04199
2026-10-01,WETH,-3045081.29,-0.000335,-0.9237,0.009184,-0.010935,-0.004869,-0.00112,,-0.000333,-0.00032,0.04199
2026-10-01,WLD,-3086053.81,-0.001624,-0.4208,-0.05523,0.076509,0.177561,0.175083,,0.00029,-0.005355,0.04199
2026-10-01,WLFI,-3286440.85,-0.001852,-0.5858,0.011681,-0.015068,-0.020612,-0.020008,,0.002863,0.002751,0.04199
2026-10-01,WSTETH,-1750722.84,-0.000139,-0.1624,0.007528,-0.009748,-0.004862,-0.001971,,-0.000132,-0.000137,0.04199
2026-10-01,XAUt,-5238378.44,-0.001768,-0.2761,0.004354,-0.007846,-0.008607,-0.00815,,-0.00479,0.086463,0.04199
2026-10-01,XCN,194353.37,0.00105,1.0,0.007301,0.005725,0.02741,0.017291,,0.002644,0.002178,0.04199
2026-10-01,ZAMA,562184.04,0.002893,0.4278,-0.035752,-0.023648,0.163695,0.162981,,0.021304,0.020423,0.04199
2026-10-01,ZKC,53754.97,0.00239,1.0,-0.002932,-0.011993,0.003494,0.001988,,0.007714,0.022916,0.04199
2026-10-01,ZKJ,-2890.51,-0.000536,-0.0049,-0.000709,-0.032739,-0.035665,-0.034949,,-0.017605,-0.010518,0.04199
2026-10-01,ZRO,4409026.6,0.006042,0.3104,0.124545,-0.056446,0.103499,0.078809,,0.063825,0.0643,0.04199
2026-10-01,cbETH,107462.89,0.000209,0.016,0.009449,-0.010906,-0.004831,-0.00098,,0.001499,0.007389,0.04199
2026-10-01,stETH,-1337326.89,-5e-05,-0.2064,0.008206,-0.011605,-0.004889,-0.000841,,-0.000132,-0.000251,0.04199
2026-10-02,A8,-12542.75,-0.003588,-0.0497,0.018822,0.004213,-0.007327,,,-0.002648,-0.040625,0.046478
2026-10-02,AAOIB,35053.53,0.006406,0.0307,0.079352,0.001784,0.006102,,,-0.073293,-0.054477,0.046478
2026-10-02,AAVE,481205.49,0.000173,0.0151,0.067129,-0.002931,0.010294,,,-0.003725,-0.00932,0.046478
2026-10-02,AIOZ,550189.23,0.003978,0.1353,-0.035045,0.041408,0.032087,,,0.009077,-0.000174,0.046478
2026-10-02,ALLO,111624.19,0.002068,1.0,-0.019913,-0.008069,-0.00607,,,0.003795,-0.010349,0.046478
2026-10-02,ALT,2388509.58,0.393784,0.9754,0.040363,-0.028981,-0.004738,,,-0.139357,-0.13354,0.046478
2026-10-02,AMATB,-15451.04,-0.005608,-0.3222,0.015545,0.004571,0.003559,,,-0.088235,-0.159178,0.046478
2026-10-02,AMZNB,55842.0,0.014828,0.319,0.013248,0.001983,0.003507,,,0.094264,0.172282,0.046478
2026-10-02,APE,66596.6,0.00041,0.0396,0.095839,-0.001645,0.004989,,,-0.03651,-0.034091,0.046478
2026-10-02,API3,3194.01,0.000137,0.0199,-0.042109,0.097083,0.099021,,,0.006098,0.007678,0.046478
2026-10-02,ARKM,59049.04,0.002041,1.0,-0.024052,0.030277,0.025299,,,0.00924,0.006776,0.046478
2026-10-02,ARMB,-293624.62,-0.114422,-0.8116,0.050361,-0.000467,0.000211,,,-0.070547,-0.25924,0.046478
2026-10-02,ASMLB,-19216.56,-0.004832,-1.0,0.031837,-0.003107,-0.001853,,,-0.024912,-0.011661,0.046478
2026-10-02,ATH,616756.62,0.004689,0.589,0.116569,0.098581,0.096507,,,-0.005471,-0.007058,0.046478
2026-10-02,AVGOB,-263455.41,-0.016385,-0.0801,0.030955,0.00087,0.000531,,,-0.02347,-0.077134,0.046478
2026-10-02,AVGOon,10722.2,0.00222,0.4286,0.027339,0.002775,0.000687,,,-0.002518,-0.000972,0.046478
2026-10-02,AVT,-13931.24,-0.008289,-0.5513,-0.025267,-0.034501,-0.040837,,,-0.064757,-0.057553,0.046478
2026-10-02,AXS,412218.71,0.002004,1.0,0.021854,0.01974,0.114813,,,-0.002824,-0.00544,0.046478
2026-10-02,AXTIB,-30017.17,-0.006376,-0.0299,0.047745,-0.005172,-0.000802,,,-0.057716,-0.053743,0.046478
2026-10-02,BAL,5446.39,0.000591,1.0,0.001234,0.006784,0.011654,,,0.005225,0.00766,0.046478
2026-10-02,BARD,-57274.6,-0.001183,-1.0,-0.028729,0.018268,0.02378,,,-0.009243,-0.018031,0.046478
2026-10-02,BEAM,117820.28,0.067539,0.1166,-0.028896,-0.816254,0.007747,,,-2.479066,-2.377896,0.046478
2026-10-02,BEB,-27395.74,-0.009909,-1.0,0.047517,-0.010667,-0.011341,,,-0.093411,-0.142778,0.046478
2026-10-02,BILL,1024197.77,0.040213,0.8876,-0.08754,0.04825,0.050821,,,0.153849,0.216246,0.046478
2026-10-02,BLUR,-27036.55,-0.00046,-0.0888,-0.022671,0.067921,0.064533,,,0.000767,-0.015344,0.046478
2026-10-02,BMNRB,151411.22,0.014912,0.1768,-0.016819,0.008992,0.011765,,,0.178511,0.208296,0.046478
2026-10-02,BNT,-3365.38,-9.7e-05,-0.0019,-0.019053,0.012056,0.011557,,,0.006462,0.006328,0.046478
2026-10-02,BOBA,10613.3,0.001001,0.0885,0.026299,0.018001,-0.001531,,,0.013713,0.001951,0.046478
2026-10-02,CAP,14900033.71,0.125087,0.9889,-0.111794,-0.105162,-0.09924,,,0.152815,0.099585,0.046478
2026-10-02,CBBTC,-5265780.08,-0.000674,-0.1015,-0.00507,0.006878,0.006906,,,-0.001124,-0.001275,0.046478
2026-10-02,CBRSB,279785.83,0.094252,0.8281,-0.022109,0.073168,0.11906,,,0.593509,0.353573,0.046478
2026-10-02,CBXRP,140700.63,0.000705,0.4039,-0.017738,0.011708,0.01235,,,0.00132,-0.000477,0.046478
2026-10-02,CFG,509534.58,0.006191,0.8051,-0.02038,0.060885,0.07553,,,0.019557,0.012188,0.046478
2026-10-02,CHZ,50970.46,0.0003,0.1397,-0.003627,0.069936,0.060576,,,-0.00631,-0.006461,0.046478
2026-10-02,COHRB,-191861.67,-0.053448,-1.0,0.058027,-0.004668,-0.001892,,,-0.042128,-0.089636,0.046478
2026-10-02,COINB,-71162.02,-0.004354,-1.0,-0.034526,0.008687,0.008984,,,-0.036375,-0.095181,0.046478
2026-10-02,COINon,40571.12,0.004475,1.0,-0.035101,0.006623,0.008421,,,0.005737,0.00801,0.046478
2026-10-02,COMP,65838.61,0.000278,1.0,-0.003622,0.07134,0.053439,,,0.000104,0.002357,0.046478
2026-10-02,CRCLB,7062.19,5.2e-05,0.0009,-0.026587,0.015097,0.021187,,,0.046668,0.052004,0.046478
2026-10-02,CRCLon,-81838.27,-0.000843,-1.0,-0.029872,0.017303,0.023388,,,0.002959,0.00431,0.046478
2026-10-02,CRDOB,-101492.03,-0.091356,-0.3534,0.043301,-0.005286,-0.00478,,,-0.269827,-0.666258,0.046478
2026-10-02,CRO,156830.51,4.8e-05,0.4352,-0.033449,0.003025,0.013964,,,-0.000423,-0.000402,0.046478
2026-10-02,CRV,909000.58,0.001599,0.6739,-0.048961,0.061211,0.035682,,,-0.004026,-0.001982,0.046478
2026-10-02,CRWVB,-150680.39,-0.090304,-0.8166,0.012844,-0.004402,-0.004194,,,-0.115018,-0.210973,0.046478
2026-10-02,CTC,-1.67,-0.0,-0.0,-0.027327,0.016955,0.026875,,,-0.001207,-0.0011,0.046478
2026-10-02,CVC,0.0,0.0,0.0,-0.035237,-0.002535,-0.006803,,,-0.001725,-0.002931,0.046478
2026-10-02,CYBER,63288.17,0.002667,1.0,-0.038034,0.026654,0.037399,,,-0.004916,-0.016821,0.046478
2026-10-02,DELLB,-23544.53,-0.021723,-0.7018,0.04127,-0.003738,-0.002862,,,-0.040204,0.281233,0.046478
2026-10-02,DRV,296030.9,0.001011,1.0,0.029785,-0.027917,0.028043,,,0.00322,0.003133,0.046478
2026-10-02,EDGE,63145.87,0.000376,1.0,-0.040537,-0.025017,0.011908,,,-0.018914,-0.018159,0.046478
2026-10-02,EIGEN,268832.71,0.001162,0.5727,-0.042067,0.090138,0.106883,,,0.007026,0.020178,0.046478
2026-10-02,ELA,-13237.93,-0.001569,-0.0346,-0.025654,0.057301,0.072578,,,-0.002008,-0.005828,0.046478
2026-10-02,ENA,-14539.79,-6e-06,-0.0005,-0.044203,0.01151,0.010578,,,0.002237,0.003997,0.046478
2026-10-02,ENS,292472.21,0.001038,1.0,-0.032876,0.026371,0.022025,,,-0.001441,-0.001691,0.046478
2026-10-02,ERA,51070.64,0.005353,0.2013,-0.040923,0.01015,0.009389,,,0.004334,-0.008755,0.046478
2026-10-02,ETHFI,-85861.63,-0.000129,-0.059,-0.062356,0.042796,0.069891,,,-0.011728,-0.011919,0.046478
2026-10-02,EWYB,-290432.59,-0.036179,-0.8796,0.028277,-0.001324,-0.003011,,,-0.0413,-0.227003,0.046478
2026-10-02,FARM,-2820.57,-0.000541,-0.0205,-0.008712,0.00645,-0.007107,,,0.001767,-0.019188,0.046478
2026-10-02,FET,4182070.27,0.008261,0.4201,-0.055798,0.042231,0.018414,,,0.010739,0.00806,0.046478
2026-10-02,FF,-252130.49,-0.000643,-0.2487,-0.06363,-0.011818,-0.018114,,,-0.009897,-0.012818,0.046478
2026-10-02,FLOKI,-173068.47,-0.00068,-1.0,-0.033953,0.027095,0.016948,,,-0.004093,-0.004622,0.046478
2026-10-02,FORT,-66150.78,-0.006447,-0.1345,0.031823,0.004328,-0.002857,,,0.001234,-0.001824,0.046478
2026-10-02,FORTH,11593.33,0.00286,0.1344,-0.009291,-0.006946,-0.002357,,,0.00062,0.00998,0.046478
2026-10-02,GALA,-128908.62,-0.001011,-0.2774,0.101332,-0.005069,-0.00075,,,-0.003891,-0.007024,0.046478
2026-10-02,GHST,-6661.22,-0.002037,-1.0,-0.004531,0.01912,0.021752,,,-0.011207,0.006663,0.046478
2026-10-02,GRT,49863.82,0.000165,0.0932,-0.023073,0.013267,0.020372,,,-0.001039,-0.002491,0.046478
2026-10-02,GTC,-234053.12,-0.017702,-1.0,0.259014,-0.254712,-0.238143,,,-0.01114,-0.009861,0.046478
2026-10-02,HFT,130184.01,0.022209,0.3371,0.032066,0.300389,0.254048,,,0.035687,0.038647,0.046478
2026-10-02,HIGH,9247.45,0.002869,0.064,0.03126,0.03144,0.001972,,,-0.006264,0.013308,0.046478
2026-10-02,IMU,788.41,0.000376,0.0057,0.006846,-0.005425,-0.023839,,,0.047697,0.037291,0.046478
2026-10-02,IMX,412024.58,0.001188,0.5996,0.003852,0.053473,0.081752,,,-0.000156,-0.001941,0.046478
2026-10-02,INTWB,-169666.17,-0.084721,-0.6564,-0.01669,-0.022449,-0.033519,,,0.339238,0.271053,0.046478
2026-10-02,IRENB,-42952.87,-0.028483,-0.236,0.033882,-0.004941,-0.006196,,,0.003462,0.020048,0.046478
2026-10-02,JASMY,-316933.0,-0.001222,-0.21,-0.064847,0.026771,0.050472,,,-0.000949,0.000887,0.046478
2026-10-02,KAIO,59030.7,0.004067,1.0,0.045909,-0.152074,-0.076845,,,-0.00638,-0.023293,0.046478
2026-10-02,KORUB,-2081035.46,-0.53382,-0.6218,0.082001,-0.009278,-0.013304,,,-0.248683,-0.716003,0.046478
2026-10-02,L3,7272.93,0.001536,0.0383,-0.012861,-0.012407,-0.029457,,,0.017578,0.023808,0.046478
2026-10-02,LA,101102.95,0.007938,0.3324,-0.055603,0.00785,0.003242,,,0.018441,0.063904,0.046478
2026-10-02,LBTC,-169873.75,-0.000171,-0.5558,-0.003848,0.008854,0.009329,,,-0.000693,-0.001049,0.046478
2026-10-02,LCX,-116736.37,-0.002482,-0.0585,0.063515,0.068426,0.071392,,,-0.026169,-0.066251,0.046478
2026-10-02,LDO,315415.02,0.000882,0.2556,-0.028534,0.073748,0.059393,,,0.003856,-0.002751,0.046478
2026-10-02,LINK,2176710.93,0.000214,0.0437,-0.057063,0.026471,0.029927,,,-0.000211,-0.000349,0.046478
2026-10-02,LIT,4176909.47,0.004679,0.525,-0.086375,-0.002732,0.006477,,,0.009442,0.008812,0.046478
2026-10-02,LITEB,-267586.26,-0.057434,-0.6499,0.038789,0.007957,0.009685,,,-0.281116,0.035891,0.046478
2026-10-02,LMWR,34787.37,0.006325,0.7739,-0.061091,0.015225,0.015696,,,0.013765,0.005799,0.046478
2026-10-02,LPT,104153.13,0.001284,1.0,-0.046732,0.078672,0.063036,,,0.0003,-0.003321,0.046478
2026-10-02,LRDS,11454.15,0.016251,1.0,0.010436,0.00603,0.029661,,,0.03701,0.048274,0.046478
2026-10-02,MASK,-67675.58,-0.001431,-0.3334,0.019978,0.023351,0.020378,,,-0.001756,-0.000727,0.046478
2026-10-02,MAVIA,-13773.94,-0.001721,-0.4025,0.010028,0.045158,0.057006,,,-0.009919,0.006558,0.046478
2026-10-02,MDT,-13932.13,-0.002585,-0.0944,0.170633,-0.056693,-0.049392,,,0.024425,0.024163,0.046478
2026-10-02,METH,0.0,0.0,0.0,-0.009383,0.001198,0.007431,,,-9e-05,0.025505,0.046478
2026-10-02,MITO,5188.8,0.001856,0.2452,-0.009973,0.035883,0.033708,,,-0.000746,0.003264,0.046478
2026-10-02,MLN,-20412.46,-0.004118,-0.1989,-0.018094,0.003545,0.022803,,,-0.005258,-0.008833,0.046478
2026-10-02,MNT,-109244.98,-5.1e-05,-0.5208,-0.045888,-0.019262,-0.017275,,,0.000227,0.000151,0.046478
2026-10-02,MORPHO,532833.16,0.000395,0.3376,0.002719,0.084143,0.083994,,,-0.000589,-0.000619,0.046478
2026-10-02,MRVLB,711675.79,0.082658,0.5195,0.017562,-0.001009,0.000221,,,0.087718,0.023262,0.046478
2026-10-02,MUUB,72340.55,0.041034,0.3085,-0.037257,-0.008806,-0.014585,,,-0.021697,-0.186171,0.046478
2026-10-02,MVLLB,-25319.64,-0.028508,-0.3839,0.03557,-0.002502,-0.001092,,,-0.151191,-0.514183,0.046478
2026-10-02,NBISB,-79575.74,-0.012773,-0.4037,0.04492,-0.003637,-0.001038,,,-0.034085,-0.138342,0.046478
2026-10-02,NEXO,-220961.65,-0.000404,-1.0,0.002373,-0.004704,0.004804,,,-0.000593,-0.000988,0.046478
2026-10-02,NOKB,-94053.2,-0.042904,-1.0,0.021588,-0.004253,-0.005283,,,0.025864,0.103207,0.046478
2026-10-02,NOM,-34200.11,-0.004724,-0.1611,-0.055191,-0.066902,-0.041826,,,0.024017,0.079468,0.046478
2026-10-02,ONDO,-616699.72,-0.000264,-0.0574,-0.029439,0.025071,0.033032,,,0.001135,0.001507,0.046478
2026-10-02,ORCLB,-82378.57,-0.021681,-0.4739,0.031612,-0.003044,-0.000306,,,-0.188362,-0.046333,0.046478
2026-10-02,PAXG,486965.76,0.00027,0.0523,-0.00804,-0.000918,-0.000352,,,0.002022,0.004483,0.046478
2026-10-02,PENDLE,-410666.18,-0.001012,-0.5401,-0.023571,0.018163,0.054624,,,0.002278,0.001382,0.046478
2026-10-02,PEPE,-421019.7,-0.000244,-0.024,-0.059712,0.032791,0.02216,,,-0.000979,-0.000701,0.046478
2026-10-02,PLTRB,59177.1,0.031824,0.7656,-0.009286,0.002859,0.004087,,,-0.008352,-0.15987,0.046478
2026-10-02,PLUME,662638.33,0.005662,0.4183,-0.047972,0.011022,0.023242,,,0.013735,0.010276,0.046478
2026-10-02,POL,1984700.13,0.001769,0.2946,-0.015731,0.038951,0.035557,,,0.001345,0.00287,0.046478
2026-10-02,PRIME,23364.39,0.002792,0.1454,-0.035717,-0.006421,-0.003874,,,0.013747,-0.005855,0.046478
2026-10-02,PROM,0.02,0.0,0.0,-0.044283,-0.005526,0.010643,,,0.001083,0.005236,0.046478
2026-10-02,PTB,8143.39,0.001088,0.0408,-0.008703,0.027402,0.041551,,,-0.02837,-0.018478,0.046478
2026-10-02,PUMP,57061.33,0.011584,0.6989,0.005277,0.07389,0.007479,,,0.019882,0.018845,0.046478
2026-10-02,QCOMB,-6155.68,-0.00198,-0.0946,0.014476,0.00354,0.005073,,,0.016329,0.045893,0.046478
2026-10-02,QNTB,-101890.92,-0.125699,-0.7712,-0.017684,0.009932,0.012634,,,0.038852,0.081373,0.046478
2026-10-02,RE,-283718.18,-0.00359,-0.2217,-0.02979,0.010698,0.0212,,,-0.008694,-0.012057,0.046478
2026-10-02,RED,89498.64,0.001026,0.4053,-0.067754,0.110961,0.091797,,,0.003504,-7.777428,0.046478
2026-10-02,RESOLV,37385.61,0.0039,0.316,0.018906,-0.013332,-0.021585,,,0.004564,0.002742,0.046478
2026-10-02,RKLBB,-37708.05,-0.01422,-0.0423,0.047279,0.003102,0.004102,,,-0.1201,-0.286832,0.046478
2026-10-02,RLS,87145.75,0.025628,0.339,0.078923,-0.02098,-0.015742,,,-0.005946,-0.00492,0.046478
2026-10-02,RPL,-800.34,-1.9e-05,-0.0031,-0.018747,0.028205,0.029579,,,0.001448,0.000683,0.046478
2026-10-02,SAND,2823238.69,0.015604,0.6152,0.390353,0.213603,0.238508,,,0.01641,0.025629,0.046478
2026-10-02,SD,-35347.26,-0.004076,-0.1081,-0.015988,-0.011932,0.022931,,,-0.011988,-0.003794,0.046478
2026-10-02,SHIB,950710.11,0.000289,0.2251,-0.036192,0.030538,0.020011,,,-0.001314,-0.001328,0.046478
2026-10-02,SKY,1351359.69,0.000653,0.338,0.060257,-0.000763,0.049059,,,0.001173,0.001445,0.046478
2026-10-02,SMCIB,36771.84,0.020404,0.3696,0.040984,0.002132,-9.3e-05,,,-0.04966,-0.021938,0.046478
2026-10-02,SMHB,1259.51,0.000892,0.103,0.019967,0.002331,0.001267,,,0.040337,0.086717,0.046478
2026-10-02,SNDKB,7719316.31,0.275188,0.6441,-0.040663,-0.001207,-0.000852,,,-0.127197,-0.056766,0.046478
2026-10-02,SNXXB,86994.02,0.023873,0.1182,-0.081111,-0.004586,-0.004174,,,0.103098,0.098156,0.046478
2026-10-02,SOPH,66786.29,0.008994,0.7814,-0.029984,0.008937,0.043669,,,0.021273,0.038484,0.046478
2026-10-02,SPK,187227.58,0.00241,0.2868,0.055005,-0.015899,-0.020141,,,-0.002976,-0.011382,0.046478
2026-10-02,SPX,146335.15,0.000377,0.2469,-0.049736,0.076818,0.043037,,,-6.6e-05,0.000271,0.046478
2026-10-02,STO,699.26,7.6e-05,0.0318,-0.0436,0.002567,0.005162,,,-0.097271,-0.081901,0.046478
2026-10-02,STRK,-726405.3,-0.002377,-0.2332,-0.011247,0.246763,0.270784,,,-0.006852,-0.005702,0.046478
2026-10-02,SWELL,-5827.3,-0.001403,-0.1254,-0.006509,-0.007729,0.016982,,,-0.007437,-0.039204,0.046478
2026-10-02,SYN,-706617.67,-0.0174,-0.7432,-0.084332,0.054926,0.073347,,,-0.018838,-0.006133,0.046478
2026-10-02,SYRUP,15062.38,5.4e-05,0.1208,-0.020723,0.091212,0.094995,,,0.00179,0.005333,0.046478
2026-10-02,TMX,302932.17,0.575622,0.1952,-0.000959,-0.073566,-0.014227,,,5.082221,5.114668,0.046478
2026-10-02,TQQQB,22766.0,0.007965,0.0691,0.026509,0.005127,0.00591,,,0.166576,0.193488,0.046478
2026-10-02,TRAC,131708.48,0.000612,0.3851,-0.018328,0.068511,0.040519,,,0.003557,0.004408,0.046478
2026-10-02,TREE,-99445.81,-0.014106,-0.2285,-0.000408,0.020844,0.032451,,,0.001541,0.03276,0.046478
2026-10-02,TSMB,6959.14,0.001537,0.1387,0.031601,-0.001573,-4.7e-05,,,0.007573,-0.009582,0.046478
2026-10-02,UNI,1142324.61,0.00021,0.0451,-0.042432,0.034576,0.037265,,,0.002064,0.000797,0.046478
2026-10-02,USARB,-11603.42,-0.012033,-0.2451,-0.015698,0.01011,0.010106,,,0.13519,0.096592,0.046478
2026-10-02,VIRTUAL,-63178.98,-0.000128,-1.0,-0.049078,0.058456,0.054436,,,-0.002418,-0.005562,0.046478
2026-10-02,WBETH,60701.65,6e-06,0.1862,-0.011441,0.006763,0.0099,,,0.001211,0.001123,0.046478
2026-10-02,WBTC,-5465058.54,-0.000558,-0.5074,-0.005794,0.007543,0.007844,,,-0.001112,-0.001505,0.046478
2026-10-02,WDCB,1098095.09,0.267233,0.2945,-0.102115,-0.007016,-0.006863,,,0.228029,0.097186,0.046478
2026-10-02,WETH,-653130.68,-7.3e-05,-0.5756,-0.010935,0.006134,0.009923,,,-0.000406,-0.000387,0.046478
2026-10-02,WLD,-1574336.69,-0.000769,-0.1333,0.076509,0.09387,0.091568,,,-0.000329,-0.003171,0.046478
2026-10-02,WLFI,388230.35,0.000222,0.2158,-0.015068,-0.005629,-0.005015,,,0.003097,0.002787,0.046478
2026-10-02,WSTETH,-271543.88,-2.2e-05,-0.2898,-0.009748,0.004934,0.007853,,,-0.000144,-0.000158,0.046478
2026-10-02,XAUt,20661601.0,0.00703,0.3279,-0.007846,-0.000767,-0.000306,,,0.000641,0.097327,0.046478
2026-10-02,XCN,-171239.18,-0.000918,-0.0225,0.005725,0.021561,0.0115,,,0.001628,0.000962,0.046478
2026-10-02,ZAMA,-283536.49,-0.001494,-0.3066,-0.023648,0.19188,0.191149,,,0.018883,0.01895,0.046478
2026-10-02,ZKJ,156120.88,0.029929,0.3451,-0.032739,-0.003024,-0.002284,,,0.009013,0.01644,0.046478
2026-10-02,ZRO,5969408.68,0.008492,0.0974,-0.056446,0.169514,0.143346,,,0.073618,0.071434,0.046478
2026-10-02,cbETH,5016482.41,0.009844,0.5913,-0.010906,0.006143,0.010036,,,0.011719,0.017106,0.046478
2026-10-02,stETH,-1724207.47,-6.6e-05,-0.2269,-0.011605,0.006795,0.010891,,,-0.000214,-0.000312,0.046478
2026-10-03,A8,726.87,0.000207,0.0601,0.004213,-0.011491,,,,-6.3e-05,-0.012818,0.14875
2026-10-03,AAOIB,-5540.34,-0.001122,-1.0,0.001784,0.00431,,,,-0.111981,-0.01862,0.14875
2026-10-03,AAVE,1406010.4,0.000507,0.369,-0.002931,0.013264,,,,-0.002194,-0.006417,0.14875
2026-10-03,AIOZ,307.02,2e-06,0.0002,0.041408,-0.00895,,,,-0.003016,0.00106,0.14875
2026-10-03,ALT,-25342.0,-0.004303,-1.0,-0.028981,0.024966,,,,-0.144599,-0.133032,0.14875
2026-10-03,APE,-9009.69,-5.6e-05,-0.0251,-0.001645,0.006645,,,,-0.030396,-0.03306,0.14875
2026-10-03,API3,-57061.95,-0.002235,-1.0,0.097083,0.001766,,,,-0.004662,0.006808,0.14875
2026-10-03,ASMLB,-2980388.39,-0.755392,-1.0,-0.003107,0.001258,,,,-0.775569,-0.758237,0.14875
2026-10-03,ATH,271650.84,0.00188,0.1345,0.098581,-0.001888,,,,-0.003562,-0.005817,0.14875
2026-10-03,AVT,-6716.71,-0.004139,-1.0,-0.034501,-0.006563,,,,-0.079108,-0.069642,0.14875
2026-10-03,AXS,552499.82,0.002634,0.7095,0.01974,0.093233,,,,0.001032,-0.001644,0.14875
2026-10-03,AXTIB,42763.53,0.010117,1.0,-0.005172,0.004393,,,,-0.037348,-0.132963,0.14875
2026-10-03,BEAM,-189182.38,-0.001734,-0.1984,-0.816254,4.484465,,,,-2.417306,-2.374063,0.14875
2026-10-03,BLUR,109965.13,0.001752,0.4663,0.067921,-0.003173,,,,0.003893,-0.012242,0.14875
2026-10-03,BMNRB,277112.29,0.027229,1.0,0.008992,0.002748,,,,0.204706,0.212854,0.14875
2026-10-03,BNT,-3689.7,-0.000105,-0.004,0.012056,-0.000493,,,,0.00612,0.006238,0.14875
2026-10-03,BOBA,-56616.84,-0.005246,-1.0,0.018001,-0.019186,,,,0.007037,-0.003463,0.14875
2026-10-03,CAP,983704.53,0.009229,1.0,-0.105162,0.006618,,,,0.162774,0.142393,0.14875
2026-10-03,CBBTC,-2274312.85,-0.000289,-0.2211,0.006878,2.9e-05,,,,-0.001513,-0.001554,0.14875
2026-10-03,CBRSB,166255.44,0.047008,0.8387,0.073168,0.042763,,,,0.682521,0.482289,0.14875
2026-10-03,CFG,86799.15,0.000994,1.0,0.060885,0.013804,,,,0.016464,0.012785,0.14875
2026-10-03,CHZ,-99236.1,-0.000547,-1.0,0.069936,-0.008748,,,,-0.005912,-0.007353,0.14875
2026-10-03,COMP,193125.68,0.00076,1.0,0.07134,-0.016709,,,,0.001419,0.00344,0.14875
2026-10-03,CRCLB,1044858.85,0.007581,0.7741,0.015097,0.005999,,,,0.053737,0.058958,0.14875
2026-10-03,CRCLon,-123992.17,-0.001257,-0.2941,0.017303,0.005981,,,,0.002546,0.001525,0.14875
2026-10-03,CRO,-103418.82,-3.2e-05,-1.0,0.003025,0.010906,,,,-0.000361,-0.000383,0.14875
2026-10-03,CRV,635972.87,0.001054,0.6042,0.061211,-0.024057,,,,-0.003115,-0.000752,0.14875
2026-10-03,CVC,62478.17,0.002098,1.0,-0.002535,-0.004278,,,,0.002409,-0.002982,0.14875
2026-10-03,DOS,65373.52,0.001526,0.3333,0.009404,0.000868,,,,0.008064,-0.00151,0.14875
2026-10-03,DRV,-55297.68,-0.000194,-1.0,-0.027917,0.057566,,,,0.002784,0.003264,0.14875
2026-10-03,EIGEN,-294566.19,-0.001168,-0.3696,0.090138,0.01536,,,,0.004275,0.018066,0.14875
2026-10-03,ELA,-1579.01,-0.000177,-0.013,0.057301,0.014449,,,,0.004013,-0.003751,0.14875
2026-10-03,ENA,554450.13,0.000231,0.1071,0.01151,-0.000921,,,,0.001866,0.003977,0.14875
2026-10-03,ENS,-101519.77,-0.000351,-1.0,0.026371,-0.004235,,,,-0.002541,-0.001988,0.14875
2026-10-03,ERA,-5628.51,-0.000584,-0.2686,0.01015,-0.000753,,,,-0.001421,-0.0099,0.14875
2026-10-03,ETHFI,134714.95,0.000195,0.3513,0.042796,0.025984,,,,-0.011808,-0.011737,0.14875
2026-10-03,FARM,14618.16,0.002784,0.3436,0.00645,-0.01347,,,,0.004796,-0.017758,0.14875
2026-10-03,FET,-859188.52,-0.001621,-0.5055,0.042231,-0.022852,,,,0.005219,0.009207,0.14875
2026-10-03,FLOKI,108310.43,0.000414,0.2745,0.027095,-0.009879,,,,-0.003302,-0.004677,0.14875
2026-10-03,FORT,70047.91,0.006797,0.1993,0.004328,-0.007154,,,,0.008058,0.005215,0.14875
2026-10-03,FORTH,576.17,0.000143,0.0413,-0.006946,0.004621,,,,0.003336,0.011389,0.14875
2026-10-03,GROVE,0.0,0.0,0.0,0.014352,-0.002155,,,,0.033811,0.036068,0.14875
2026-10-03,GRT,59150.28,0.000193,1.0,0.013267,0.007012,,,,0.000466,-0.001445,0.14875
2026-10-03,GTC,64393.65,0.006535,0.1562,-0.254712,0.022231,,,,-0.004462,-0.005377,0.14875
2026-10-03,HFT,-65657.71,-0.008613,-0.0521,0.300389,-0.035637,,,,0.01786,0.026319,0.14875
2026-10-03,HIGH,6532.3,0.001965,0.0714,0.03144,-0.02857,,,,-0.000431,0.018299,0.14875
2026-10-03,IMU,89.25,4.3e-05,0.0019,-0.005425,-0.018515,,,,-0.002733,0.053661,0.14875
2026-10-03,IMX,254086.58,0.000695,0.1476,0.053473,0.026843,,,,0.000236,-0.000421,0.14875
2026-10-03,IRENB,-9895.08,-0.006997,-1.0,-0.004941,-0.001261,,,,0.012432,0.016473,0.14875
2026-10-03,JASMY,-65476.8,-0.000246,-0.1562,0.026771,0.023084,,,,-0.002221,0.000239,0.14875
2026-10-03,KAIO,50479.07,0.004101,1.0,-0.152074,0.088722,,,,-0.001532,-0.018222,0.14875
2026-10-03,KORUB,-6319.72,-0.005343,-0.3531,-0.009278,-0.004064,,,,-0.304715,-0.727567,0.14875
2026-10-03,L3,3268.15,0.000699,0.0324,-0.012407,-0.017264,,,,0.018,0.030466,0.14875
2026-10-03,LA,-1129.89,-8.8e-05,-0.0109,0.00785,-0.004573,,,,0.016414,0.056191,0.14875
2026-10-03,LCX,229566.21,0.004569,0.1002,0.068426,0.002776,,,,-0.021519,-0.081225,0.14875
2026-10-03,LDO,-137856.56,-0.000359,-1.0,0.073748,-0.01337,,,,-0.000371,0.003956,0.14875
2026-10-03,LINK,-4046609.2,-0.000387,-0.3801,0.026471,0.003367,,,,-0.000459,-0.000618,0.14875
2026-10-03,LIT,1167906.11,0.001312,0.1527,-0.002732,0.009234,,,,0.010521,0.010423,0.14875
2026-10-03,LMWR,1739.46,0.000312,0.1106,0.015225,0.000464,,,,0.012916,-0.003446,0.14875
2026-10-03,LPT,70041.72,0.0008,1.0,0.078672,-0.014496,,,,0.00231,-0.001302,0.14875
2026-10-03,MASK,67671.36,0.001398,1.0,0.023351,-0.002905,,,,0.000683,-0.000587,0.14875
2026-10-03,MAVIA,11855.08,0.001417,1.0,0.045158,0.011337,,,,-0.006147,0.005134,0.14875
2026-10-03,MDT,6694.47,0.001317,0.0333,-0.056693,0.007739,,,,0.027055,0.024378,0.14875
2026-10-03,MLN,20654.94,0.004153,1.0,0.003545,0.01919,,,,0.001905,-0.004841,0.14875
2026-10-03,MNT,-150334.27,-7.1e-05,-0.5157,-0.019262,0.002026,,,,0.000237,2.9e-05,0.14875
2026-10-03,MORPHO,-274908.66,-0.000188,-0.3404,0.084143,-0.000137,,,,-0.00114,-0.000998,0.14875
2026-10-03,NOM,14975.04,0.002217,0.3324,-0.066902,0.026874,,,,0.013864,0.078073,0.14875
2026-10-03,ONDO,-1594380.28,-0.000666,-0.2745,0.025071,0.007766,,,,0.000223,-2e-05,0.14875
2026-10-03,ORCLB,-14746.01,-0.00401,-1.0,-0.003044,0.002746,,,,-0.197754,-0.01125,0.14875
2026-10-03,PAXG,2774731.14,0.001538,0.4034,-0.000918,0.000566,,,,0.003443,0.005359,0.14875
2026-10-03,PEPE,-2637961.76,-0.001479,-0.4024,0.032791,-0.010293,,,,-0.001685,-0.002416,0.14875
2026-10-03,PLUME,-112592.15,-0.000952,-0.3017,0.011022,0.012087,,,,0.003513,0.010746,0.14875
2026-10-03,POL,-361756.34,-0.00031,-0.4424,0.038951,-0.003266,,,,0.000867,0.001872,0.14875
2026-10-03,PRIME,4924.25,0.000592,0.0997,-0.006421,0.002563,,,,-0.006493,-0.004893,0.14875
2026-10-03,PROM,53059.27,0.000466,1.0,-0.005526,0.01626,,,,0.00164,0.005046,0.14875
2026-10-03,PUMP,29485.13,0.005574,0.7352,0.07389,-0.061841,,,,0.035797,0.023594,0.14875
2026-10-03,RE,322306.43,0.004035,0.1146,0.010698,0.010391,,,,-0.004659,-0.008713,0.14875
2026-10-03,RED,-23947.45,-0.000247,-0.0682,0.110961,-0.017249,,,,0.00235,-7.777519,0.14875
2026-10-03,RESOLV,208087.69,0.021977,0.0445,-0.013332,-0.008365,,,,0.025779,0.019368,0.14875
2026-10-03,RLS,-31485.8,-0.009458,-0.1928,-0.02098,0.005351,,,,-0.028662,-0.019222,0.14875
2026-10-03,RPL,760.3,1.7e-05,0.0059,0.028205,0.001336,,,,-0.000447,0.000607,0.14875
2026-10-03,SAND,239772.03,0.001092,0.065,0.213603,0.020521,,,,0.017085,0.028208,0.14875
2026-10-03,SD,1046.26,0.000122,0.0067,-0.011932,0.035284,,,,0.000572,0.000343,0.14875
2026-10-03,SHIB,158209.43,4.7e-05,1.0,0.030538,-0.010215,,,,-0.001121,-0.001314,0.14875
2026-10-03,SKY,-104098.41,-5e-05,-0.0556,-0.000763,0.04986,,,,0.000952,0.001375,0.14875
2026-10-03,SMHB,34758.23,0.024056,1.0,0.002331,-0.001062,,,,0.027179,0.121478,0.14875
2026-10-03,SOPH,6641.62,0.000887,1.0,0.008937,0.034425,,,,0.019883,0.012098,0.14875
2026-10-03,SPK,117577.04,0.001538,1.0,-0.015899,-0.004311,,,,-0.001305,-0.008346,0.14875
2026-10-03,SPX,159290.53,0.000381,0.6137,0.076818,-0.03137,,,,0.000766,0.000769,0.14875
2026-10-03,STO,64450.73,0.007009,1.0,0.002567,0.002588,,,,-0.092038,-0.075887,0.14875
2026-10-03,STRK,62311.02,0.000164,0.0897,0.246763,0.019267,,,,-0.007068,-0.005943,0.14875
2026-10-03,SWELL,6364.42,0.001545,0.1039,-0.007729,0.024903,,,,-0.004598,-0.032005,0.14875
2026-10-03,SYN,0.0,0.0,0.0,0.054926,0.017461,,,,-0.018491,-0.007778,0.14875
2026-10-03,SYRUP,15142.24,5e-05,0.0289,0.091212,0.003467,,,,0.00111,0.00571,0.14875
2026-10-03,TMX,-139452.63,-0.286025,-0.3569,-0.073566,0.06405,,,,4.695017,5.297116,0.14875
2026-10-03,TQQQB,-31936.1,-0.011544,-1.0,0.005127,0.000779,,,,0.104288,0.164537,0.14875
2026-10-03,TRAC,47871.12,0.000208,0.0894,0.068511,-0.026197,,,,0.00518,0.004639,0.14875
2026-10-03,TREE,29614.71,0.004115,0.0808,0.020844,0.01137,,,,0.013901,0.013648,0.14875
2026-10-03,UNI,184042.95,3.3e-05,0.0219,0.034576,0.002599,,,,0.001305,0.00078,0.14875
2026-10-03,VIRTUAL,168671.66,0.000323,0.1614,0.058456,-0.003798,,,,-0.000871,-0.002055,0.14875
2026-10-03,WBETH,77035.73,8e-06,1.0,0.006763,0.003115,,,,0.000664,0.001106,0.14875
2026-10-03,WBTC,-4249863.89,-0.00043,-0.7877,0.007543,0.000299,,,,-0.001521,-0.001783,0.14875
2026-10-03,WDCB,590796.52,0.16909,0.8981,-0.007016,0.000153,,,,0.410371,0.299547,0.14875
2026-10-03,WETH,-627726.52,-6.9e-05,-0.4953,0.006134,0.003767,,,,-0.000475,-0.00045,0.14875
2026-10-03,WLD,-919848.68,-0.000411,-0.1416,0.09387,-0.002104,,,,-0.001367,0.008755,0.14875
2026-10-03,WLFI,2401856.73,0.001382,0.7024,-0.005629,0.000617,,,,0.004486,0.00409,0.14875
2026-10-03,XAUt,-15896493.31,-0.005413,-0.6837,-0.000767,0.000461,,,,-0.011533,0.092153,0.14875
2026-10-03,XCN,-99852.77,-0.000524,-1.0,0.021561,-0.009849,,,,0.002023,0.001007,0.14875
2026-10-03,ZAMA,245530.1,0.001085,1.0,0.19188,-0.000613,,,,0.012872,0.020953,0.14875
2026-10-03,ZKJ,-153880.09,-0.029589,-1.0,-0.003024,0.000742,,,,-0.040012,-0.038823,0.14875
2026-10-03,ZRO,6244418.05,0.007579,0.5962,0.169514,-0.022375,,,,0.081141,0.079305,0.14875
2026-10-03,cbETH,-334258.86,-0.00066,-1.0,0.006143,0.00387,,,,0.010958,0.01635,0.14875
2026-10-03,stETH,139171.03,5e-06,0.3814,0.006795,0.004068,,,,-0.000217,-0.000308,0.14875
